

Microchip MPLAB XC8 Assembler V3.10 build 20250813170317 
                                                                                               Sun Jul 12 16:37:36 2026

Microchip MPLAB XC8 C Compiler v3.10 (Free license) build 20250813170317 Og1 
     1                           	processor	18F4580
     2                           	fnconf	rparam,??,?,0
     3                           	pagewidth 120
     4                           	opt	flic
     5                           	psect	idataCOMRAM,global,class=CODE,space=0,delta=1,noexec
     6                           	psect	mediumconst,global,reloc=2,class=MEDIUMCONST,space=0,delta=1,noexec
     7                           	psect	cinit,global,reloc=2,class=CODE,space=0,delta=1
     8                           	psect	bssCOMRAM,global,class=COMRAM,space=1,delta=1,lowdata,noexec
     9                           	psect	dataCOMRAM,global,class=COMRAM,space=1,delta=1,lowdata,noexec
    10                           	psect	cstackCOMRAM,global,class=COMRAM,space=1,delta=1,lowdata,noexec
    11                           	psect	text0,global,reloc=2,class=CODE,space=0,delta=1
    12                           	psect	text1,global,reloc=2,class=CODE,space=0,delta=1
    13                           	psect	text2,global,reloc=2,class=CODE,space=0,delta=1
    14                           	psect	text3,global,reloc=2,class=CODE,space=0,delta=1
    15                           	psect	text4,global,reloc=2,class=CODE,space=0,delta=1
    16                           	psect	text5,global,reloc=2,class=CODE,space=0,delta=1
    17                           	psect	text6,global,reloc=2,class=CODE,space=0,delta=1
    18                           	psect	text7,global,reloc=2,class=CODE,space=0,delta=1
    19                           	psect	text8,global,reloc=2,class=CODE,space=0,delta=1
    20                           	psect	text9,global,reloc=2,class=CODE,space=0,delta=1
    21                           	psect	text10,global,reloc=2,class=CODE,space=0,delta=1
    22                           	psect	text11,global,reloc=2,class=CODE,space=0,delta=1
    23                           	psect	text12,global,reloc=2,class=CODE,space=0,delta=1
    24                           	psect	text13,global,reloc=2,class=CODE,space=0,delta=1
    25                           	psect	text14,global,reloc=2,class=CODE,space=0,delta=1
    26                           	psect	text15,global,reloc=2,class=CODE,space=0,delta=1
    27                           	psect	intsave_regs,global,class=BIGRAM,space=1,delta=1,noexec
    28                           	psect	rparam,global,class=COMRAM,space=1,delta=1,noexec
    29                           	psect	idloc,global,abs,ovrld,class=IDLOC,space=5,delta=1,noexec
    30                           	psect	config,global,abs,ovrld,class=CONFIG,space=4,delta=1,noexec
    31   000000                     
    32                           ; Version 2.20
    33                           ; Generated 12/02/2020 GMT
    34                           ; 
    35                           ; Copyright © 2020, Microchip Technology Inc. and its subsidiaries ("Microchip")
    36                           ; All rights reserved.
    37                           ; 
    38                           ; This software is developed by Microchip Technology Inc. and its subsidiaries ("Microch
      +                          ip").
    39                           ; 
    40                           ; Redistribution and use in source and binary forms, with or without modification, are
    41                           ; permitted provided that the following conditions are met:
    42                           ; 
    43                           ;     1. Redistributions of source code must retain the above copyright notice, this lis
      +                          t of
    44                           ;        conditions and the following disclaimer.
    45                           ; 
    46                           ;     2. Redistributions in binary form must reproduce the above copyright notice, this 
      +                          list
    47                           ;        of conditions and the following disclaimer in the documentation and/or other
    48                           ;        materials provided with the distribution.
    49                           ; 
    50                           ;     3. Microchip's name may not be used to endorse or promote products derived from th
      +                          is
    51                           ;        software without specific prior written permission.
    52                           ; 
    53                           ; THIS SOFTWARE IS PROVIDED BY MICROCHIP "AS IS" AND ANY EXPRESS OR IMPLIED WARRANTIES,
    54                           ; INCLUDING, BUT NOT LIMITED TO, THE IMPLIED WARRANTIES OF MERCHANTABILITY AND FITNESS F
      +                          OR
    55                           ; PURPOSE ARE DISCLAIMED.  IN NO EVENT SHALL MICROCHIP BE LIABLE FOR ANY DIRECT, INDIREC
      +                          T,
    56                           ; INCIDENTAL, SPECIAL, EXEMPLARY, OR CONSEQUENTIAL DAMAGES (INCLUDING BUT NOT LIMITED TO
    57                           ; PROCUREMENT OF SUBSTITUTE GOODS OR SERVICES; LOSS OF USE, DATA OR PROFITS; OR BUSINESS
    58                           ; INTERRUPTION) HOWSOEVER CAUSED AND ON ANY THEORY OF LIABILITY, WHETHER IN CONTRACT, ST
      +                          RICT
    59                           ; LIABILITY, OR TORT (INCLUDING NEGLIGENCE OR OTHERWISE) ARISING IN ANY WAY OUT OF THE U
      +                          SE OF
    60                           ; THIS SOFTWARE, EVEN IF ADVISED OF THE POSSIBILITY OF SUCH DAMAGE.
    61                           ; 
    62                           ; 
    63                           ; Code-generator required, PIC18F4580 Definitions
    64                           ; 
    65                           ; SFR Addresses
    66   000FE0                     bsr             equ	4064
    67   000FE9                     fsr0            equ	4073
    68   000FEA                     fsr0h           equ	4074
    69   000FE9                     fsr0l           equ	4073
    70   000FE1                     fsr1            equ	4065
    71   000FE2                     fsr1h           equ	4066
    72   000FE1                     fsr1l           equ	4065
    73   000FD9                     fsr2            equ	4057
    74   000FDA                     fsr2h           equ	4058
    75   000FD9                     fsr2l           equ	4057
    76   000FEF                     indf0           equ	4079
    77   000FE7                     indf1           equ	4071
    78   000FDF                     indf2           equ	4063
    79   000FF2                     intcon          equ	4082
    80   000000                     nvmcon          equ	0
    81   000FF9                     pcl             equ	4089
    82   000FFA                     pclath          equ	4090
    83   000FFB                     pclatu          equ	4091
    84   000FEB                     plusw0          equ	4075
    85   000FE3                     plusw1          equ	4067
    86   000FDB                     plusw2          equ	4059
    87   000FED                     postdec0        equ	4077
    88   000FE5                     postdec1        equ	4069
    89   000FDD                     postdec2        equ	4061
    90   000FEE                     postinc0        equ	4078
    91   000FE6                     postinc1        equ	4070
    92   000FDE                     postinc2        equ	4062
    93   000FEC                     preinc0         equ	4076
    94   000FE4                     preinc1         equ	4068
    95   000FDC                     preinc2         equ	4060
    96   000FF3                     prod            equ	4083
    97   000FF4                     prodh           equ	4084
    98   000FF3                     prodl           equ	4083
    99   000FD8                     status          equ	4056
   100   000FF5                     tablat          equ	4085
   101   000FF6                     tblptr          equ	4086
   102   000FF7                     tblptrh         equ	4087
   103   000FF6                     tblptrl         equ	4086
   104   000FF8                     tblptru         equ	4088
   105   000FFD                     tosl            equ	4093
   106   000FE8                     wreg            equ	4072
   107   000D60                     RXF6SIDH        equ	3424	;# 
   108   000D61                     RXF6SIDL        equ	3425	;# 
   109   000D62                     RXF6EIDH        equ	3426	;# 
   110   000D63                     RXF6EIDL        equ	3427	;# 
   111   000D64                     RXF7SIDH        equ	3428	;# 
   112   000D65                     RXF7SIDL        equ	3429	;# 
   113   000D66                     RXF7EIDH        equ	3430	;# 
   114   000D67                     RXF7EIDL        equ	3431	;# 
   115   000D68                     RXF8SIDH        equ	3432	;# 
   116   000D69                     RXF8SIDL        equ	3433	;# 
   117   000D6A                     RXF8EIDH        equ	3434	;# 
   118   000D6B                     RXF8EIDL        equ	3435	;# 
   119   000D70                     RXF9SIDH        equ	3440	;# 
   120   000D71                     RXF9SIDL        equ	3441	;# 
   121   000D72                     RXF9EIDH        equ	3442	;# 
   122   000D73                     RXF9EIDL        equ	3443	;# 
   123   000D74                     RXF10SIDH       equ	3444	;# 
   124   000D75                     RXF10SIDL       equ	3445	;# 
   125   000D76                     RXF10EIDH       equ	3446	;# 
   126   000D77                     RXF10EIDL       equ	3447	;# 
   127   000D78                     RXF11SIDH       equ	3448	;# 
   128   000D79                     RXF11SIDL       equ	3449	;# 
   129   000D7A                     RXF11EIDH       equ	3450	;# 
   130   000D7B                     RXF11EIDL       equ	3451	;# 
   131   000D80                     RXF12SIDH       equ	3456	;# 
   132   000D81                     RXF12SIDL       equ	3457	;# 
   133   000D82                     RXF12EIDH       equ	3458	;# 
   134   000D83                     RXF12EIDL       equ	3459	;# 
   135   000D84                     RXF13SIDH       equ	3460	;# 
   136   000D85                     RXF13SIDL       equ	3461	;# 
   137   000D86                     RXF13EIDH       equ	3462	;# 
   138   000D87                     RXF13EIDL       equ	3463	;# 
   139   000D88                     RXF14SIDH       equ	3464	;# 
   140   000D89                     RXF14SIDL       equ	3465	;# 
   141   000D8A                     RXF14EIDH       equ	3466	;# 
   142   000D8B                     RXF14EIDL       equ	3467	;# 
   143   000D90                     RXF15SIDH       equ	3472	;# 
   144   000D91                     RXF15SIDL       equ	3473	;# 
   145   000D92                     RXF15EIDH       equ	3474	;# 
   146   000D93                     RXF15EIDL       equ	3475	;# 
   147   000DD4                     RXFCON0         equ	3540	;# 
   148   000DD5                     RXFCON1         equ	3541	;# 
   149   000DD8                     SDFLC           equ	3544	;# 
   150   000DE0                     RXFBCON0        equ	3552	;# 
   151   000DE1                     RXFBCON1        equ	3553	;# 
   152   000DE2                     RXFBCON2        equ	3554	;# 
   153   000DE3                     RXFBCON3        equ	3555	;# 
   154   000DE4                     RXFBCON4        equ	3556	;# 
   155   000DE5                     RXFBCON5        equ	3557	;# 
   156   000DE6                     RXFBCON6        equ	3558	;# 
   157   000DE7                     RXFBCON7        equ	3559	;# 
   158   000DF0                     MSEL0           equ	3568	;# 
   159   000DF1                     MSEL1           equ	3569	;# 
   160   000DF2                     MSEL2           equ	3570	;# 
   161   000DF3                     MSEL3           equ	3571	;# 
   162   000DF8                     BSEL0           equ	3576	;# 
   163   000DFA                     BIE0            equ	3578	;# 
   164   000DFC                     TXBIE           equ	3580	;# 
   165   000E20                     B0CON           equ	3616	;# 
   166   000E21                     B0SIDH          equ	3617	;# 
   167   000E22                     B0SIDL          equ	3618	;# 
   168   000E23                     B0EIDH          equ	3619	;# 
   169   000E24                     B0EIDL          equ	3620	;# 
   170   000E25                     B0DLC           equ	3621	;# 
   171   000E26                     B0D0            equ	3622	;# 
   172   000E27                     B0D1            equ	3623	;# 
   173   000E28                     B0D2            equ	3624	;# 
   174   000E29                     B0D3            equ	3625	;# 
   175   000E2A                     B0D4            equ	3626	;# 
   176   000E2B                     B0D5            equ	3627	;# 
   177   000E2C                     B0D6            equ	3628	;# 
   178   000E2D                     B0D7            equ	3629	;# 
   179   000E2E                     CANSTAT_RO9     equ	3630	;# 
   180   000E2F                     CANCON_RO9      equ	3631	;# 
   181   000E30                     B1CON           equ	3632	;# 
   182   000E31                     B1SIDH          equ	3633	;# 
   183   000E32                     B1SIDL          equ	3634	;# 
   184   000E33                     B1EIDH          equ	3635	;# 
   185   000E34                     B1EIDL          equ	3636	;# 
   186   000E35                     B1DLC           equ	3637	;# 
   187   000E36                     B1D0            equ	3638	;# 
   188   000E37                     B1D1            equ	3639	;# 
   189   000E38                     B1D2            equ	3640	;# 
   190   000E39                     B1D3            equ	3641	;# 
   191   000E3A                     B1D4            equ	3642	;# 
   192   000E3B                     B1D5            equ	3643	;# 
   193   000E3C                     B1D6            equ	3644	;# 
   194   000E3D                     B1D7            equ	3645	;# 
   195   000E3E                     CANSTAT_RO8     equ	3646	;# 
   196   000E3F                     CANCON_RO8      equ	3647	;# 
   197   000E40                     B2CON           equ	3648	;# 
   198   000E41                     B2SIDH          equ	3649	;# 
   199   000E42                     B2SIDL          equ	3650	;# 
   200   000E43                     B2EIDH          equ	3651	;# 
   201   000E44                     B2EIDL          equ	3652	;# 
   202   000E45                     B2DLC           equ	3653	;# 
   203   000E46                     B2D0            equ	3654	;# 
   204   000E47                     B2D1            equ	3655	;# 
   205   000E48                     B2D2            equ	3656	;# 
   206   000E49                     B2D3            equ	3657	;# 
   207   000E4A                     B2D4            equ	3658	;# 
   208   000E4B                     B2D5            equ	3659	;# 
   209   000E4C                     B2D6            equ	3660	;# 
   210   000E4D                     B2D7            equ	3661	;# 
   211   000E4E                     CANSTAT_RO7     equ	3662	;# 
   212   000E4F                     CANCON_RO7      equ	3663	;# 
   213   000E50                     B3CON           equ	3664	;# 
   214   000E51                     B3SIDH          equ	3665	;# 
   215   000E52                     B3SIDL          equ	3666	;# 
   216   000E53                     B3EIDH          equ	3667	;# 
   217   000E54                     B3EIDL          equ	3668	;# 
   218   000E55                     B3DLC           equ	3669	;# 
   219   000E56                     B3D0            equ	3670	;# 
   220   000E57                     B3D1            equ	3671	;# 
   221   000E58                     B3D2            equ	3672	;# 
   222   000E59                     B3D3            equ	3673	;# 
   223   000E5A                     B3D4            equ	3674	;# 
   224   000E5B                     B3D5            equ	3675	;# 
   225   000E5C                     B3D6            equ	3676	;# 
   226   000E5D                     B3D7            equ	3677	;# 
   227   000E5E                     CANSTAT_RO6     equ	3678	;# 
   228   000E5F                     CANCON_RO6      equ	3679	;# 
   229   000E60                     B4CON           equ	3680	;# 
   230   000E61                     B4SIDH          equ	3681	;# 
   231   000E62                     B4SIDL          equ	3682	;# 
   232   000E63                     B4EIDH          equ	3683	;# 
   233   000E64                     B4EIDL          equ	3684	;# 
   234   000E65                     B4DLC           equ	3685	;# 
   235   000E66                     B4D0            equ	3686	;# 
   236   000E67                     B4D1            equ	3687	;# 
   237   000E68                     B4D2            equ	3688	;# 
   238   000E69                     B4D3            equ	3689	;# 
   239   000E6A                     B4D4            equ	3690	;# 
   240   000E6B                     B4D5            equ	3691	;# 
   241   000E6C                     B4D6            equ	3692	;# 
   242   000E6D                     B4D7            equ	3693	;# 
   243   000E6E                     CANSTAT_RO5     equ	3694	;# 
   244   000E6F                     CANCON_RO5      equ	3695	;# 
   245   000E70                     B5CON           equ	3696	;# 
   246   000E71                     B5SIDH          equ	3697	;# 
   247   000E72                     B5SIDL          equ	3698	;# 
   248   000E73                     B5EIDH          equ	3699	;# 
   249   000E74                     B5EIDL          equ	3700	;# 
   250   000E75                     B5DLC           equ	3701	;# 
   251   000E76                     B5D0            equ	3702	;# 
   252   000E77                     B5D1            equ	3703	;# 
   253   000E78                     B5D2            equ	3704	;# 
   254   000E79                     B5D3            equ	3705	;# 
   255   000E7A                     B5D4            equ	3706	;# 
   256   000E7B                     B5D5            equ	3707	;# 
   257   000E7C                     B5D6            equ	3708	;# 
   258   000E7D                     B5D7            equ	3709	;# 
   259   000E7E                     CANSTAT_RO4     equ	3710	;# 
   260   000E7F                     CANCON_RO4      equ	3711	;# 
   261   000F00                     RXF0SIDH        equ	3840	;# 
   262   000F01                     RXF0SIDL        equ	3841	;# 
   263   000F02                     RXF0EIDH        equ	3842	;# 
   264   000F03                     RXF0EIDL        equ	3843	;# 
   265   000F04                     RXF1SIDH        equ	3844	;# 
   266   000F05                     RXF1SIDL        equ	3845	;# 
   267   000F06                     RXF1EIDH        equ	3846	;# 
   268   000F07                     RXF1EIDL        equ	3847	;# 
   269   000F08                     RXF2SIDH        equ	3848	;# 
   270   000F09                     RXF2SIDL        equ	3849	;# 
   271   000F0A                     RXF2EIDH        equ	3850	;# 
   272   000F0B                     RXF2EIDL        equ	3851	;# 
   273   000F0C                     RXF3SIDH        equ	3852	;# 
   274   000F0D                     RXF3SIDL        equ	3853	;# 
   275   000F0E                     RXF3EIDH        equ	3854	;# 
   276   000F0F                     RXF3EIDL        equ	3855	;# 
   277   000F10                     RXF4SIDH        equ	3856	;# 
   278   000F11                     RXF4SIDL        equ	3857	;# 
   279   000F12                     RXF4EIDH        equ	3858	;# 
   280   000F13                     RXF4EIDL        equ	3859	;# 
   281   000F14                     RXF5SIDH        equ	3860	;# 
   282   000F15                     RXF5SIDL        equ	3861	;# 
   283   000F16                     RXF5EIDH        equ	3862	;# 
   284   000F17                     RXF5EIDL        equ	3863	;# 
   285   000F18                     RXM0SIDH        equ	3864	;# 
   286   000F19                     RXM0SIDL        equ	3865	;# 
   287   000F1A                     RXM0EIDH        equ	3866	;# 
   288   000F1B                     RXM0EIDL        equ	3867	;# 
   289   000F1C                     RXM1SIDH        equ	3868	;# 
   290   000F1D                     RXM1SIDL        equ	3869	;# 
   291   000F1E                     RXM1EIDH        equ	3870	;# 
   292   000F1F                     RXM1EIDL        equ	3871	;# 
   293   000F20                     TXB2CON         equ	3872	;# 
   294   000F21                     TXB2SIDH        equ	3873	;# 
   295   000F22                     TXB2SIDL        equ	3874	;# 
   296   000F23                     TXB2EIDH        equ	3875	;# 
   297   000F24                     TXB2EIDL        equ	3876	;# 
   298   000F25                     TXB2DLC         equ	3877	;# 
   299   000F26                     TXB2D0          equ	3878	;# 
   300   000F27                     TXB2D1          equ	3879	;# 
   301   000F28                     TXB2D2          equ	3880	;# 
   302   000F29                     TXB2D3          equ	3881	;# 
   303   000F2A                     TXB2D4          equ	3882	;# 
   304   000F2B                     TXB2D5          equ	3883	;# 
   305   000F2C                     TXB2D6          equ	3884	;# 
   306   000F2D                     TXB2D7          equ	3885	;# 
   307   000F2E                     CANSTAT_RO3     equ	3886	;# 
   308   000F2F                     CANCON_RO3      equ	3887	;# 
   309   000F30                     TXB1CON         equ	3888	;# 
   310   000F31                     TXB1SIDH        equ	3889	;# 
   311   000F32                     TXB1SIDL        equ	3890	;# 
   312   000F33                     TXB1EIDH        equ	3891	;# 
   313   000F34                     TXB1EIDL        equ	3892	;# 
   314   000F35                     TXB1DLC         equ	3893	;# 
   315   000F36                     TXB1D0          equ	3894	;# 
   316   000F37                     TXB1D1          equ	3895	;# 
   317   000F38                     TXB1D2          equ	3896	;# 
   318   000F39                     TXB1D3          equ	3897	;# 
   319   000F3A                     TXB1D4          equ	3898	;# 
   320   000F3B                     TXB1D5          equ	3899	;# 
   321   000F3C                     TXB1D6          equ	3900	;# 
   322   000F3D                     TXB1D7          equ	3901	;# 
   323   000F3E                     CANSTAT_RO2     equ	3902	;# 
   324   000F3F                     CANCON_RO2      equ	3903	;# 
   325   000F40                     TXB0CON         equ	3904	;# 
   326   000F41                     TXB0SIDH        equ	3905	;# 
   327   000F42                     TXB0SIDL        equ	3906	;# 
   328   000F43                     TXB0EIDH        equ	3907	;# 
   329   000F44                     TXB0EIDL        equ	3908	;# 
   330   000F45                     TXB0DLC         equ	3909	;# 
   331   000F46                     TXB0D0          equ	3910	;# 
   332   000F47                     TXB0D1          equ	3911	;# 
   333   000F48                     TXB0D2          equ	3912	;# 
   334   000F49                     TXB0D3          equ	3913	;# 
   335   000F4A                     TXB0D4          equ	3914	;# 
   336   000F4B                     TXB0D5          equ	3915	;# 
   337   000F4C                     TXB0D6          equ	3916	;# 
   338   000F4D                     TXB0D7          equ	3917	;# 
   339   000F4E                     CANSTAT_RO1     equ	3918	;# 
   340   000F4F                     CANCON_RO1      equ	3919	;# 
   341   000F50                     RXB1CON         equ	3920	;# 
   342   000F51                     RXB1SIDH        equ	3921	;# 
   343   000F52                     RXB1SIDL        equ	3922	;# 
   344   000F53                     RXB1EIDH        equ	3923	;# 
   345   000F54                     RXB1EIDL        equ	3924	;# 
   346   000F55                     RXB1DLC         equ	3925	;# 
   347   000F56                     RXB1D0          equ	3926	;# 
   348   000F57                     RXB1D1          equ	3927	;# 
   349   000F58                     RXB1D2          equ	3928	;# 
   350   000F59                     RXB1D3          equ	3929	;# 
   351   000F5A                     RXB1D4          equ	3930	;# 
   352   000F5B                     RXB1D5          equ	3931	;# 
   353   000F5C                     RXB1D6          equ	3932	;# 
   354   000F5D                     RXB1D7          equ	3933	;# 
   355   000F5E                     CANSTAT_RO0     equ	3934	;# 
   356   000F5F                     CANCON_RO0      equ	3935	;# 
   357   000F60                     RXB0CON         equ	3936	;# 
   358   000F61                     RXB0SIDH        equ	3937	;# 
   359   000F62                     RXB0SIDL        equ	3938	;# 
   360   000F63                     RXB0EIDH        equ	3939	;# 
   361   000F64                     RXB0EIDL        equ	3940	;# 
   362   000F65                     RXB0DLC         equ	3941	;# 
   363   000F66                     RXB0D0          equ	3942	;# 
   364   000F67                     RXB0D1          equ	3943	;# 
   365   000F68                     RXB0D2          equ	3944	;# 
   366   000F69                     RXB0D3          equ	3945	;# 
   367   000F6A                     RXB0D4          equ	3946	;# 
   368   000F6B                     RXB0D5          equ	3947	;# 
   369   000F6C                     RXB0D6          equ	3948	;# 
   370   000F6D                     RXB0D7          equ	3949	;# 
   371   000F6E                     CANSTAT         equ	3950	;# 
   372   000F6F                     CANCON          equ	3951	;# 
   373   000F70                     BRGCON1         equ	3952	;# 
   374   000F71                     BRGCON2         equ	3953	;# 
   375   000F72                     BRGCON3         equ	3954	;# 
   376   000F73                     CIOCON          equ	3955	;# 
   377   000F74                     COMSTAT         equ	3956	;# 
   378   000F75                     RXERRCNT        equ	3957	;# 
   379   000F76                     TXERRCNT        equ	3958	;# 
   380   000F77                     ECANCON         equ	3959	;# 
   381   000F80                     PORTA           equ	3968	;# 
   382   000F81                     PORTB           equ	3969	;# 
   383   000F82                     PORTC           equ	3970	;# 
   384   000F83                     PORTD           equ	3971	;# 
   385   000F84                     PORTE           equ	3972	;# 
   386   000F89                     LATA            equ	3977	;# 
   387   000F8A                     LATB            equ	3978	;# 
   388   000F8B                     LATC            equ	3979	;# 
   389   000F8C                     LATD            equ	3980	;# 
   390   000F8D                     LATE            equ	3981	;# 
   391   000F92                     TRISA           equ	3986	;# 
   392   000F92                     DDRA            equ	3986	;# 
   393   000F93                     TRISB           equ	3987	;# 
   394   000F93                     DDRB            equ	3987	;# 
   395   000F94                     TRISC           equ	3988	;# 
   396   000F94                     DDRC            equ	3988	;# 
   397   000F95                     TRISD           equ	3989	;# 
   398   000F95                     DDRD            equ	3989	;# 
   399   000F96                     TRISE           equ	3990	;# 
   400   000F96                     DDRE            equ	3990	;# 
   401   000F9B                     OSCTUNE         equ	3995	;# 
   402   000F9D                     PIE1            equ	3997	;# 
   403   000F9E                     PIR1            equ	3998	;# 
   404   000F9F                     IPR1            equ	3999	;# 
   405   000FA0                     PIE2            equ	4000	;# 
   406   000FA1                     PIR2            equ	4001	;# 
   407   000FA2                     IPR2            equ	4002	;# 
   408   000FA3                     PIE3            equ	4003	;# 
   409   000FA4                     PIR3            equ	4004	;# 
   410   000FA5                     IPR3            equ	4005	;# 
   411   000FA6                     EECON1          equ	4006	;# 
   412   000FA7                     EECON2          equ	4007	;# 
   413   000FA8                     EEDATA          equ	4008	;# 
   414   000FA9                     EEADR           equ	4009	;# 
   415   000FAB                     RCSTA           equ	4011	;# 
   416   000FAB                     RCSTA1          equ	4011	;# 
   417   000FAC                     TXSTA           equ	4012	;# 
   418   000FAC                     TXSTA1          equ	4012	;# 
   419   000FAD                     TXREG           equ	4013	;# 
   420   000FAD                     TXREG1          equ	4013	;# 
   421   000FAE                     RCREG           equ	4014	;# 
   422   000FAE                     RCREG1          equ	4014	;# 
   423   000FAF                     SPBRG           equ	4015	;# 
   424   000FAF                     SPBRG1          equ	4015	;# 
   425   000FB0                     SPBRGH          equ	4016	;# 
   426   000FB1                     T3CON           equ	4017	;# 
   427   000FB2                     TMR3            equ	4018	;# 
   428   000FB2                     TMR3L           equ	4018	;# 
   429   000FB3                     TMR3H           equ	4019	;# 
   430   000FB4                     CMCON           equ	4020	;# 
   431   000FB5                     CVRCON          equ	4021	;# 
   432   000FB6                     ECCP1AS         equ	4022	;# 
   433   000FB7                     ECCP1DEL        equ	4023	;# 
   434   000FB8                     BAUDCON         equ	4024	;# 
   435   000FB8                     BAUDCTL         equ	4024	;# 
   436   000FBA                     ECCP1CON        equ	4026	;# 
   437   000FBB                     ECCPR1          equ	4027	;# 
   438   000FBB                     ECCPR1L         equ	4027	;# 
   439   000FBC                     ECCPR1H         equ	4028	;# 
   440   000FBD                     CCP1CON         equ	4029	;# 
   441   000FBE                     CCPR1           equ	4030	;# 
   442   000FBE                     CCPR1L          equ	4030	;# 
   443   000FBF                     CCPR1H          equ	4031	;# 
   444   000FC0                     ADCON2          equ	4032	;# 
   445   000FC1                     ADCON1          equ	4033	;# 
   446   000FC2                     ADCON0          equ	4034	;# 
   447   000FC3                     ADRES           equ	4035	;# 
   448   000FC3                     ADRESL          equ	4035	;# 
   449   000FC4                     ADRESH          equ	4036	;# 
   450   000FC5                     SSPCON2         equ	4037	;# 
   451   000FC6                     SSPCON1         equ	4038	;# 
   452   000FC7                     SSPSTAT         equ	4039	;# 
   453   000FC8                     SSPADD          equ	4040	;# 
   454   000FC9                     SSPBUF          equ	4041	;# 
   455   000FCA                     T2CON           equ	4042	;# 
   456   000FCB                     PR2             equ	4043	;# 
   457   000FCB                     MEMCON          equ	4043	;# 
   458   000FCC                     TMR2            equ	4044	;# 
   459   000FCD                     T1CON           equ	4045	;# 
   460   000FCE                     TMR1            equ	4046	;# 
   461   000FCE                     TMR1L           equ	4046	;# 
   462   000FCF                     TMR1H           equ	4047	;# 
   463   000FD0                     RCON            equ	4048	;# 
   464   000FD1                     WDTCON          equ	4049	;# 
   465   000FD2                     HLVDCON         equ	4050	;# 
   466   000FD2                     LVDCON          equ	4050	;# 
   467   000FD3                     OSCCON          equ	4051	;# 
   468   000FD5                     T0CON           equ	4053	;# 
   469   000FD6                     TMR0            equ	4054	;# 
   470   000FD6                     TMR0L           equ	4054	;# 
   471   000FD7                     TMR0H           equ	4055	;# 
   472   000FD8                     STATUS          equ	4056	;# 
   473   000FD9                     FSR2            equ	4057	;# 
   474   000FD9                     FSR2L           equ	4057	;# 
   475   000FDA                     FSR2H           equ	4058	;# 
   476   000FDB                     PLUSW2          equ	4059	;# 
   477   000FDC                     PREINC2         equ	4060	;# 
   478   000FDD                     POSTDEC2        equ	4061	;# 
   479   000FDE                     POSTINC2        equ	4062	;# 
   480   000FDF                     INDF2           equ	4063	;# 
   481   000FE0                     BSR             equ	4064	;# 
   482   000FE1                     FSR1            equ	4065	;# 
   483   000FE1                     FSR1L           equ	4065	;# 
   484   000FE2                     FSR1H           equ	4066	;# 
   485   000FE3                     PLUSW1          equ	4067	;# 
   486   000FE4                     PREINC1         equ	4068	;# 
   487   000FE5                     POSTDEC1        equ	4069	;# 
   488   000FE6                     POSTINC1        equ	4070	;# 
   489   000FE7                     INDF1           equ	4071	;# 
   490   000FE8                     WREG            equ	4072	;# 
   491   000FE9                     FSR0            equ	4073	;# 
   492   000FE9                     FSR0L           equ	4073	;# 
   493   000FEA                     FSR0H           equ	4074	;# 
   494   000FEB                     PLUSW0          equ	4075	;# 
   495   000FEC                     PREINC0         equ	4076	;# 
   496   000FED                     POSTDEC0        equ	4077	;# 
   497   000FEE                     POSTINC0        equ	4078	;# 
   498   000FEF                     INDF0           equ	4079	;# 
   499   000FF0                     INTCON3         equ	4080	;# 
   500   000FF1                     INTCON2         equ	4081	;# 
   501   000FF2                     INTCON          equ	4082	;# 
   502   000FF3                     PROD            equ	4083	;# 
   503   000FF3                     PRODL           equ	4083	;# 
   504   000FF4                     PRODH           equ	4084	;# 
   505   000FF5                     TABLAT          equ	4085	;# 
   506   000FF6                     TBLPTR          equ	4086	;# 
   507   000FF6                     TBLPTRL         equ	4086	;# 
   508   000FF7                     TBLPTRH         equ	4087	;# 
   509   000FF8                     TBLPTRU         equ	4088	;# 
   510   000FF9                     PCLAT           equ	4089	;# 
   511   000FF9                     PC              equ	4089	;# 
   512   000FF9                     PCL             equ	4089	;# 
   513   000FFA                     PCLATH          equ	4090	;# 
   514   000FFB                     PCLATU          equ	4091	;# 
   515   000FFC                     STKPTR          equ	4092	;# 
   516   000FFD                     TOS             equ	4093	;# 
   517   000FFD                     TOSL            equ	4093	;# 
   518   000FFE                     TOSH            equ	4094	;# 
   519   000FFF                     TOSU            equ	4095	;# 
   520   000D60                     RXF6SIDH        equ	3424	;# 
   521   000D61                     RXF6SIDL        equ	3425	;# 
   522   000D62                     RXF6EIDH        equ	3426	;# 
   523   000D63                     RXF6EIDL        equ	3427	;# 
   524   000D64                     RXF7SIDH        equ	3428	;# 
   525   000D65                     RXF7SIDL        equ	3429	;# 
   526   000D66                     RXF7EIDH        equ	3430	;# 
   527   000D67                     RXF7EIDL        equ	3431	;# 
   528   000D68                     RXF8SIDH        equ	3432	;# 
   529   000D69                     RXF8SIDL        equ	3433	;# 
   530   000D6A                     RXF8EIDH        equ	3434	;# 
   531   000D6B                     RXF8EIDL        equ	3435	;# 
   532   000D70                     RXF9SIDH        equ	3440	;# 
   533   000D71                     RXF9SIDL        equ	3441	;# 
   534   000D72                     RXF9EIDH        equ	3442	;# 
   535   000D73                     RXF9EIDL        equ	3443	;# 
   536   000D74                     RXF10SIDH       equ	3444	;# 
   537   000D75                     RXF10SIDL       equ	3445	;# 
   538   000D76                     RXF10EIDH       equ	3446	;# 
   539   000D77                     RXF10EIDL       equ	3447	;# 
   540   000D78                     RXF11SIDH       equ	3448	;# 
   541   000D79                     RXF11SIDL       equ	3449	;# 
   542   000D7A                     RXF11EIDH       equ	3450	;# 
   543   000D7B                     RXF11EIDL       equ	3451	;# 
   544   000D80                     RXF12SIDH       equ	3456	;# 
   545   000D81                     RXF12SIDL       equ	3457	;# 
   546   000D82                     RXF12EIDH       equ	3458	;# 
   547   000D83                     RXF12EIDL       equ	3459	;# 
   548   000D84                     RXF13SIDH       equ	3460	;# 
   549   000D85                     RXF13SIDL       equ	3461	;# 
   550   000D86                     RXF13EIDH       equ	3462	;# 
   551   000D87                     RXF13EIDL       equ	3463	;# 
   552   000D88                     RXF14SIDH       equ	3464	;# 
   553   000D89                     RXF14SIDL       equ	3465	;# 
   554   000D8A                     RXF14EIDH       equ	3466	;# 
   555   000D8B                     RXF14EIDL       equ	3467	;# 
   556   000D90                     RXF15SIDH       equ	3472	;# 
   557   000D91                     RXF15SIDL       equ	3473	;# 
   558   000D92                     RXF15EIDH       equ	3474	;# 
   559   000D93                     RXF15EIDL       equ	3475	;# 
   560   000DD4                     RXFCON0         equ	3540	;# 
   561   000DD5                     RXFCON1         equ	3541	;# 
   562   000DD8                     SDFLC           equ	3544	;# 
   563   000DE0                     RXFBCON0        equ	3552	;# 
   564   000DE1                     RXFBCON1        equ	3553	;# 
   565   000DE2                     RXFBCON2        equ	3554	;# 
   566   000DE3                     RXFBCON3        equ	3555	;# 
   567   000DE4                     RXFBCON4        equ	3556	;# 
   568   000DE5                     RXFBCON5        equ	3557	;# 
   569   000DE6                     RXFBCON6        equ	3558	;# 
   570   000DE7                     RXFBCON7        equ	3559	;# 
   571   000DF0                     MSEL0           equ	3568	;# 
   572   000DF1                     MSEL1           equ	3569	;# 
   573   000DF2                     MSEL2           equ	3570	;# 
   574   000DF3                     MSEL3           equ	3571	;# 
   575   000DF8                     BSEL0           equ	3576	;# 
   576   000DFA                     BIE0            equ	3578	;# 
   577   000DFC                     TXBIE           equ	3580	;# 
   578   000E20                     B0CON           equ	3616	;# 
   579   000E21                     B0SIDH          equ	3617	;# 
   580   000E22                     B0SIDL          equ	3618	;# 
   581   000E23                     B0EIDH          equ	3619	;# 
   582   000E24                     B0EIDL          equ	3620	;# 
   583   000E25                     B0DLC           equ	3621	;# 
   584   000E26                     B0D0            equ	3622	;# 
   585   000E27                     B0D1            equ	3623	;# 
   586   000E28                     B0D2            equ	3624	;# 
   587   000E29                     B0D3            equ	3625	;# 
   588   000E2A                     B0D4            equ	3626	;# 
   589   000E2B                     B0D5            equ	3627	;# 
   590   000E2C                     B0D6            equ	3628	;# 
   591   000E2D                     B0D7            equ	3629	;# 
   592   000E2E                     CANSTAT_RO9     equ	3630	;# 
   593   000E2F                     CANCON_RO9      equ	3631	;# 
   594   000E30                     B1CON           equ	3632	;# 
   595   000E31                     B1SIDH          equ	3633	;# 
   596   000E32                     B1SIDL          equ	3634	;# 
   597   000E33                     B1EIDH          equ	3635	;# 
   598   000E34                     B1EIDL          equ	3636	;# 
   599   000E35                     B1DLC           equ	3637	;# 
   600   000E36                     B1D0            equ	3638	;# 
   601   000E37                     B1D1            equ	3639	;# 
   602   000E38                     B1D2            equ	3640	;# 
   603   000E39                     B1D3            equ	3641	;# 
   604   000E3A                     B1D4            equ	3642	;# 
   605   000E3B                     B1D5            equ	3643	;# 
   606   000E3C                     B1D6            equ	3644	;# 
   607   000E3D                     B1D7            equ	3645	;# 
   608   000E3E                     CANSTAT_RO8     equ	3646	;# 
   609   000E3F                     CANCON_RO8      equ	3647	;# 
   610   000E40                     B2CON           equ	3648	;# 
   611   000E41                     B2SIDH          equ	3649	;# 
   612   000E42                     B2SIDL          equ	3650	;# 
   613   000E43                     B2EIDH          equ	3651	;# 
   614   000E44                     B2EIDL          equ	3652	;# 
   615   000E45                     B2DLC           equ	3653	;# 
   616   000E46                     B2D0            equ	3654	;# 
   617   000E47                     B2D1            equ	3655	;# 
   618   000E48                     B2D2            equ	3656	;# 
   619   000E49                     B2D3            equ	3657	;# 
   620   000E4A                     B2D4            equ	3658	;# 
   621   000E4B                     B2D5            equ	3659	;# 
   622   000E4C                     B2D6            equ	3660	;# 
   623   000E4D                     B2D7            equ	3661	;# 
   624   000E4E                     CANSTAT_RO7     equ	3662	;# 
   625   000E4F                     CANCON_RO7      equ	3663	;# 
   626   000E50                     B3CON           equ	3664	;# 
   627   000E51                     B3SIDH          equ	3665	;# 
   628   000E52                     B3SIDL          equ	3666	;# 
   629   000E53                     B3EIDH          equ	3667	;# 
   630   000E54                     B3EIDL          equ	3668	;# 
   631   000E55                     B3DLC           equ	3669	;# 
   632   000E56                     B3D0            equ	3670	;# 
   633   000E57                     B3D1            equ	3671	;# 
   634   000E58                     B3D2            equ	3672	;# 
   635   000E59                     B3D3            equ	3673	;# 
   636   000E5A                     B3D4            equ	3674	;# 
   637   000E5B                     B3D5            equ	3675	;# 
   638   000E5C                     B3D6            equ	3676	;# 
   639   000E5D                     B3D7            equ	3677	;# 
   640   000E5E                     CANSTAT_RO6     equ	3678	;# 
   641   000E5F                     CANCON_RO6      equ	3679	;# 
   642   000E60                     B4CON           equ	3680	;# 
   643   000E61                     B4SIDH          equ	3681	;# 
   644   000E62                     B4SIDL          equ	3682	;# 
   645   000E63                     B4EIDH          equ	3683	;# 
   646   000E64                     B4EIDL          equ	3684	;# 
   647   000E65                     B4DLC           equ	3685	;# 
   648   000E66                     B4D0            equ	3686	;# 
   649   000E67                     B4D1            equ	3687	;# 
   650   000E68                     B4D2            equ	3688	;# 
   651   000E69                     B4D3            equ	3689	;# 
   652   000E6A                     B4D4            equ	3690	;# 
   653   000E6B                     B4D5            equ	3691	;# 
   654   000E6C                     B4D6            equ	3692	;# 
   655   000E6D                     B4D7            equ	3693	;# 
   656   000E6E                     CANSTAT_RO5     equ	3694	;# 
   657   000E6F                     CANCON_RO5      equ	3695	;# 
   658   000E70                     B5CON           equ	3696	;# 
   659   000E71                     B5SIDH          equ	3697	;# 
   660   000E72                     B5SIDL          equ	3698	;# 
   661   000E73                     B5EIDH          equ	3699	;# 
   662   000E74                     B5EIDL          equ	3700	;# 
   663   000E75                     B5DLC           equ	3701	;# 
   664   000E76                     B5D0            equ	3702	;# 
   665   000E77                     B5D1            equ	3703	;# 
   666   000E78                     B5D2            equ	3704	;# 
   667   000E79                     B5D3            equ	3705	;# 
   668   000E7A                     B5D4            equ	3706	;# 
   669   000E7B                     B5D5            equ	3707	;# 
   670   000E7C                     B5D6            equ	3708	;# 
   671   000E7D                     B5D7            equ	3709	;# 
   672   000E7E                     CANSTAT_RO4     equ	3710	;# 
   673   000E7F                     CANCON_RO4      equ	3711	;# 
   674   000F00                     RXF0SIDH        equ	3840	;# 
   675   000F01                     RXF0SIDL        equ	3841	;# 
   676   000F02                     RXF0EIDH        equ	3842	;# 
   677   000F03                     RXF0EIDL        equ	3843	;# 
   678   000F04                     RXF1SIDH        equ	3844	;# 
   679   000F05                     RXF1SIDL        equ	3845	;# 
   680   000F06                     RXF1EIDH        equ	3846	;# 
   681   000F07                     RXF1EIDL        equ	3847	;# 
   682   000F08                     RXF2SIDH        equ	3848	;# 
   683   000F09                     RXF2SIDL        equ	3849	;# 
   684   000F0A                     RXF2EIDH        equ	3850	;# 
   685   000F0B                     RXF2EIDL        equ	3851	;# 
   686   000F0C                     RXF3SIDH        equ	3852	;# 
   687   000F0D                     RXF3SIDL        equ	3853	;# 
   688   000F0E                     RXF3EIDH        equ	3854	;# 
   689   000F0F                     RXF3EIDL        equ	3855	;# 
   690   000F10                     RXF4SIDH        equ	3856	;# 
   691   000F11                     RXF4SIDL        equ	3857	;# 
   692   000F12                     RXF4EIDH        equ	3858	;# 
   693   000F13                     RXF4EIDL        equ	3859	;# 
   694   000F14                     RXF5SIDH        equ	3860	;# 
   695   000F15                     RXF5SIDL        equ	3861	;# 
   696   000F16                     RXF5EIDH        equ	3862	;# 
   697   000F17                     RXF5EIDL        equ	3863	;# 
   698   000F18                     RXM0SIDH        equ	3864	;# 
   699   000F19                     RXM0SIDL        equ	3865	;# 
   700   000F1A                     RXM0EIDH        equ	3866	;# 
   701   000F1B                     RXM0EIDL        equ	3867	;# 
   702   000F1C                     RXM1SIDH        equ	3868	;# 
   703   000F1D                     RXM1SIDL        equ	3869	;# 
   704   000F1E                     RXM1EIDH        equ	3870	;# 
   705   000F1F                     RXM1EIDL        equ	3871	;# 
   706   000F20                     TXB2CON         equ	3872	;# 
   707   000F21                     TXB2SIDH        equ	3873	;# 
   708   000F22                     TXB2SIDL        equ	3874	;# 
   709   000F23                     TXB2EIDH        equ	3875	;# 
   710   000F24                     TXB2EIDL        equ	3876	;# 
   711   000F25                     TXB2DLC         equ	3877	;# 
   712   000F26                     TXB2D0          equ	3878	;# 
   713   000F27                     TXB2D1          equ	3879	;# 
   714   000F28                     TXB2D2          equ	3880	;# 
   715   000F29                     TXB2D3          equ	3881	;# 
   716   000F2A                     TXB2D4          equ	3882	;# 
   717   000F2B                     TXB2D5          equ	3883	;# 
   718   000F2C                     TXB2D6          equ	3884	;# 
   719   000F2D                     TXB2D7          equ	3885	;# 
   720   000F2E                     CANSTAT_RO3     equ	3886	;# 
   721   000F2F                     CANCON_RO3      equ	3887	;# 
   722   000F30                     TXB1CON         equ	3888	;# 
   723   000F31                     TXB1SIDH        equ	3889	;# 
   724   000F32                     TXB1SIDL        equ	3890	;# 
   725   000F33                     TXB1EIDH        equ	3891	;# 
   726   000F34                     TXB1EIDL        equ	3892	;# 
   727   000F35                     TXB1DLC         equ	3893	;# 
   728   000F36                     TXB1D0          equ	3894	;# 
   729   000F37                     TXB1D1          equ	3895	;# 
   730   000F38                     TXB1D2          equ	3896	;# 
   731   000F39                     TXB1D3          equ	3897	;# 
   732   000F3A                     TXB1D4          equ	3898	;# 
   733   000F3B                     TXB1D5          equ	3899	;# 
   734   000F3C                     TXB1D6          equ	3900	;# 
   735   000F3D                     TXB1D7          equ	3901	;# 
   736   000F3E                     CANSTAT_RO2     equ	3902	;# 
   737   000F3F                     CANCON_RO2      equ	3903	;# 
   738   000F40                     TXB0CON         equ	3904	;# 
   739   000F41                     TXB0SIDH        equ	3905	;# 
   740   000F42                     TXB0SIDL        equ	3906	;# 
   741   000F43                     TXB0EIDH        equ	3907	;# 
   742   000F44                     TXB0EIDL        equ	3908	;# 
   743   000F45                     TXB0DLC         equ	3909	;# 
   744   000F46                     TXB0D0          equ	3910	;# 
   745   000F47                     TXB0D1          equ	3911	;# 
   746   000F48                     TXB0D2          equ	3912	;# 
   747   000F49                     TXB0D3          equ	3913	;# 
   748   000F4A                     TXB0D4          equ	3914	;# 
   749   000F4B                     TXB0D5          equ	3915	;# 
   750   000F4C                     TXB0D6          equ	3916	;# 
   751   000F4D                     TXB0D7          equ	3917	;# 
   752   000F4E                     CANSTAT_RO1     equ	3918	;# 
   753   000F4F                     CANCON_RO1      equ	3919	;# 
   754   000F50                     RXB1CON         equ	3920	;# 
   755   000F51                     RXB1SIDH        equ	3921	;# 
   756   000F52                     RXB1SIDL        equ	3922	;# 
   757   000F53                     RXB1EIDH        equ	3923	;# 
   758   000F54                     RXB1EIDL        equ	3924	;# 
   759   000F55                     RXB1DLC         equ	3925	;# 
   760   000F56                     RXB1D0          equ	3926	;# 
   761   000F57                     RXB1D1          equ	3927	;# 
   762   000F58                     RXB1D2          equ	3928	;# 
   763   000F59                     RXB1D3          equ	3929	;# 
   764   000F5A                     RXB1D4          equ	3930	;# 
   765   000F5B                     RXB1D5          equ	3931	;# 
   766   000F5C                     RXB1D6          equ	3932	;# 
   767   000F5D                     RXB1D7          equ	3933	;# 
   768   000F5E                     CANSTAT_RO0     equ	3934	;# 
   769   000F5F                     CANCON_RO0      equ	3935	;# 
   770   000F60                     RXB0CON         equ	3936	;# 
   771   000F61                     RXB0SIDH        equ	3937	;# 
   772   000F62                     RXB0SIDL        equ	3938	;# 
   773   000F63                     RXB0EIDH        equ	3939	;# 
   774   000F64                     RXB0EIDL        equ	3940	;# 
   775   000F65                     RXB0DLC         equ	3941	;# 
   776   000F66                     RXB0D0          equ	3942	;# 
   777   000F67                     RXB0D1          equ	3943	;# 
   778   000F68                     RXB0D2          equ	3944	;# 
   779   000F69                     RXB0D3          equ	3945	;# 
   780   000F6A                     RXB0D4          equ	3946	;# 
   781   000F6B                     RXB0D5          equ	3947	;# 
   782   000F6C                     RXB0D6          equ	3948	;# 
   783   000F6D                     RXB0D7          equ	3949	;# 
   784   000F6E                     CANSTAT         equ	3950	;# 
   785   000F6F                     CANCON          equ	3951	;# 
   786   000F70                     BRGCON1         equ	3952	;# 
   787   000F71                     BRGCON2         equ	3953	;# 
   788   000F72                     BRGCON3         equ	3954	;# 
   789   000F73                     CIOCON          equ	3955	;# 
   790   000F74                     COMSTAT         equ	3956	;# 
   791   000F75                     RXERRCNT        equ	3957	;# 
   792   000F76                     TXERRCNT        equ	3958	;# 
   793   000F77                     ECANCON         equ	3959	;# 
   794   000F80                     PORTA           equ	3968	;# 
   795   000F81                     PORTB           equ	3969	;# 
   796   000F82                     PORTC           equ	3970	;# 
   797   000F83                     PORTD           equ	3971	;# 
   798   000F84                     PORTE           equ	3972	;# 
   799   000F89                     LATA            equ	3977	;# 
   800   000F8A                     LATB            equ	3978	;# 
   801   000F8B                     LATC            equ	3979	;# 
   802   000F8C                     LATD            equ	3980	;# 
   803   000F8D                     LATE            equ	3981	;# 
   804   000F92                     TRISA           equ	3986	;# 
   805   000F92                     DDRA            equ	3986	;# 
   806   000F93                     TRISB           equ	3987	;# 
   807   000F93                     DDRB            equ	3987	;# 
   808   000F94                     TRISC           equ	3988	;# 
   809   000F94                     DDRC            equ	3988	;# 
   810   000F95                     TRISD           equ	3989	;# 
   811   000F95                     DDRD            equ	3989	;# 
   812   000F96                     TRISE           equ	3990	;# 
   813   000F96                     DDRE            equ	3990	;# 
   814   000F9B                     OSCTUNE         equ	3995	;# 
   815   000F9D                     PIE1            equ	3997	;# 
   816   000F9E                     PIR1            equ	3998	;# 
   817   000F9F                     IPR1            equ	3999	;# 
   818   000FA0                     PIE2            equ	4000	;# 
   819   000FA1                     PIR2            equ	4001	;# 
   820   000FA2                     IPR2            equ	4002	;# 
   821   000FA3                     PIE3            equ	4003	;# 
   822   000FA4                     PIR3            equ	4004	;# 
   823   000FA5                     IPR3            equ	4005	;# 
   824   000FA6                     EECON1          equ	4006	;# 
   825   000FA7                     EECON2          equ	4007	;# 
   826   000FA8                     EEDATA          equ	4008	;# 
   827   000FA9                     EEADR           equ	4009	;# 
   828   000FAB                     RCSTA           equ	4011	;# 
   829   000FAB                     RCSTA1          equ	4011	;# 
   830   000FAC                     TXSTA           equ	4012	;# 
   831   000FAC                     TXSTA1          equ	4012	;# 
   832   000FAD                     TXREG           equ	4013	;# 
   833   000FAD                     TXREG1          equ	4013	;# 
   834   000FAE                     RCREG           equ	4014	;# 
   835   000FAE                     RCREG1          equ	4014	;# 
   836   000FAF                     SPBRG           equ	4015	;# 
   837   000FAF                     SPBRG1          equ	4015	;# 
   838   000FB0                     SPBRGH          equ	4016	;# 
   839   000FB1                     T3CON           equ	4017	;# 
   840   000FB2                     TMR3            equ	4018	;# 
   841   000FB2                     TMR3L           equ	4018	;# 
   842   000FB3                     TMR3H           equ	4019	;# 
   843   000FB4                     CMCON           equ	4020	;# 
   844   000FB5                     CVRCON          equ	4021	;# 
   845   000FB6                     ECCP1AS         equ	4022	;# 
   846   000FB7                     ECCP1DEL        equ	4023	;# 
   847   000FB8                     BAUDCON         equ	4024	;# 
   848   000FB8                     BAUDCTL         equ	4024	;# 
   849   000FBA                     ECCP1CON        equ	4026	;# 
   850   000FBB                     ECCPR1          equ	4027	;# 
   851   000FBB                     ECCPR1L         equ	4027	;# 
   852   000FBC                     ECCPR1H         equ	4028	;# 
   853   000FBD                     CCP1CON         equ	4029	;# 
   854   000FBE                     CCPR1           equ	4030	;# 
   855   000FBE                     CCPR1L          equ	4030	;# 
   856   000FBF                     CCPR1H          equ	4031	;# 
   857   000FC0                     ADCON2          equ	4032	;# 
   858   000FC1                     ADCON1          equ	4033	;# 
   859   000FC2                     ADCON0          equ	4034	;# 
   860   000FC3                     ADRES           equ	4035	;# 
   861   000FC3                     ADRESL          equ	4035	;# 
   862   000FC4                     ADRESH          equ	4036	;# 
   863   000FC5                     SSPCON2         equ	4037	;# 
   864   000FC6                     SSPCON1         equ	4038	;# 
   865   000FC7                     SSPSTAT         equ	4039	;# 
   866   000FC8                     SSPADD          equ	4040	;# 
   867   000FC9                     SSPBUF          equ	4041	;# 
   868   000FCA                     T2CON           equ	4042	;# 
   869   000FCB                     PR2             equ	4043	;# 
   870   000FCB                     MEMCON          equ	4043	;# 
   871   000FCC                     TMR2            equ	4044	;# 
   872   000FCD                     T1CON           equ	4045	;# 
   873   000FCE                     TMR1            equ	4046	;# 
   874   000FCE                     TMR1L           equ	4046	;# 
   875   000FCF                     TMR1H           equ	4047	;# 
   876   000FD0                     RCON            equ	4048	;# 
   877   000FD1                     WDTCON          equ	4049	;# 
   878   000FD2                     HLVDCON         equ	4050	;# 
   879   000FD2                     LVDCON          equ	4050	;# 
   880   000FD3                     OSCCON          equ	4051	;# 
   881   000FD5                     T0CON           equ	4053	;# 
   882   000FD6                     TMR0            equ	4054	;# 
   883   000FD6                     TMR0L           equ	4054	;# 
   884   000FD7                     TMR0H           equ	4055	;# 
   885   000FD8                     STATUS          equ	4056	;# 
   886   000FD9                     FSR2            equ	4057	;# 
   887   000FD9                     FSR2L           equ	4057	;# 
   888   000FDA                     FSR2H           equ	4058	;# 
   889   000FDB                     PLUSW2          equ	4059	;# 
   890   000FDC                     PREINC2         equ	4060	;# 
   891   000FDD                     POSTDEC2        equ	4061	;# 
   892   000FDE                     POSTINC2        equ	4062	;# 
   893   000FDF                     INDF2           equ	4063	;# 
   894   000FE0                     BSR             equ	4064	;# 
   895   000FE1                     FSR1            equ	4065	;# 
   896   000FE1                     FSR1L           equ	4065	;# 
   897   000FE2                     FSR1H           equ	4066	;# 
   898   000FE3                     PLUSW1          equ	4067	;# 
   899   000FE4                     PREINC1         equ	4068	;# 
   900   000FE5                     POSTDEC1        equ	4069	;# 
   901   000FE6                     POSTINC1        equ	4070	;# 
   902   000FE7                     INDF1           equ	4071	;# 
   903   000FE8                     WREG            equ	4072	;# 
   904   000FE9                     FSR0            equ	4073	;# 
   905   000FE9                     FSR0L           equ	4073	;# 
   906   000FEA                     FSR0H           equ	4074	;# 
   907   000FEB                     PLUSW0          equ	4075	;# 
   908   000FEC                     PREINC0         equ	4076	;# 
   909   000FED                     POSTDEC0        equ	4077	;# 
   910   000FEE                     POSTINC0        equ	4078	;# 
   911   000FEF                     INDF0           equ	4079	;# 
   912   000FF0                     INTCON3         equ	4080	;# 
   913   000FF1                     INTCON2         equ	4081	;# 
   914   000FF2                     INTCON          equ	4082	;# 
   915   000FF3                     PROD            equ	4083	;# 
   916   000FF3                     PRODL           equ	4083	;# 
   917   000FF4                     PRODH           equ	4084	;# 
   918   000FF5                     TABLAT          equ	4085	;# 
   919   000FF6                     TBLPTR          equ	4086	;# 
   920   000FF6                     TBLPTRL         equ	4086	;# 
   921   000FF7                     TBLPTRH         equ	4087	;# 
   922   000FF8                     TBLPTRU         equ	4088	;# 
   923   000FF9                     PCLAT           equ	4089	;# 
   924   000FF9                     PC              equ	4089	;# 
   925   000FF9                     PCL             equ	4089	;# 
   926   000FFA                     PCLATH          equ	4090	;# 
   927   000FFB                     PCLATU          equ	4091	;# 
   928   000FFC                     STKPTR          equ	4092	;# 
   929   000FFD                     TOS             equ	4093	;# 
   930   000FFD                     TOSL            equ	4093	;# 
   931   000FFE                     TOSH            equ	4094	;# 
   932   000FFF                     TOSU            equ	4095	;# 
   933   000D60                     RXF6SIDH        equ	3424	;# 
   934   000D61                     RXF6SIDL        equ	3425	;# 
   935   000D62                     RXF6EIDH        equ	3426	;# 
   936   000D63                     RXF6EIDL        equ	3427	;# 
   937   000D64                     RXF7SIDH        equ	3428	;# 
   938   000D65                     RXF7SIDL        equ	3429	;# 
   939   000D66                     RXF7EIDH        equ	3430	;# 
   940   000D67                     RXF7EIDL        equ	3431	;# 
   941   000D68                     RXF8SIDH        equ	3432	;# 
   942   000D69                     RXF8SIDL        equ	3433	;# 
   943   000D6A                     RXF8EIDH        equ	3434	;# 
   944   000D6B                     RXF8EIDL        equ	3435	;# 
   945   000D70                     RXF9SIDH        equ	3440	;# 
   946   000D71                     RXF9SIDL        equ	3441	;# 
   947   000D72                     RXF9EIDH        equ	3442	;# 
   948   000D73                     RXF9EIDL        equ	3443	;# 
   949   000D74                     RXF10SIDH       equ	3444	;# 
   950   000D75                     RXF10SIDL       equ	3445	;# 
   951   000D76                     RXF10EIDH       equ	3446	;# 
   952   000D77                     RXF10EIDL       equ	3447	;# 
   953   000D78                     RXF11SIDH       equ	3448	;# 
   954   000D79                     RXF11SIDL       equ	3449	;# 
   955   000D7A                     RXF11EIDH       equ	3450	;# 
   956   000D7B                     RXF11EIDL       equ	3451	;# 
   957   000D80                     RXF12SIDH       equ	3456	;# 
   958   000D81                     RXF12SIDL       equ	3457	;# 
   959   000D82                     RXF12EIDH       equ	3458	;# 
   960   000D83                     RXF12EIDL       equ	3459	;# 
   961   000D84                     RXF13SIDH       equ	3460	;# 
   962   000D85                     RXF13SIDL       equ	3461	;# 
   963   000D86                     RXF13EIDH       equ	3462	;# 
   964   000D87                     RXF13EIDL       equ	3463	;# 
   965   000D88                     RXF14SIDH       equ	3464	;# 
   966   000D89                     RXF14SIDL       equ	3465	;# 
   967   000D8A                     RXF14EIDH       equ	3466	;# 
   968   000D8B                     RXF14EIDL       equ	3467	;# 
   969   000D90                     RXF15SIDH       equ	3472	;# 
   970   000D91                     RXF15SIDL       equ	3473	;# 
   971   000D92                     RXF15EIDH       equ	3474	;# 
   972   000D93                     RXF15EIDL       equ	3475	;# 
   973   000DD4                     RXFCON0         equ	3540	;# 
   974   000DD5                     RXFCON1         equ	3541	;# 
   975   000DD8                     SDFLC           equ	3544	;# 
   976   000DE0                     RXFBCON0        equ	3552	;# 
   977   000DE1                     RXFBCON1        equ	3553	;# 
   978   000DE2                     RXFBCON2        equ	3554	;# 
   979   000DE3                     RXFBCON3        equ	3555	;# 
   980   000DE4                     RXFBCON4        equ	3556	;# 
   981   000DE5                     RXFBCON5        equ	3557	;# 
   982   000DE6                     RXFBCON6        equ	3558	;# 
   983   000DE7                     RXFBCON7        equ	3559	;# 
   984   000DF0                     MSEL0           equ	3568	;# 
   985   000DF1                     MSEL1           equ	3569	;# 
   986   000DF2                     MSEL2           equ	3570	;# 
   987   000DF3                     MSEL3           equ	3571	;# 
   988   000DF8                     BSEL0           equ	3576	;# 
   989   000DFA                     BIE0            equ	3578	;# 
   990   000DFC                     TXBIE           equ	3580	;# 
   991   000E20                     B0CON           equ	3616	;# 
   992   000E21                     B0SIDH          equ	3617	;# 
   993   000E22                     B0SIDL          equ	3618	;# 
   994   000E23                     B0EIDH          equ	3619	;# 
   995   000E24                     B0EIDL          equ	3620	;# 
   996   000E25                     B0DLC           equ	3621	;# 
   997   000E26                     B0D0            equ	3622	;# 
   998   000E27                     B0D1            equ	3623	;# 
   999   000E28                     B0D2            equ	3624	;# 
  1000   000E29                     B0D3            equ	3625	;# 
  1001   000E2A                     B0D4            equ	3626	;# 
  1002   000E2B                     B0D5            equ	3627	;# 
  1003   000E2C                     B0D6            equ	3628	;# 
  1004   000E2D                     B0D7            equ	3629	;# 
  1005   000E2E                     CANSTAT_RO9     equ	3630	;# 
  1006   000E2F                     CANCON_RO9      equ	3631	;# 
  1007   000E30                     B1CON           equ	3632	;# 
  1008   000E31                     B1SIDH          equ	3633	;# 
  1009   000E32                     B1SIDL          equ	3634	;# 
  1010   000E33                     B1EIDH          equ	3635	;# 
  1011   000E34                     B1EIDL          equ	3636	;# 
  1012   000E35                     B1DLC           equ	3637	;# 
  1013   000E36                     B1D0            equ	3638	;# 
  1014   000E37                     B1D1            equ	3639	;# 
  1015   000E38                     B1D2            equ	3640	;# 
  1016   000E39                     B1D3            equ	3641	;# 
  1017   000E3A                     B1D4            equ	3642	;# 
  1018   000E3B                     B1D5            equ	3643	;# 
  1019   000E3C                     B1D6            equ	3644	;# 
  1020   000E3D                     B1D7            equ	3645	;# 
  1021   000E3E                     CANSTAT_RO8     equ	3646	;# 
  1022   000E3F                     CANCON_RO8      equ	3647	;# 
  1023   000E40                     B2CON           equ	3648	;# 
  1024   000E41                     B2SIDH          equ	3649	;# 
  1025   000E42                     B2SIDL          equ	3650	;# 
  1026   000E43                     B2EIDH          equ	3651	;# 
  1027   000E44                     B2EIDL          equ	3652	;# 
  1028   000E45                     B2DLC           equ	3653	;# 
  1029   000E46                     B2D0            equ	3654	;# 
  1030   000E47                     B2D1            equ	3655	;# 
  1031   000E48                     B2D2            equ	3656	;# 
  1032   000E49                     B2D3            equ	3657	;# 
  1033   000E4A                     B2D4            equ	3658	;# 
  1034   000E4B                     B2D5            equ	3659	;# 
  1035   000E4C                     B2D6            equ	3660	;# 
  1036   000E4D                     B2D7            equ	3661	;# 
  1037   000E4E                     CANSTAT_RO7     equ	3662	;# 
  1038   000E4F                     CANCON_RO7      equ	3663	;# 
  1039   000E50                     B3CON           equ	3664	;# 
  1040   000E51                     B3SIDH          equ	3665	;# 
  1041   000E52                     B3SIDL          equ	3666	;# 
  1042   000E53                     B3EIDH          equ	3667	;# 
  1043   000E54                     B3EIDL          equ	3668	;# 
  1044   000E55                     B3DLC           equ	3669	;# 
  1045   000E56                     B3D0            equ	3670	;# 
  1046   000E57                     B3D1            equ	3671	;# 
  1047   000E58                     B3D2            equ	3672	;# 
  1048   000E59                     B3D3            equ	3673	;# 
  1049   000E5A                     B3D4            equ	3674	;# 
  1050   000E5B                     B3D5            equ	3675	;# 
  1051   000E5C                     B3D6            equ	3676	;# 
  1052   000E5D                     B3D7            equ	3677	;# 
  1053   000E5E                     CANSTAT_RO6     equ	3678	;# 
  1054   000E5F                     CANCON_RO6      equ	3679	;# 
  1055   000E60                     B4CON           equ	3680	;# 
  1056   000E61                     B4SIDH          equ	3681	;# 
  1057   000E62                     B4SIDL          equ	3682	;# 
  1058   000E63                     B4EIDH          equ	3683	;# 
  1059   000E64                     B4EIDL          equ	3684	;# 
  1060   000E65                     B4DLC           equ	3685	;# 
  1061   000E66                     B4D0            equ	3686	;# 
  1062   000E67                     B4D1            equ	3687	;# 
  1063   000E68                     B4D2            equ	3688	;# 
  1064   000E69                     B4D3            equ	3689	;# 
  1065   000E6A                     B4D4            equ	3690	;# 
  1066   000E6B                     B4D5            equ	3691	;# 
  1067   000E6C                     B4D6            equ	3692	;# 
  1068   000E6D                     B4D7            equ	3693	;# 
  1069   000E6E                     CANSTAT_RO5     equ	3694	;# 
  1070   000E6F                     CANCON_RO5      equ	3695	;# 
  1071   000E70                     B5CON           equ	3696	;# 
  1072   000E71                     B5SIDH          equ	3697	;# 
  1073   000E72                     B5SIDL          equ	3698	;# 
  1074   000E73                     B5EIDH          equ	3699	;# 
  1075   000E74                     B5EIDL          equ	3700	;# 
  1076   000E75                     B5DLC           equ	3701	;# 
  1077   000E76                     B5D0            equ	3702	;# 
  1078   000E77                     B5D1            equ	3703	;# 
  1079   000E78                     B5D2            equ	3704	;# 
  1080   000E79                     B5D3            equ	3705	;# 
  1081   000E7A                     B5D4            equ	3706	;# 
  1082   000E7B                     B5D5            equ	3707	;# 
  1083   000E7C                     B5D6            equ	3708	;# 
  1084   000E7D                     B5D7            equ	3709	;# 
  1085   000E7E                     CANSTAT_RO4     equ	3710	;# 
  1086   000E7F                     CANCON_RO4      equ	3711	;# 
  1087   000F00                     RXF0SIDH        equ	3840	;# 
  1088   000F01                     RXF0SIDL        equ	3841	;# 
  1089   000F02                     RXF0EIDH        equ	3842	;# 
  1090   000F03                     RXF0EIDL        equ	3843	;# 
  1091   000F04                     RXF1SIDH        equ	3844	;# 
  1092   000F05                     RXF1SIDL        equ	3845	;# 
  1093   000F06                     RXF1EIDH        equ	3846	;# 
  1094   000F07                     RXF1EIDL        equ	3847	;# 
  1095   000F08                     RXF2SIDH        equ	3848	;# 
  1096   000F09                     RXF2SIDL        equ	3849	;# 
  1097   000F0A                     RXF2EIDH        equ	3850	;# 
  1098   000F0B                     RXF2EIDL        equ	3851	;# 
  1099   000F0C                     RXF3SIDH        equ	3852	;# 
  1100   000F0D                     RXF3SIDL        equ	3853	;# 
  1101   000F0E                     RXF3EIDH        equ	3854	;# 
  1102   000F0F                     RXF3EIDL        equ	3855	;# 
  1103   000F10                     RXF4SIDH        equ	3856	;# 
  1104   000F11                     RXF4SIDL        equ	3857	;# 
  1105   000F12                     RXF4EIDH        equ	3858	;# 
  1106   000F13                     RXF4EIDL        equ	3859	;# 
  1107   000F14                     RXF5SIDH        equ	3860	;# 
  1108   000F15                     RXF5SIDL        equ	3861	;# 
  1109   000F16                     RXF5EIDH        equ	3862	;# 
  1110   000F17                     RXF5EIDL        equ	3863	;# 
  1111   000F18                     RXM0SIDH        equ	3864	;# 
  1112   000F19                     RXM0SIDL        equ	3865	;# 
  1113   000F1A                     RXM0EIDH        equ	3866	;# 
  1114   000F1B                     RXM0EIDL        equ	3867	;# 
  1115   000F1C                     RXM1SIDH        equ	3868	;# 
  1116   000F1D                     RXM1SIDL        equ	3869	;# 
  1117   000F1E                     RXM1EIDH        equ	3870	;# 
  1118   000F1F                     RXM1EIDL        equ	3871	;# 
  1119   000F20                     TXB2CON         equ	3872	;# 
  1120   000F21                     TXB2SIDH        equ	3873	;# 
  1121   000F22                     TXB2SIDL        equ	3874	;# 
  1122   000F23                     TXB2EIDH        equ	3875	;# 
  1123   000F24                     TXB2EIDL        equ	3876	;# 
  1124   000F25                     TXB2DLC         equ	3877	;# 
  1125   000F26                     TXB2D0          equ	3878	;# 
  1126   000F27                     TXB2D1          equ	3879	;# 
  1127   000F28                     TXB2D2          equ	3880	;# 
  1128   000F29                     TXB2D3          equ	3881	;# 
  1129   000F2A                     TXB2D4          equ	3882	;# 
  1130   000F2B                     TXB2D5          equ	3883	;# 
  1131   000F2C                     TXB2D6          equ	3884	;# 
  1132   000F2D                     TXB2D7          equ	3885	;# 
  1133   000F2E                     CANSTAT_RO3     equ	3886	;# 
  1134   000F2F                     CANCON_RO3      equ	3887	;# 
  1135   000F30                     TXB1CON         equ	3888	;# 
  1136   000F31                     TXB1SIDH        equ	3889	;# 
  1137   000F32                     TXB1SIDL        equ	3890	;# 
  1138   000F33                     TXB1EIDH        equ	3891	;# 
  1139   000F34                     TXB1EIDL        equ	3892	;# 
  1140   000F35                     TXB1DLC         equ	3893	;# 
  1141   000F36                     TXB1D0          equ	3894	;# 
  1142   000F37                     TXB1D1          equ	3895	;# 
  1143   000F38                     TXB1D2          equ	3896	;# 
  1144   000F39                     TXB1D3          equ	3897	;# 
  1145   000F3A                     TXB1D4          equ	3898	;# 
  1146   000F3B                     TXB1D5          equ	3899	;# 
  1147   000F3C                     TXB1D6          equ	3900	;# 
  1148   000F3D                     TXB1D7          equ	3901	;# 
  1149   000F3E                     CANSTAT_RO2     equ	3902	;# 
  1150   000F3F                     CANCON_RO2      equ	3903	;# 
  1151   000F40                     TXB0CON         equ	3904	;# 
  1152   000F41                     TXB0SIDH        equ	3905	;# 
  1153   000F42                     TXB0SIDL        equ	3906	;# 
  1154   000F43                     TXB0EIDH        equ	3907	;# 
  1155   000F44                     TXB0EIDL        equ	3908	;# 
  1156   000F45                     TXB0DLC         equ	3909	;# 
  1157   000F46                     TXB0D0          equ	3910	;# 
  1158   000F47                     TXB0D1          equ	3911	;# 
  1159   000F48                     TXB0D2          equ	3912	;# 
  1160   000F49                     TXB0D3          equ	3913	;# 
  1161   000F4A                     TXB0D4          equ	3914	;# 
  1162   000F4B                     TXB0D5          equ	3915	;# 
  1163   000F4C                     TXB0D6          equ	3916	;# 
  1164   000F4D                     TXB0D7          equ	3917	;# 
  1165   000F4E                     CANSTAT_RO1     equ	3918	;# 
  1166   000F4F                     CANCON_RO1      equ	3919	;# 
  1167   000F50                     RXB1CON         equ	3920	;# 
  1168   000F51                     RXB1SIDH        equ	3921	;# 
  1169   000F52                     RXB1SIDL        equ	3922	;# 
  1170   000F53                     RXB1EIDH        equ	3923	;# 
  1171   000F54                     RXB1EIDL        equ	3924	;# 
  1172   000F55                     RXB1DLC         equ	3925	;# 
  1173   000F56                     RXB1D0          equ	3926	;# 
  1174   000F57                     RXB1D1          equ	3927	;# 
  1175   000F58                     RXB1D2          equ	3928	;# 
  1176   000F59                     RXB1D3          equ	3929	;# 
  1177   000F5A                     RXB1D4          equ	3930	;# 
  1178   000F5B                     RXB1D5          equ	3931	;# 
  1179   000F5C                     RXB1D6          equ	3932	;# 
  1180   000F5D                     RXB1D7          equ	3933	;# 
  1181   000F5E                     CANSTAT_RO0     equ	3934	;# 
  1182   000F5F                     CANCON_RO0      equ	3935	;# 
  1183   000F60                     RXB0CON         equ	3936	;# 
  1184   000F61                     RXB0SIDH        equ	3937	;# 
  1185   000F62                     RXB0SIDL        equ	3938	;# 
  1186   000F63                     RXB0EIDH        equ	3939	;# 
  1187   000F64                     RXB0EIDL        equ	3940	;# 
  1188   000F65                     RXB0DLC         equ	3941	;# 
  1189   000F66                     RXB0D0          equ	3942	;# 
  1190   000F67                     RXB0D1          equ	3943	;# 
  1191   000F68                     RXB0D2          equ	3944	;# 
  1192   000F69                     RXB0D3          equ	3945	;# 
  1193   000F6A                     RXB0D4          equ	3946	;# 
  1194   000F6B                     RXB0D5          equ	3947	;# 
  1195   000F6C                     RXB0D6          equ	3948	;# 
  1196   000F6D                     RXB0D7          equ	3949	;# 
  1197   000F6E                     CANSTAT         equ	3950	;# 
  1198   000F6F                     CANCON          equ	3951	;# 
  1199   000F70                     BRGCON1         equ	3952	;# 
  1200   000F71                     BRGCON2         equ	3953	;# 
  1201   000F72                     BRGCON3         equ	3954	;# 
  1202   000F73                     CIOCON          equ	3955	;# 
  1203   000F74                     COMSTAT         equ	3956	;# 
  1204   000F75                     RXERRCNT        equ	3957	;# 
  1205   000F76                     TXERRCNT        equ	3958	;# 
  1206   000F77                     ECANCON         equ	3959	;# 
  1207   000F80                     PORTA           equ	3968	;# 
  1208   000F81                     PORTB           equ	3969	;# 
  1209   000F82                     PORTC           equ	3970	;# 
  1210   000F83                     PORTD           equ	3971	;# 
  1211   000F84                     PORTE           equ	3972	;# 
  1212   000F89                     LATA            equ	3977	;# 
  1213   000F8A                     LATB            equ	3978	;# 
  1214   000F8B                     LATC            equ	3979	;# 
  1215   000F8C                     LATD            equ	3980	;# 
  1216   000F8D                     LATE            equ	3981	;# 
  1217   000F92                     TRISA           equ	3986	;# 
  1218   000F92                     DDRA            equ	3986	;# 
  1219   000F93                     TRISB           equ	3987	;# 
  1220   000F93                     DDRB            equ	3987	;# 
  1221   000F94                     TRISC           equ	3988	;# 
  1222   000F94                     DDRC            equ	3988	;# 
  1223   000F95                     TRISD           equ	3989	;# 
  1224   000F95                     DDRD            equ	3989	;# 
  1225   000F96                     TRISE           equ	3990	;# 
  1226   000F96                     DDRE            equ	3990	;# 
  1227   000F9B                     OSCTUNE         equ	3995	;# 
  1228   000F9D                     PIE1            equ	3997	;# 
  1229   000F9E                     PIR1            equ	3998	;# 
  1230   000F9F                     IPR1            equ	3999	;# 
  1231   000FA0                     PIE2            equ	4000	;# 
  1232   000FA1                     PIR2            equ	4001	;# 
  1233   000FA2                     IPR2            equ	4002	;# 
  1234   000FA3                     PIE3            equ	4003	;# 
  1235   000FA4                     PIR3            equ	4004	;# 
  1236   000FA5                     IPR3            equ	4005	;# 
  1237   000FA6                     EECON1          equ	4006	;# 
  1238   000FA7                     EECON2          equ	4007	;# 
  1239   000FA8                     EEDATA          equ	4008	;# 
  1240   000FA9                     EEADR           equ	4009	;# 
  1241   000FAB                     RCSTA           equ	4011	;# 
  1242   000FAB                     RCSTA1          equ	4011	;# 
  1243   000FAC                     TXSTA           equ	4012	;# 
  1244   000FAC                     TXSTA1          equ	4012	;# 
  1245   000FAD                     TXREG           equ	4013	;# 
  1246   000FAD                     TXREG1          equ	4013	;# 
  1247   000FAE                     RCREG           equ	4014	;# 
  1248   000FAE                     RCREG1          equ	4014	;# 
  1249   000FAF                     SPBRG           equ	4015	;# 
  1250   000FAF                     SPBRG1          equ	4015	;# 
  1251   000FB0                     SPBRGH          equ	4016	;# 
  1252   000FB1                     T3CON           equ	4017	;# 
  1253   000FB2                     TMR3            equ	4018	;# 
  1254   000FB2                     TMR3L           equ	4018	;# 
  1255   000FB3                     TMR3H           equ	4019	;# 
  1256   000FB4                     CMCON           equ	4020	;# 
  1257   000FB5                     CVRCON          equ	4021	;# 
  1258   000FB6                     ECCP1AS         equ	4022	;# 
  1259   000FB7                     ECCP1DEL        equ	4023	;# 
  1260   000FB8                     BAUDCON         equ	4024	;# 
  1261   000FB8                     BAUDCTL         equ	4024	;# 
  1262   000FBA                     ECCP1CON        equ	4026	;# 
  1263   000FBB                     ECCPR1          equ	4027	;# 
  1264   000FBB                     ECCPR1L         equ	4027	;# 
  1265   000FBC                     ECCPR1H         equ	4028	;# 
  1266   000FBD                     CCP1CON         equ	4029	;# 
  1267   000FBE                     CCPR1           equ	4030	;# 
  1268   000FBE                     CCPR1L          equ	4030	;# 
  1269   000FBF                     CCPR1H          equ	4031	;# 
  1270   000FC0                     ADCON2          equ	4032	;# 
  1271   000FC1                     ADCON1          equ	4033	;# 
  1272   000FC2                     ADCON0          equ	4034	;# 
  1273   000FC3                     ADRES           equ	4035	;# 
  1274   000FC3                     ADRESL          equ	4035	;# 
  1275   000FC4                     ADRESH          equ	4036	;# 
  1276   000FC5                     SSPCON2         equ	4037	;# 
  1277   000FC6                     SSPCON1         equ	4038	;# 
  1278   000FC7                     SSPSTAT         equ	4039	;# 
  1279   000FC8                     SSPADD          equ	4040	;# 
  1280   000FC9                     SSPBUF          equ	4041	;# 
  1281   000FCA                     T2CON           equ	4042	;# 
  1282   000FCB                     PR2             equ	4043	;# 
  1283   000FCB                     MEMCON          equ	4043	;# 
  1284   000FCC                     TMR2            equ	4044	;# 
  1285   000FCD                     T1CON           equ	4045	;# 
  1286   000FCE                     TMR1            equ	4046	;# 
  1287   000FCE                     TMR1L           equ	4046	;# 
  1288   000FCF                     TMR1H           equ	4047	;# 
  1289   000FD0                     RCON            equ	4048	;# 
  1290   000FD1                     WDTCON          equ	4049	;# 
  1291   000FD2                     HLVDCON         equ	4050	;# 
  1292   000FD2                     LVDCON          equ	4050	;# 
  1293   000FD3                     OSCCON          equ	4051	;# 
  1294   000FD5                     T0CON           equ	4053	;# 
  1295   000FD6                     TMR0            equ	4054	;# 
  1296   000FD6                     TMR0L           equ	4054	;# 
  1297   000FD7                     TMR0H           equ	4055	;# 
  1298   000FD8                     STATUS          equ	4056	;# 
  1299   000FD9                     FSR2            equ	4057	;# 
  1300   000FD9                     FSR2L           equ	4057	;# 
  1301   000FDA                     FSR2H           equ	4058	;# 
  1302   000FDB                     PLUSW2          equ	4059	;# 
  1303   000FDC                     PREINC2         equ	4060	;# 
  1304   000FDD                     POSTDEC2        equ	4061	;# 
  1305   000FDE                     POSTINC2        equ	4062	;# 
  1306   000FDF                     INDF2           equ	4063	;# 
  1307   000FE0                     BSR             equ	4064	;# 
  1308   000FE1                     FSR1            equ	4065	;# 
  1309   000FE1                     FSR1L           equ	4065	;# 
  1310   000FE2                     FSR1H           equ	4066	;# 
  1311   000FE3                     PLUSW1          equ	4067	;# 
  1312   000FE4                     PREINC1         equ	4068	;# 
  1313   000FE5                     POSTDEC1        equ	4069	;# 
  1314   000FE6                     POSTINC1        equ	4070	;# 
  1315   000FE7                     INDF1           equ	4071	;# 
  1316   000FE8                     WREG            equ	4072	;# 
  1317   000FE9                     FSR0            equ	4073	;# 
  1318   000FE9                     FSR0L           equ	4073	;# 
  1319   000FEA                     FSR0H           equ	4074	;# 
  1320   000FEB                     PLUSW0          equ	4075	;# 
  1321   000FEC                     PREINC0         equ	4076	;# 
  1322   000FED                     POSTDEC0        equ	4077	;# 
  1323   000FEE                     POSTINC0        equ	4078	;# 
  1324   000FEF                     INDF0           equ	4079	;# 
  1325   000FF0                     INTCON3         equ	4080	;# 
  1326   000FF1                     INTCON2         equ	4081	;# 
  1327   000FF2                     INTCON          equ	4082	;# 
  1328   000FF3                     PROD            equ	4083	;# 
  1329   000FF3                     PRODL           equ	4083	;# 
  1330   000FF4                     PRODH           equ	4084	;# 
  1331   000FF5                     TABLAT          equ	4085	;# 
  1332   000FF6                     TBLPTR          equ	4086	;# 
  1333   000FF6                     TBLPTRL         equ	4086	;# 
  1334   000FF7                     TBLPTRH         equ	4087	;# 
  1335   000FF8                     TBLPTRU         equ	4088	;# 
  1336   000FF9                     PCLAT           equ	4089	;# 
  1337   000FF9                     PC              equ	4089	;# 
  1338   000FF9                     PCL             equ	4089	;# 
  1339   000FFA                     PCLATH          equ	4090	;# 
  1340   000FFB                     PCLATU          equ	4091	;# 
  1341   000FFC                     STKPTR          equ	4092	;# 
  1342   000FFD                     TOS             equ	4093	;# 
  1343   000FFD                     TOSL            equ	4093	;# 
  1344   000FFE                     TOSH            equ	4094	;# 
  1345   000FFF                     TOSU            equ	4095	;# 
  1346   000D60                     RXF6SIDH        equ	3424	;# 
  1347   000D61                     RXF6SIDL        equ	3425	;# 
  1348   000D62                     RXF6EIDH        equ	3426	;# 
  1349   000D63                     RXF6EIDL        equ	3427	;# 
  1350   000D64                     RXF7SIDH        equ	3428	;# 
  1351   000D65                     RXF7SIDL        equ	3429	;# 
  1352   000D66                     RXF7EIDH        equ	3430	;# 
  1353   000D67                     RXF7EIDL        equ	3431	;# 
  1354   000D68                     RXF8SIDH        equ	3432	;# 
  1355   000D69                     RXF8SIDL        equ	3433	;# 
  1356   000D6A                     RXF8EIDH        equ	3434	;# 
  1357   000D6B                     RXF8EIDL        equ	3435	;# 
  1358   000D70                     RXF9SIDH        equ	3440	;# 
  1359   000D71                     RXF9SIDL        equ	3441	;# 
  1360   000D72                     RXF9EIDH        equ	3442	;# 
  1361   000D73                     RXF9EIDL        equ	3443	;# 
  1362   000D74                     RXF10SIDH       equ	3444	;# 
  1363   000D75                     RXF10SIDL       equ	3445	;# 
  1364   000D76                     RXF10EIDH       equ	3446	;# 
  1365   000D77                     RXF10EIDL       equ	3447	;# 
  1366   000D78                     RXF11SIDH       equ	3448	;# 
  1367   000D79                     RXF11SIDL       equ	3449	;# 
  1368   000D7A                     RXF11EIDH       equ	3450	;# 
  1369   000D7B                     RXF11EIDL       equ	3451	;# 
  1370   000D80                     RXF12SIDH       equ	3456	;# 
  1371   000D81                     RXF12SIDL       equ	3457	;# 
  1372   000D82                     RXF12EIDH       equ	3458	;# 
  1373   000D83                     RXF12EIDL       equ	3459	;# 
  1374   000D84                     RXF13SIDH       equ	3460	;# 
  1375   000D85                     RXF13SIDL       equ	3461	;# 
  1376   000D86                     RXF13EIDH       equ	3462	;# 
  1377   000D87                     RXF13EIDL       equ	3463	;# 
  1378   000D88                     RXF14SIDH       equ	3464	;# 
  1379   000D89                     RXF14SIDL       equ	3465	;# 
  1380   000D8A                     RXF14EIDH       equ	3466	;# 
  1381   000D8B                     RXF14EIDL       equ	3467	;# 
  1382   000D90                     RXF15SIDH       equ	3472	;# 
  1383   000D91                     RXF15SIDL       equ	3473	;# 
  1384   000D92                     RXF15EIDH       equ	3474	;# 
  1385   000D93                     RXF15EIDL       equ	3475	;# 
  1386   000DD4                     RXFCON0         equ	3540	;# 
  1387   000DD5                     RXFCON1         equ	3541	;# 
  1388   000DD8                     SDFLC           equ	3544	;# 
  1389   000DE0                     RXFBCON0        equ	3552	;# 
  1390   000DE1                     RXFBCON1        equ	3553	;# 
  1391   000DE2                     RXFBCON2        equ	3554	;# 
  1392   000DE3                     RXFBCON3        equ	3555	;# 
  1393   000DE4                     RXFBCON4        equ	3556	;# 
  1394   000DE5                     RXFBCON5        equ	3557	;# 
  1395   000DE6                     RXFBCON6        equ	3558	;# 
  1396   000DE7                     RXFBCON7        equ	3559	;# 
  1397   000DF0                     MSEL0           equ	3568	;# 
  1398   000DF1                     MSEL1           equ	3569	;# 
  1399   000DF2                     MSEL2           equ	3570	;# 
  1400   000DF3                     MSEL3           equ	3571	;# 
  1401   000DF8                     BSEL0           equ	3576	;# 
  1402   000DFA                     BIE0            equ	3578	;# 
  1403   000DFC                     TXBIE           equ	3580	;# 
  1404   000E20                     B0CON           equ	3616	;# 
  1405   000E21                     B0SIDH          equ	3617	;# 
  1406   000E22                     B0SIDL          equ	3618	;# 
  1407   000E23                     B0EIDH          equ	3619	;# 
  1408   000E24                     B0EIDL          equ	3620	;# 
  1409   000E25                     B0DLC           equ	3621	;# 
  1410   000E26                     B0D0            equ	3622	;# 
  1411   000E27                     B0D1            equ	3623	;# 
  1412   000E28                     B0D2            equ	3624	;# 
  1413   000E29                     B0D3            equ	3625	;# 
  1414   000E2A                     B0D4            equ	3626	;# 
  1415   000E2B                     B0D5            equ	3627	;# 
  1416   000E2C                     B0D6            equ	3628	;# 
  1417   000E2D                     B0D7            equ	3629	;# 
  1418   000E2E                     CANSTAT_RO9     equ	3630	;# 
  1419   000E2F                     CANCON_RO9      equ	3631	;# 
  1420   000E30                     B1CON           equ	3632	;# 
  1421   000E31                     B1SIDH          equ	3633	;# 
  1422   000E32                     B1SIDL          equ	3634	;# 
  1423   000E33                     B1EIDH          equ	3635	;# 
  1424   000E34                     B1EIDL          equ	3636	;# 
  1425   000E35                     B1DLC           equ	3637	;# 
  1426   000E36                     B1D0            equ	3638	;# 
  1427   000E37                     B1D1            equ	3639	;# 
  1428   000E38                     B1D2            equ	3640	;# 
  1429   000E39                     B1D3            equ	3641	;# 
  1430   000E3A                     B1D4            equ	3642	;# 
  1431   000E3B                     B1D5            equ	3643	;# 
  1432   000E3C                     B1D6            equ	3644	;# 
  1433   000E3D                     B1D7            equ	3645	;# 
  1434   000E3E                     CANSTAT_RO8     equ	3646	;# 
  1435   000E3F                     CANCON_RO8      equ	3647	;# 
  1436   000E40                     B2CON           equ	3648	;# 
  1437   000E41                     B2SIDH          equ	3649	;# 
  1438   000E42                     B2SIDL          equ	3650	;# 
  1439   000E43                     B2EIDH          equ	3651	;# 
  1440   000E44                     B2EIDL          equ	3652	;# 
  1441   000E45                     B2DLC           equ	3653	;# 
  1442   000E46                     B2D0            equ	3654	;# 
  1443   000E47                     B2D1            equ	3655	;# 
  1444   000E48                     B2D2            equ	3656	;# 
  1445   000E49                     B2D3            equ	3657	;# 
  1446   000E4A                     B2D4            equ	3658	;# 
  1447   000E4B                     B2D5            equ	3659	;# 
  1448   000E4C                     B2D6            equ	3660	;# 
  1449   000E4D                     B2D7            equ	3661	;# 
  1450   000E4E                     CANSTAT_RO7     equ	3662	;# 
  1451   000E4F                     CANCON_RO7      equ	3663	;# 
  1452   000E50                     B3CON           equ	3664	;# 
  1453   000E51                     B3SIDH          equ	3665	;# 
  1454   000E52                     B3SIDL          equ	3666	;# 
  1455   000E53                     B3EIDH          equ	3667	;# 
  1456   000E54                     B3EIDL          equ	3668	;# 
  1457   000E55                     B3DLC           equ	3669	;# 
  1458   000E56                     B3D0            equ	3670	;# 
  1459   000E57                     B3D1            equ	3671	;# 
  1460   000E58                     B3D2            equ	3672	;# 
  1461   000E59                     B3D3            equ	3673	;# 
  1462   000E5A                     B3D4            equ	3674	;# 
  1463   000E5B                     B3D5            equ	3675	;# 
  1464   000E5C                     B3D6            equ	3676	;# 
  1465   000E5D                     B3D7            equ	3677	;# 
  1466   000E5E                     CANSTAT_RO6     equ	3678	;# 
  1467   000E5F                     CANCON_RO6      equ	3679	;# 
  1468   000E60                     B4CON           equ	3680	;# 
  1469   000E61                     B4SIDH          equ	3681	;# 
  1470   000E62                     B4SIDL          equ	3682	;# 
  1471   000E63                     B4EIDH          equ	3683	;# 
  1472   000E64                     B4EIDL          equ	3684	;# 
  1473   000E65                     B4DLC           equ	3685	;# 
  1474   000E66                     B4D0            equ	3686	;# 
  1475   000E67                     B4D1            equ	3687	;# 
  1476   000E68                     B4D2            equ	3688	;# 
  1477   000E69                     B4D3            equ	3689	;# 
  1478   000E6A                     B4D4            equ	3690	;# 
  1479   000E6B                     B4D5            equ	3691	;# 
  1480   000E6C                     B4D6            equ	3692	;# 
  1481   000E6D                     B4D7            equ	3693	;# 
  1482   000E6E                     CANSTAT_RO5     equ	3694	;# 
  1483   000E6F                     CANCON_RO5      equ	3695	;# 
  1484   000E70                     B5CON           equ	3696	;# 
  1485   000E71                     B5SIDH          equ	3697	;# 
  1486   000E72                     B5SIDL          equ	3698	;# 
  1487   000E73                     B5EIDH          equ	3699	;# 
  1488   000E74                     B5EIDL          equ	3700	;# 
  1489   000E75                     B5DLC           equ	3701	;# 
  1490   000E76                     B5D0            equ	3702	;# 
  1491   000E77                     B5D1            equ	3703	;# 
  1492   000E78                     B5D2            equ	3704	;# 
  1493   000E79                     B5D3            equ	3705	;# 
  1494   000E7A                     B5D4            equ	3706	;# 
  1495   000E7B                     B5D5            equ	3707	;# 
  1496   000E7C                     B5D6            equ	3708	;# 
  1497   000E7D                     B5D7            equ	3709	;# 
  1498   000E7E                     CANSTAT_RO4     equ	3710	;# 
  1499   000E7F                     CANCON_RO4      equ	3711	;# 
  1500   000F00                     RXF0SIDH        equ	3840	;# 
  1501   000F01                     RXF0SIDL        equ	3841	;# 
  1502   000F02                     RXF0EIDH        equ	3842	;# 
  1503   000F03                     RXF0EIDL        equ	3843	;# 
  1504   000F04                     RXF1SIDH        equ	3844	;# 
  1505   000F05                     RXF1SIDL        equ	3845	;# 
  1506   000F06                     RXF1EIDH        equ	3846	;# 
  1507   000F07                     RXF1EIDL        equ	3847	;# 
  1508   000F08                     RXF2SIDH        equ	3848	;# 
  1509   000F09                     RXF2SIDL        equ	3849	;# 
  1510   000F0A                     RXF2EIDH        equ	3850	;# 
  1511   000F0B                     RXF2EIDL        equ	3851	;# 
  1512   000F0C                     RXF3SIDH        equ	3852	;# 
  1513   000F0D                     RXF3SIDL        equ	3853	;# 
  1514   000F0E                     RXF3EIDH        equ	3854	;# 
  1515   000F0F                     RXF3EIDL        equ	3855	;# 
  1516   000F10                     RXF4SIDH        equ	3856	;# 
  1517   000F11                     RXF4SIDL        equ	3857	;# 
  1518   000F12                     RXF4EIDH        equ	3858	;# 
  1519   000F13                     RXF4EIDL        equ	3859	;# 
  1520   000F14                     RXF5SIDH        equ	3860	;# 
  1521   000F15                     RXF5SIDL        equ	3861	;# 
  1522   000F16                     RXF5EIDH        equ	3862	;# 
  1523   000F17                     RXF5EIDL        equ	3863	;# 
  1524   000F18                     RXM0SIDH        equ	3864	;# 
  1525   000F19                     RXM0SIDL        equ	3865	;# 
  1526   000F1A                     RXM0EIDH        equ	3866	;# 
  1527   000F1B                     RXM0EIDL        equ	3867	;# 
  1528   000F1C                     RXM1SIDH        equ	3868	;# 
  1529   000F1D                     RXM1SIDL        equ	3869	;# 
  1530   000F1E                     RXM1EIDH        equ	3870	;# 
  1531   000F1F                     RXM1EIDL        equ	3871	;# 
  1532   000F20                     TXB2CON         equ	3872	;# 
  1533   000F21                     TXB2SIDH        equ	3873	;# 
  1534   000F22                     TXB2SIDL        equ	3874	;# 
  1535   000F23                     TXB2EIDH        equ	3875	;# 
  1536   000F24                     TXB2EIDL        equ	3876	;# 
  1537   000F25                     TXB2DLC         equ	3877	;# 
  1538   000F26                     TXB2D0          equ	3878	;# 
  1539   000F27                     TXB2D1          equ	3879	;# 
  1540   000F28                     TXB2D2          equ	3880	;# 
  1541   000F29                     TXB2D3          equ	3881	;# 
  1542   000F2A                     TXB2D4          equ	3882	;# 
  1543   000F2B                     TXB2D5          equ	3883	;# 
  1544   000F2C                     TXB2D6          equ	3884	;# 
  1545   000F2D                     TXB2D7          equ	3885	;# 
  1546   000F2E                     CANSTAT_RO3     equ	3886	;# 
  1547   000F2F                     CANCON_RO3      equ	3887	;# 
  1548   000F30                     TXB1CON         equ	3888	;# 
  1549   000F31                     TXB1SIDH        equ	3889	;# 
  1550   000F32                     TXB1SIDL        equ	3890	;# 
  1551   000F33                     TXB1EIDH        equ	3891	;# 
  1552   000F34                     TXB1EIDL        equ	3892	;# 
  1553   000F35                     TXB1DLC         equ	3893	;# 
  1554   000F36                     TXB1D0          equ	3894	;# 
  1555   000F37                     TXB1D1          equ	3895	;# 
  1556   000F38                     TXB1D2          equ	3896	;# 
  1557   000F39                     TXB1D3          equ	3897	;# 
  1558   000F3A                     TXB1D4          equ	3898	;# 
  1559   000F3B                     TXB1D5          equ	3899	;# 
  1560   000F3C                     TXB1D6          equ	3900	;# 
  1561   000F3D                     TXB1D7          equ	3901	;# 
  1562   000F3E                     CANSTAT_RO2     equ	3902	;# 
  1563   000F3F                     CANCON_RO2      equ	3903	;# 
  1564   000F40                     TXB0CON         equ	3904	;# 
  1565   000F41                     TXB0SIDH        equ	3905	;# 
  1566   000F42                     TXB0SIDL        equ	3906	;# 
  1567   000F43                     TXB0EIDH        equ	3907	;# 
  1568   000F44                     TXB0EIDL        equ	3908	;# 
  1569   000F45                     TXB0DLC         equ	3909	;# 
  1570   000F46                     TXB0D0          equ	3910	;# 
  1571   000F47                     TXB0D1          equ	3911	;# 
  1572   000F48                     TXB0D2          equ	3912	;# 
  1573   000F49                     TXB0D3          equ	3913	;# 
  1574   000F4A                     TXB0D4          equ	3914	;# 
  1575   000F4B                     TXB0D5          equ	3915	;# 
  1576   000F4C                     TXB0D6          equ	3916	;# 
  1577   000F4D                     TXB0D7          equ	3917	;# 
  1578   000F4E                     CANSTAT_RO1     equ	3918	;# 
  1579   000F4F                     CANCON_RO1      equ	3919	;# 
  1580   000F50                     RXB1CON         equ	3920	;# 
  1581   000F51                     RXB1SIDH        equ	3921	;# 
  1582   000F52                     RXB1SIDL        equ	3922	;# 
  1583   000F53                     RXB1EIDH        equ	3923	;# 
  1584   000F54                     RXB1EIDL        equ	3924	;# 
  1585   000F55                     RXB1DLC         equ	3925	;# 
  1586   000F56                     RXB1D0          equ	3926	;# 
  1587   000F57                     RXB1D1          equ	3927	;# 
  1588   000F58                     RXB1D2          equ	3928	;# 
  1589   000F59                     RXB1D3          equ	3929	;# 
  1590   000F5A                     RXB1D4          equ	3930	;# 
  1591   000F5B                     RXB1D5          equ	3931	;# 
  1592   000F5C                     RXB1D6          equ	3932	;# 
  1593   000F5D                     RXB1D7          equ	3933	;# 
  1594   000F5E                     CANSTAT_RO0     equ	3934	;# 
  1595   000F5F                     CANCON_RO0      equ	3935	;# 
  1596   000F60                     RXB0CON         equ	3936	;# 
  1597   000F61                     RXB0SIDH        equ	3937	;# 
  1598   000F62                     RXB0SIDL        equ	3938	;# 
  1599   000F63                     RXB0EIDH        equ	3939	;# 
  1600   000F64                     RXB0EIDL        equ	3940	;# 
  1601   000F65                     RXB0DLC         equ	3941	;# 
  1602   000F66                     RXB0D0          equ	3942	;# 
  1603   000F67                     RXB0D1          equ	3943	;# 
  1604   000F68                     RXB0D2          equ	3944	;# 
  1605   000F69                     RXB0D3          equ	3945	;# 
  1606   000F6A                     RXB0D4          equ	3946	;# 
  1607   000F6B                     RXB0D5          equ	3947	;# 
  1608   000F6C                     RXB0D6          equ	3948	;# 
  1609   000F6D                     RXB0D7          equ	3949	;# 
  1610   000F6E                     CANSTAT         equ	3950	;# 
  1611   000F6F                     CANCON          equ	3951	;# 
  1612   000F70                     BRGCON1         equ	3952	;# 
  1613   000F71                     BRGCON2         equ	3953	;# 
  1614   000F72                     BRGCON3         equ	3954	;# 
  1615   000F73                     CIOCON          equ	3955	;# 
  1616   000F74                     COMSTAT         equ	3956	;# 
  1617   000F75                     RXERRCNT        equ	3957	;# 
  1618   000F76                     TXERRCNT        equ	3958	;# 
  1619   000F77                     ECANCON         equ	3959	;# 
  1620   000F80                     PORTA           equ	3968	;# 
  1621   000F81                     PORTB           equ	3969	;# 
  1622   000F82                     PORTC           equ	3970	;# 
  1623   000F83                     PORTD           equ	3971	;# 
  1624   000F84                     PORTE           equ	3972	;# 
  1625   000F89                     LATA            equ	3977	;# 
  1626   000F8A                     LATB            equ	3978	;# 
  1627   000F8B                     LATC            equ	3979	;# 
  1628   000F8C                     LATD            equ	3980	;# 
  1629   000F8D                     LATE            equ	3981	;# 
  1630   000F92                     TRISA           equ	3986	;# 
  1631   000F92                     DDRA            equ	3986	;# 
  1632   000F93                     TRISB           equ	3987	;# 
  1633   000F93                     DDRB            equ	3987	;# 
  1634   000F94                     TRISC           equ	3988	;# 
  1635   000F94                     DDRC            equ	3988	;# 
  1636   000F95                     TRISD           equ	3989	;# 
  1637   000F95                     DDRD            equ	3989	;# 
  1638   000F96                     TRISE           equ	3990	;# 
  1639   000F96                     DDRE            equ	3990	;# 
  1640   000F9B                     OSCTUNE         equ	3995	;# 
  1641   000F9D                     PIE1            equ	3997	;# 
  1642   000F9E                     PIR1            equ	3998	;# 
  1643   000F9F                     IPR1            equ	3999	;# 
  1644   000FA0                     PIE2            equ	4000	;# 
  1645   000FA1                     PIR2            equ	4001	;# 
  1646   000FA2                     IPR2            equ	4002	;# 
  1647   000FA3                     PIE3            equ	4003	;# 
  1648   000FA4                     PIR3            equ	4004	;# 
  1649   000FA5                     IPR3            equ	4005	;# 
  1650   000FA6                     EECON1          equ	4006	;# 
  1651   000FA7                     EECON2          equ	4007	;# 
  1652   000FA8                     EEDATA          equ	4008	;# 
  1653   000FA9                     EEADR           equ	4009	;# 
  1654   000FAB                     RCSTA           equ	4011	;# 
  1655   000FAB                     RCSTA1          equ	4011	;# 
  1656   000FAC                     TXSTA           equ	4012	;# 
  1657   000FAC                     TXSTA1          equ	4012	;# 
  1658   000FAD                     TXREG           equ	4013	;# 
  1659   000FAD                     TXREG1          equ	4013	;# 
  1660   000FAE                     RCREG           equ	4014	;# 
  1661   000FAE                     RCREG1          equ	4014	;# 
  1662   000FAF                     SPBRG           equ	4015	;# 
  1663   000FAF                     SPBRG1          equ	4015	;# 
  1664   000FB0                     SPBRGH          equ	4016	;# 
  1665   000FB1                     T3CON           equ	4017	;# 
  1666   000FB2                     TMR3            equ	4018	;# 
  1667   000FB2                     TMR3L           equ	4018	;# 
  1668   000FB3                     TMR3H           equ	4019	;# 
  1669   000FB4                     CMCON           equ	4020	;# 
  1670   000FB5                     CVRCON          equ	4021	;# 
  1671   000FB6                     ECCP1AS         equ	4022	;# 
  1672   000FB7                     ECCP1DEL        equ	4023	;# 
  1673   000FB8                     BAUDCON         equ	4024	;# 
  1674   000FB8                     BAUDCTL         equ	4024	;# 
  1675   000FBA                     ECCP1CON        equ	4026	;# 
  1676   000FBB                     ECCPR1          equ	4027	;# 
  1677   000FBB                     ECCPR1L         equ	4027	;# 
  1678   000FBC                     ECCPR1H         equ	4028	;# 
  1679   000FBD                     CCP1CON         equ	4029	;# 
  1680   000FBE                     CCPR1           equ	4030	;# 
  1681   000FBE                     CCPR1L          equ	4030	;# 
  1682   000FBF                     CCPR1H          equ	4031	;# 
  1683   000FC0                     ADCON2          equ	4032	;# 
  1684   000FC1                     ADCON1          equ	4033	;# 
  1685   000FC2                     ADCON0          equ	4034	;# 
  1686   000FC3                     ADRES           equ	4035	;# 
  1687   000FC3                     ADRESL          equ	4035	;# 
  1688   000FC4                     ADRESH          equ	4036	;# 
  1689   000FC5                     SSPCON2         equ	4037	;# 
  1690   000FC6                     SSPCON1         equ	4038	;# 
  1691   000FC7                     SSPSTAT         equ	4039	;# 
  1692   000FC8                     SSPADD          equ	4040	;# 
  1693   000FC9                     SSPBUF          equ	4041	;# 
  1694   000FCA                     T2CON           equ	4042	;# 
  1695   000FCB                     PR2             equ	4043	;# 
  1696   000FCB                     MEMCON          equ	4043	;# 
  1697   000FCC                     TMR2            equ	4044	;# 
  1698   000FCD                     T1CON           equ	4045	;# 
  1699   000FCE                     TMR1            equ	4046	;# 
  1700   000FCE                     TMR1L           equ	4046	;# 
  1701   000FCF                     TMR1H           equ	4047	;# 
  1702   000FD0                     RCON            equ	4048	;# 
  1703   000FD1                     WDTCON          equ	4049	;# 
  1704   000FD2                     HLVDCON         equ	4050	;# 
  1705   000FD2                     LVDCON          equ	4050	;# 
  1706   000FD3                     OSCCON          equ	4051	;# 
  1707   000FD5                     T0CON           equ	4053	;# 
  1708   000FD6                     TMR0            equ	4054	;# 
  1709   000FD6                     TMR0L           equ	4054	;# 
  1710   000FD7                     TMR0H           equ	4055	;# 
  1711   000FD8                     STATUS          equ	4056	;# 
  1712   000FD9                     FSR2            equ	4057	;# 
  1713   000FD9                     FSR2L           equ	4057	;# 
  1714   000FDA                     FSR2H           equ	4058	;# 
  1715   000FDB                     PLUSW2          equ	4059	;# 
  1716   000FDC                     PREINC2         equ	4060	;# 
  1717   000FDD                     POSTDEC2        equ	4061	;# 
  1718   000FDE                     POSTINC2        equ	4062	;# 
  1719   000FDF                     INDF2           equ	4063	;# 
  1720   000FE0                     BSR             equ	4064	;# 
  1721   000FE1                     FSR1            equ	4065	;# 
  1722   000FE1                     FSR1L           equ	4065	;# 
  1723   000FE2                     FSR1H           equ	4066	;# 
  1724   000FE3                     PLUSW1          equ	4067	;# 
  1725   000FE4                     PREINC1         equ	4068	;# 
  1726   000FE5                     POSTDEC1        equ	4069	;# 
  1727   000FE6                     POSTINC1        equ	4070	;# 
  1728   000FE7                     INDF1           equ	4071	;# 
  1729   000FE8                     WREG            equ	4072	;# 
  1730   000FE9                     FSR0            equ	4073	;# 
  1731   000FE9                     FSR0L           equ	4073	;# 
  1732   000FEA                     FSR0H           equ	4074	;# 
  1733   000FEB                     PLUSW0          equ	4075	;# 
  1734   000FEC                     PREINC0         equ	4076	;# 
  1735   000FED                     POSTDEC0        equ	4077	;# 
  1736   000FEE                     POSTINC0        equ	4078	;# 
  1737   000FEF                     INDF0           equ	4079	;# 
  1738   000FF0                     INTCON3         equ	4080	;# 
  1739   000FF1                     INTCON2         equ	4081	;# 
  1740   000FF2                     INTCON          equ	4082	;# 
  1741   000FF3                     PROD            equ	4083	;# 
  1742   000FF3                     PRODL           equ	4083	;# 
  1743   000FF4                     PRODH           equ	4084	;# 
  1744   000FF5                     TABLAT          equ	4085	;# 
  1745   000FF6                     TBLPTR          equ	4086	;# 
  1746   000FF6                     TBLPTRL         equ	4086	;# 
  1747   000FF7                     TBLPTRH         equ	4087	;# 
  1748   000FF8                     TBLPTRU         equ	4088	;# 
  1749   000FF9                     PCLAT           equ	4089	;# 
  1750   000FF9                     PC              equ	4089	;# 
  1751   000FF9                     PCL             equ	4089	;# 
  1752   000FFA                     PCLATH          equ	4090	;# 
  1753   000FFB                     PCLATU          equ	4091	;# 
  1754   000FFC                     STKPTR          equ	4092	;# 
  1755   000FFD                     TOS             equ	4093	;# 
  1756   000FFD                     TOSL            equ	4093	;# 
  1757   000FFE                     TOSH            equ	4094	;# 
  1758   000FFF                     TOSU            equ	4095	;# 
  1759   000D60                     RXF6SIDH        equ	3424	;# 
  1760   000D61                     RXF6SIDL        equ	3425	;# 
  1761   000D62                     RXF6EIDH        equ	3426	;# 
  1762   000D63                     RXF6EIDL        equ	3427	;# 
  1763   000D64                     RXF7SIDH        equ	3428	;# 
  1764   000D65                     RXF7SIDL        equ	3429	;# 
  1765   000D66                     RXF7EIDH        equ	3430	;# 
  1766   000D67                     RXF7EIDL        equ	3431	;# 
  1767   000D68                     RXF8SIDH        equ	3432	;# 
  1768   000D69                     RXF8SIDL        equ	3433	;# 
  1769   000D6A                     RXF8EIDH        equ	3434	;# 
  1770   000D6B                     RXF8EIDL        equ	3435	;# 
  1771   000D70                     RXF9SIDH        equ	3440	;# 
  1772   000D71                     RXF9SIDL        equ	3441	;# 
  1773   000D72                     RXF9EIDH        equ	3442	;# 
  1774   000D73                     RXF9EIDL        equ	3443	;# 
  1775   000D74                     RXF10SIDH       equ	3444	;# 
  1776   000D75                     RXF10SIDL       equ	3445	;# 
  1777   000D76                     RXF10EIDH       equ	3446	;# 
  1778   000D77                     RXF10EIDL       equ	3447	;# 
  1779   000D78                     RXF11SIDH       equ	3448	;# 
  1780   000D79                     RXF11SIDL       equ	3449	;# 
  1781   000D7A                     RXF11EIDH       equ	3450	;# 
  1782   000D7B                     RXF11EIDL       equ	3451	;# 
  1783   000D80                     RXF12SIDH       equ	3456	;# 
  1784   000D81                     RXF12SIDL       equ	3457	;# 
  1785   000D82                     RXF12EIDH       equ	3458	;# 
  1786   000D83                     RXF12EIDL       equ	3459	;# 
  1787   000D84                     RXF13SIDH       equ	3460	;# 
  1788   000D85                     RXF13SIDL       equ	3461	;# 
  1789   000D86                     RXF13EIDH       equ	3462	;# 
  1790   000D87                     RXF13EIDL       equ	3463	;# 
  1791   000D88                     RXF14SIDH       equ	3464	;# 
  1792   000D89                     RXF14SIDL       equ	3465	;# 
  1793   000D8A                     RXF14EIDH       equ	3466	;# 
  1794   000D8B                     RXF14EIDL       equ	3467	;# 
  1795   000D90                     RXF15SIDH       equ	3472	;# 
  1796   000D91                     RXF15SIDL       equ	3473	;# 
  1797   000D92                     RXF15EIDH       equ	3474	;# 
  1798   000D93                     RXF15EIDL       equ	3475	;# 
  1799   000DD4                     RXFCON0         equ	3540	;# 
  1800   000DD5                     RXFCON1         equ	3541	;# 
  1801   000DD8                     SDFLC           equ	3544	;# 
  1802   000DE0                     RXFBCON0        equ	3552	;# 
  1803   000DE1                     RXFBCON1        equ	3553	;# 
  1804   000DE2                     RXFBCON2        equ	3554	;# 
  1805   000DE3                     RXFBCON3        equ	3555	;# 
  1806   000DE4                     RXFBCON4        equ	3556	;# 
  1807   000DE5                     RXFBCON5        equ	3557	;# 
  1808   000DE6                     RXFBCON6        equ	3558	;# 
  1809   000DE7                     RXFBCON7        equ	3559	;# 
  1810   000DF0                     MSEL0           equ	3568	;# 
  1811   000DF1                     MSEL1           equ	3569	;# 
  1812   000DF2                     MSEL2           equ	3570	;# 
  1813   000DF3                     MSEL3           equ	3571	;# 
  1814   000DF8                     BSEL0           equ	3576	;# 
  1815   000DFA                     BIE0            equ	3578	;# 
  1816   000DFC                     TXBIE           equ	3580	;# 
  1817   000E20                     B0CON           equ	3616	;# 
  1818   000E21                     B0SIDH          equ	3617	;# 
  1819   000E22                     B0SIDL          equ	3618	;# 
  1820   000E23                     B0EIDH          equ	3619	;# 
  1821   000E24                     B0EIDL          equ	3620	;# 
  1822   000E25                     B0DLC           equ	3621	;# 
  1823   000E26                     B0D0            equ	3622	;# 
  1824   000E27                     B0D1            equ	3623	;# 
  1825   000E28                     B0D2            equ	3624	;# 
  1826   000E29                     B0D3            equ	3625	;# 
  1827   000E2A                     B0D4            equ	3626	;# 
  1828   000E2B                     B0D5            equ	3627	;# 
  1829   000E2C                     B0D6            equ	3628	;# 
  1830   000E2D                     B0D7            equ	3629	;# 
  1831   000E2E                     CANSTAT_RO9     equ	3630	;# 
  1832   000E2F                     CANCON_RO9      equ	3631	;# 
  1833   000E30                     B1CON           equ	3632	;# 
  1834   000E31                     B1SIDH          equ	3633	;# 
  1835   000E32                     B1SIDL          equ	3634	;# 
  1836   000E33                     B1EIDH          equ	3635	;# 
  1837   000E34                     B1EIDL          equ	3636	;# 
  1838   000E35                     B1DLC           equ	3637	;# 
  1839   000E36                     B1D0            equ	3638	;# 
  1840   000E37                     B1D1            equ	3639	;# 
  1841   000E38                     B1D2            equ	3640	;# 
  1842   000E39                     B1D3            equ	3641	;# 
  1843   000E3A                     B1D4            equ	3642	;# 
  1844   000E3B                     B1D5            equ	3643	;# 
  1845   000E3C                     B1D6            equ	3644	;# 
  1846   000E3D                     B1D7            equ	3645	;# 
  1847   000E3E                     CANSTAT_RO8     equ	3646	;# 
  1848   000E3F                     CANCON_RO8      equ	3647	;# 
  1849   000E40                     B2CON           equ	3648	;# 
  1850   000E41                     B2SIDH          equ	3649	;# 
  1851   000E42                     B2SIDL          equ	3650	;# 
  1852   000E43                     B2EIDH          equ	3651	;# 
  1853   000E44                     B2EIDL          equ	3652	;# 
  1854   000E45                     B2DLC           equ	3653	;# 
  1855   000E46                     B2D0            equ	3654	;# 
  1856   000E47                     B2D1            equ	3655	;# 
  1857   000E48                     B2D2            equ	3656	;# 
  1858   000E49                     B2D3            equ	3657	;# 
  1859   000E4A                     B2D4            equ	3658	;# 
  1860   000E4B                     B2D5            equ	3659	;# 
  1861   000E4C                     B2D6            equ	3660	;# 
  1862   000E4D                     B2D7            equ	3661	;# 
  1863   000E4E                     CANSTAT_RO7     equ	3662	;# 
  1864   000E4F                     CANCON_RO7      equ	3663	;# 
  1865   000E50                     B3CON           equ	3664	;# 
  1866   000E51                     B3SIDH          equ	3665	;# 
  1867   000E52                     B3SIDL          equ	3666	;# 
  1868   000E53                     B3EIDH          equ	3667	;# 
  1869   000E54                     B3EIDL          equ	3668	;# 
  1870   000E55                     B3DLC           equ	3669	;# 
  1871   000E56                     B3D0            equ	3670	;# 
  1872   000E57                     B3D1            equ	3671	;# 
  1873   000E58                     B3D2            equ	3672	;# 
  1874   000E59                     B3D3            equ	3673	;# 
  1875   000E5A                     B3D4            equ	3674	;# 
  1876   000E5B                     B3D5            equ	3675	;# 
  1877   000E5C                     B3D6            equ	3676	;# 
  1878   000E5D                     B3D7            equ	3677	;# 
  1879   000E5E                     CANSTAT_RO6     equ	3678	;# 
  1880   000E5F                     CANCON_RO6      equ	3679	;# 
  1881   000E60                     B4CON           equ	3680	;# 
  1882   000E61                     B4SIDH          equ	3681	;# 
  1883   000E62                     B4SIDL          equ	3682	;# 
  1884   000E63                     B4EIDH          equ	3683	;# 
  1885   000E64                     B4EIDL          equ	3684	;# 
  1886   000E65                     B4DLC           equ	3685	;# 
  1887   000E66                     B4D0            equ	3686	;# 
  1888   000E67                     B4D1            equ	3687	;# 
  1889   000E68                     B4D2            equ	3688	;# 
  1890   000E69                     B4D3            equ	3689	;# 
  1891   000E6A                     B4D4            equ	3690	;# 
  1892   000E6B                     B4D5            equ	3691	;# 
  1893   000E6C                     B4D6            equ	3692	;# 
  1894   000E6D                     B4D7            equ	3693	;# 
  1895   000E6E                     CANSTAT_RO5     equ	3694	;# 
  1896   000E6F                     CANCON_RO5      equ	3695	;# 
  1897   000E70                     B5CON           equ	3696	;# 
  1898   000E71                     B5SIDH          equ	3697	;# 
  1899   000E72                     B5SIDL          equ	3698	;# 
  1900   000E73                     B5EIDH          equ	3699	;# 
  1901   000E74                     B5EIDL          equ	3700	;# 
  1902   000E75                     B5DLC           equ	3701	;# 
  1903   000E76                     B5D0            equ	3702	;# 
  1904   000E77                     B5D1            equ	3703	;# 
  1905   000E78                     B5D2            equ	3704	;# 
  1906   000E79                     B5D3            equ	3705	;# 
  1907   000E7A                     B5D4            equ	3706	;# 
  1908   000E7B                     B5D5            equ	3707	;# 
  1909   000E7C                     B5D6            equ	3708	;# 
  1910   000E7D                     B5D7            equ	3709	;# 
  1911   000E7E                     CANSTAT_RO4     equ	3710	;# 
  1912   000E7F                     CANCON_RO4      equ	3711	;# 
  1913   000F00                     RXF0SIDH        equ	3840	;# 
  1914   000F01                     RXF0SIDL        equ	3841	;# 
  1915   000F02                     RXF0EIDH        equ	3842	;# 
  1916   000F03                     RXF0EIDL        equ	3843	;# 
  1917   000F04                     RXF1SIDH        equ	3844	;# 
  1918   000F05                     RXF1SIDL        equ	3845	;# 
  1919   000F06                     RXF1EIDH        equ	3846	;# 
  1920   000F07                     RXF1EIDL        equ	3847	;# 
  1921   000F08                     RXF2SIDH        equ	3848	;# 
  1922   000F09                     RXF2SIDL        equ	3849	;# 
  1923   000F0A                     RXF2EIDH        equ	3850	;# 
  1924   000F0B                     RXF2EIDL        equ	3851	;# 
  1925   000F0C                     RXF3SIDH        equ	3852	;# 
  1926   000F0D                     RXF3SIDL        equ	3853	;# 
  1927   000F0E                     RXF3EIDH        equ	3854	;# 
  1928   000F0F                     RXF3EIDL        equ	3855	;# 
  1929   000F10                     RXF4SIDH        equ	3856	;# 
  1930   000F11                     RXF4SIDL        equ	3857	;# 
  1931   000F12                     RXF4EIDH        equ	3858	;# 
  1932   000F13                     RXF4EIDL        equ	3859	;# 
  1933   000F14                     RXF5SIDH        equ	3860	;# 
  1934   000F15                     RXF5SIDL        equ	3861	;# 
  1935   000F16                     RXF5EIDH        equ	3862	;# 
  1936   000F17                     RXF5EIDL        equ	3863	;# 
  1937   000F18                     RXM0SIDH        equ	3864	;# 
  1938   000F19                     RXM0SIDL        equ	3865	;# 
  1939   000F1A                     RXM0EIDH        equ	3866	;# 
  1940   000F1B                     RXM0EIDL        equ	3867	;# 
  1941   000F1C                     RXM1SIDH        equ	3868	;# 
  1942   000F1D                     RXM1SIDL        equ	3869	;# 
  1943   000F1E                     RXM1EIDH        equ	3870	;# 
  1944   000F1F                     RXM1EIDL        equ	3871	;# 
  1945   000F20                     TXB2CON         equ	3872	;# 
  1946   000F21                     TXB2SIDH        equ	3873	;# 
  1947   000F22                     TXB2SIDL        equ	3874	;# 
  1948   000F23                     TXB2EIDH        equ	3875	;# 
  1949   000F24                     TXB2EIDL        equ	3876	;# 
  1950   000F25                     TXB2DLC         equ	3877	;# 
  1951   000F26                     TXB2D0          equ	3878	;# 
  1952   000F27                     TXB2D1          equ	3879	;# 
  1953   000F28                     TXB2D2          equ	3880	;# 
  1954   000F29                     TXB2D3          equ	3881	;# 
  1955   000F2A                     TXB2D4          equ	3882	;# 
  1956   000F2B                     TXB2D5          equ	3883	;# 
  1957   000F2C                     TXB2D6          equ	3884	;# 
  1958   000F2D                     TXB2D7          equ	3885	;# 
  1959   000F2E                     CANSTAT_RO3     equ	3886	;# 
  1960   000F2F                     CANCON_RO3      equ	3887	;# 
  1961   000F30                     TXB1CON         equ	3888	;# 
  1962   000F31                     TXB1SIDH        equ	3889	;# 
  1963   000F32                     TXB1SIDL        equ	3890	;# 
  1964   000F33                     TXB1EIDH        equ	3891	;# 
  1965   000F34                     TXB1EIDL        equ	3892	;# 
  1966   000F35                     TXB1DLC         equ	3893	;# 
  1967   000F36                     TXB1D0          equ	3894	;# 
  1968   000F37                     TXB1D1          equ	3895	;# 
  1969   000F38                     TXB1D2          equ	3896	;# 
  1970   000F39                     TXB1D3          equ	3897	;# 
  1971   000F3A                     TXB1D4          equ	3898	;# 
  1972   000F3B                     TXB1D5          equ	3899	;# 
  1973   000F3C                     TXB1D6          equ	3900	;# 
  1974   000F3D                     TXB1D7          equ	3901	;# 
  1975   000F3E                     CANSTAT_RO2     equ	3902	;# 
  1976   000F3F                     CANCON_RO2      equ	3903	;# 
  1977   000F40                     TXB0CON         equ	3904	;# 
  1978   000F41                     TXB0SIDH        equ	3905	;# 
  1979   000F42                     TXB0SIDL        equ	3906	;# 
  1980   000F43                     TXB0EIDH        equ	3907	;# 
  1981   000F44                     TXB0EIDL        equ	3908	;# 
  1982   000F45                     TXB0DLC         equ	3909	;# 
  1983   000F46                     TXB0D0          equ	3910	;# 
  1984   000F47                     TXB0D1          equ	3911	;# 
  1985   000F48                     TXB0D2          equ	3912	;# 
  1986   000F49                     TXB0D3          equ	3913	;# 
  1987   000F4A                     TXB0D4          equ	3914	;# 
  1988   000F4B                     TXB0D5          equ	3915	;# 
  1989   000F4C                     TXB0D6          equ	3916	;# 
  1990   000F4D                     TXB0D7          equ	3917	;# 
  1991   000F4E                     CANSTAT_RO1     equ	3918	;# 
  1992   000F4F                     CANCON_RO1      equ	3919	;# 
  1993   000F50                     RXB1CON         equ	3920	;# 
  1994   000F51                     RXB1SIDH        equ	3921	;# 
  1995   000F52                     RXB1SIDL        equ	3922	;# 
  1996   000F53                     RXB1EIDH        equ	3923	;# 
  1997   000F54                     RXB1EIDL        equ	3924	;# 
  1998   000F55                     RXB1DLC         equ	3925	;# 
  1999   000F56                     RXB1D0          equ	3926	;# 
  2000   000F57                     RXB1D1          equ	3927	;# 
  2001   000F58                     RXB1D2          equ	3928	;# 
  2002   000F59                     RXB1D3          equ	3929	;# 
  2003   000F5A                     RXB1D4          equ	3930	;# 
  2004   000F5B                     RXB1D5          equ	3931	;# 
  2005   000F5C                     RXB1D6          equ	3932	;# 
  2006   000F5D                     RXB1D7          equ	3933	;# 
  2007   000F5E                     CANSTAT_RO0     equ	3934	;# 
  2008   000F5F                     CANCON_RO0      equ	3935	;# 
  2009   000F60                     RXB0CON         equ	3936	;# 
  2010   000F61                     RXB0SIDH        equ	3937	;# 
  2011   000F62                     RXB0SIDL        equ	3938	;# 
  2012   000F63                     RXB0EIDH        equ	3939	;# 
  2013   000F64                     RXB0EIDL        equ	3940	;# 
  2014   000F65                     RXB0DLC         equ	3941	;# 
  2015   000F66                     RXB0D0          equ	3942	;# 
  2016   000F67                     RXB0D1          equ	3943	;# 
  2017   000F68                     RXB0D2          equ	3944	;# 
  2018   000F69                     RXB0D3          equ	3945	;# 
  2019   000F6A                     RXB0D4          equ	3946	;# 
  2020   000F6B                     RXB0D5          equ	3947	;# 
  2021   000F6C                     RXB0D6          equ	3948	;# 
  2022   000F6D                     RXB0D7          equ	3949	;# 
  2023   000F6E                     CANSTAT         equ	3950	;# 
  2024   000F6F                     CANCON          equ	3951	;# 
  2025   000F70                     BRGCON1         equ	3952	;# 
  2026   000F71                     BRGCON2         equ	3953	;# 
  2027   000F72                     BRGCON3         equ	3954	;# 
  2028   000F73                     CIOCON          equ	3955	;# 
  2029   000F74                     COMSTAT         equ	3956	;# 
  2030   000F75                     RXERRCNT        equ	3957	;# 
  2031   000F76                     TXERRCNT        equ	3958	;# 
  2032   000F77                     ECANCON         equ	3959	;# 
  2033   000F80                     PORTA           equ	3968	;# 
  2034   000F81                     PORTB           equ	3969	;# 
  2035   000F82                     PORTC           equ	3970	;# 
  2036   000F83                     PORTD           equ	3971	;# 
  2037   000F84                     PORTE           equ	3972	;# 
  2038   000F89                     LATA            equ	3977	;# 
  2039   000F8A                     LATB            equ	3978	;# 
  2040   000F8B                     LATC            equ	3979	;# 
  2041   000F8C                     LATD            equ	3980	;# 
  2042   000F8D                     LATE            equ	3981	;# 
  2043   000F92                     TRISA           equ	3986	;# 
  2044   000F92                     DDRA            equ	3986	;# 
  2045   000F93                     TRISB           equ	3987	;# 
  2046   000F93                     DDRB            equ	3987	;# 
  2047   000F94                     TRISC           equ	3988	;# 
  2048   000F94                     DDRC            equ	3988	;# 
  2049   000F95                     TRISD           equ	3989	;# 
  2050   000F95                     DDRD            equ	3989	;# 
  2051   000F96                     TRISE           equ	3990	;# 
  2052   000F96                     DDRE            equ	3990	;# 
  2053   000F9B                     OSCTUNE         equ	3995	;# 
  2054   000F9D                     PIE1            equ	3997	;# 
  2055   000F9E                     PIR1            equ	3998	;# 
  2056   000F9F                     IPR1            equ	3999	;# 
  2057   000FA0                     PIE2            equ	4000	;# 
  2058   000FA1                     PIR2            equ	4001	;# 
  2059   000FA2                     IPR2            equ	4002	;# 
  2060   000FA3                     PIE3            equ	4003	;# 
  2061   000FA4                     PIR3            equ	4004	;# 
  2062   000FA5                     IPR3            equ	4005	;# 
  2063   000FA6                     EECON1          equ	4006	;# 
  2064   000FA7                     EECON2          equ	4007	;# 
  2065   000FA8                     EEDATA          equ	4008	;# 
  2066   000FA9                     EEADR           equ	4009	;# 
  2067   000FAB                     RCSTA           equ	4011	;# 
  2068   000FAB                     RCSTA1          equ	4011	;# 
  2069   000FAC                     TXSTA           equ	4012	;# 
  2070   000FAC                     TXSTA1          equ	4012	;# 
  2071   000FAD                     TXREG           equ	4013	;# 
  2072   000FAD                     TXREG1          equ	4013	;# 
  2073   000FAE                     RCREG           equ	4014	;# 
  2074   000FAE                     RCREG1          equ	4014	;# 
  2075   000FAF                     SPBRG           equ	4015	;# 
  2076   000FAF                     SPBRG1          equ	4015	;# 
  2077   000FB0                     SPBRGH          equ	4016	;# 
  2078   000FB1                     T3CON           equ	4017	;# 
  2079   000FB2                     TMR3            equ	4018	;# 
  2080   000FB2                     TMR3L           equ	4018	;# 
  2081   000FB3                     TMR3H           equ	4019	;# 
  2082   000FB4                     CMCON           equ	4020	;# 
  2083   000FB5                     CVRCON          equ	4021	;# 
  2084   000FB6                     ECCP1AS         equ	4022	;# 
  2085   000FB7                     ECCP1DEL        equ	4023	;# 
  2086   000FB8                     BAUDCON         equ	4024	;# 
  2087   000FB8                     BAUDCTL         equ	4024	;# 
  2088   000FBA                     ECCP1CON        equ	4026	;# 
  2089   000FBB                     ECCPR1          equ	4027	;# 
  2090   000FBB                     ECCPR1L         equ	4027	;# 
  2091   000FBC                     ECCPR1H         equ	4028	;# 
  2092   000FBD                     CCP1CON         equ	4029	;# 
  2093   000FBE                     CCPR1           equ	4030	;# 
  2094   000FBE                     CCPR1L          equ	4030	;# 
  2095   000FBF                     CCPR1H          equ	4031	;# 
  2096   000FC0                     ADCON2          equ	4032	;# 
  2097   000FC1                     ADCON1          equ	4033	;# 
  2098   000FC2                     ADCON0          equ	4034	;# 
  2099   000FC3                     ADRES           equ	4035	;# 
  2100   000FC3                     ADRESL          equ	4035	;# 
  2101   000FC4                     ADRESH          equ	4036	;# 
  2102   000FC5                     SSPCON2         equ	4037	;# 
  2103   000FC6                     SSPCON1         equ	4038	;# 
  2104   000FC7                     SSPSTAT         equ	4039	;# 
  2105   000FC8                     SSPADD          equ	4040	;# 
  2106   000FC9                     SSPBUF          equ	4041	;# 
  2107   000FCA                     T2CON           equ	4042	;# 
  2108   000FCB                     PR2             equ	4043	;# 
  2109   000FCB                     MEMCON          equ	4043	;# 
  2110   000FCC                     TMR2            equ	4044	;# 
  2111   000FCD                     T1CON           equ	4045	;# 
  2112   000FCE                     TMR1            equ	4046	;# 
  2113   000FCE                     TMR1L           equ	4046	;# 
  2114   000FCF                     TMR1H           equ	4047	;# 
  2115   000FD0                     RCON            equ	4048	;# 
  2116   000FD1                     WDTCON          equ	4049	;# 
  2117   000FD2                     HLVDCON         equ	4050	;# 
  2118   000FD2                     LVDCON          equ	4050	;# 
  2119   000FD3                     OSCCON          equ	4051	;# 
  2120   000FD5                     T0CON           equ	4053	;# 
  2121   000FD6                     TMR0            equ	4054	;# 
  2122   000FD6                     TMR0L           equ	4054	;# 
  2123   000FD7                     TMR0H           equ	4055	;# 
  2124   000FD8                     STATUS          equ	4056	;# 
  2125   000FD9                     FSR2            equ	4057	;# 
  2126   000FD9                     FSR2L           equ	4057	;# 
  2127   000FDA                     FSR2H           equ	4058	;# 
  2128   000FDB                     PLUSW2          equ	4059	;# 
  2129   000FDC                     PREINC2         equ	4060	;# 
  2130   000FDD                     POSTDEC2        equ	4061	;# 
  2131   000FDE                     POSTINC2        equ	4062	;# 
  2132   000FDF                     INDF2           equ	4063	;# 
  2133   000FE0                     BSR             equ	4064	;# 
  2134   000FE1                     FSR1            equ	4065	;# 
  2135   000FE1                     FSR1L           equ	4065	;# 
  2136   000FE2                     FSR1H           equ	4066	;# 
  2137   000FE3                     PLUSW1          equ	4067	;# 
  2138   000FE4                     PREINC1         equ	4068	;# 
  2139   000FE5                     POSTDEC1        equ	4069	;# 
  2140   000FE6                     POSTINC1        equ	4070	;# 
  2141   000FE7                     INDF1           equ	4071	;# 
  2142   000FE8                     WREG            equ	4072	;# 
  2143   000FE9                     FSR0            equ	4073	;# 
  2144   000FE9                     FSR0L           equ	4073	;# 
  2145   000FEA                     FSR0H           equ	4074	;# 
  2146   000FEB                     PLUSW0          equ	4075	;# 
  2147   000FEC                     PREINC0         equ	4076	;# 
  2148   000FED                     POSTDEC0        equ	4077	;# 
  2149   000FEE                     POSTINC0        equ	4078	;# 
  2150   000FEF                     INDF0           equ	4079	;# 
  2151   000FF0                     INTCON3         equ	4080	;# 
  2152   000FF1                     INTCON2         equ	4081	;# 
  2153   000FF2                     INTCON          equ	4082	;# 
  2154   000FF3                     PROD            equ	4083	;# 
  2155   000FF3                     PRODL           equ	4083	;# 
  2156   000FF4                     PRODH           equ	4084	;# 
  2157   000FF5                     TABLAT          equ	4085	;# 
  2158   000FF6                     TBLPTR          equ	4086	;# 
  2159   000FF6                     TBLPTRL         equ	4086	;# 
  2160   000FF7                     TBLPTRH         equ	4087	;# 
  2161   000FF8                     TBLPTRU         equ	4088	;# 
  2162   000FF9                     PCLAT           equ	4089	;# 
  2163   000FF9                     PC              equ	4089	;# 
  2164   000FF9                     PCL             equ	4089	;# 
  2165   000FFA                     PCLATH          equ	4090	;# 
  2166   000FFB                     PCLATU          equ	4091	;# 
  2167   000FFC                     STKPTR          equ	4092	;# 
  2168   000FFD                     TOS             equ	4093	;# 
  2169   000FFD                     TOSL            equ	4093	;# 
  2170   000FFE                     TOSH            equ	4094	;# 
  2171   000FFF                     TOSU            equ	4095	;# 
  2172   000D60                     RXF6SIDH        equ	3424	;# 
  2173   000D61                     RXF6SIDL        equ	3425	;# 
  2174   000D62                     RXF6EIDH        equ	3426	;# 
  2175   000D63                     RXF6EIDL        equ	3427	;# 
  2176   000D64                     RXF7SIDH        equ	3428	;# 
  2177   000D65                     RXF7SIDL        equ	3429	;# 
  2178   000D66                     RXF7EIDH        equ	3430	;# 
  2179   000D67                     RXF7EIDL        equ	3431	;# 
  2180   000D68                     RXF8SIDH        equ	3432	;# 
  2181   000D69                     RXF8SIDL        equ	3433	;# 
  2182   000D6A                     RXF8EIDH        equ	3434	;# 
  2183   000D6B                     RXF8EIDL        equ	3435	;# 
  2184   000D70                     RXF9SIDH        equ	3440	;# 
  2185   000D71                     RXF9SIDL        equ	3441	;# 
  2186   000D72                     RXF9EIDH        equ	3442	;# 
  2187   000D73                     RXF9EIDL        equ	3443	;# 
  2188   000D74                     RXF10SIDH       equ	3444	;# 
  2189   000D75                     RXF10SIDL       equ	3445	;# 
  2190   000D76                     RXF10EIDH       equ	3446	;# 
  2191   000D77                     RXF10EIDL       equ	3447	;# 
  2192   000D78                     RXF11SIDH       equ	3448	;# 
  2193   000D79                     RXF11SIDL       equ	3449	;# 
  2194   000D7A                     RXF11EIDH       equ	3450	;# 
  2195   000D7B                     RXF11EIDL       equ	3451	;# 
  2196   000D80                     RXF12SIDH       equ	3456	;# 
  2197   000D81                     RXF12SIDL       equ	3457	;# 
  2198   000D82                     RXF12EIDH       equ	3458	;# 
  2199   000D83                     RXF12EIDL       equ	3459	;# 
  2200   000D84                     RXF13SIDH       equ	3460	;# 
  2201   000D85                     RXF13SIDL       equ	3461	;# 
  2202   000D86                     RXF13EIDH       equ	3462	;# 
  2203   000D87                     RXF13EIDL       equ	3463	;# 
  2204   000D88                     RXF14SIDH       equ	3464	;# 
  2205   000D89                     RXF14SIDL       equ	3465	;# 
  2206   000D8A                     RXF14EIDH       equ	3466	;# 
  2207   000D8B                     RXF14EIDL       equ	3467	;# 
  2208   000D90                     RXF15SIDH       equ	3472	;# 
  2209   000D91                     RXF15SIDL       equ	3473	;# 
  2210   000D92                     RXF15EIDH       equ	3474	;# 
  2211   000D93                     RXF15EIDL       equ	3475	;# 
  2212   000DD4                     RXFCON0         equ	3540	;# 
  2213   000DD5                     RXFCON1         equ	3541	;# 
  2214   000DD8                     SDFLC           equ	3544	;# 
  2215   000DE0                     RXFBCON0        equ	3552	;# 
  2216   000DE1                     RXFBCON1        equ	3553	;# 
  2217   000DE2                     RXFBCON2        equ	3554	;# 
  2218   000DE3                     RXFBCON3        equ	3555	;# 
  2219   000DE4                     RXFBCON4        equ	3556	;# 
  2220   000DE5                     RXFBCON5        equ	3557	;# 
  2221   000DE6                     RXFBCON6        equ	3558	;# 
  2222   000DE7                     RXFBCON7        equ	3559	;# 
  2223   000DF0                     MSEL0           equ	3568	;# 
  2224   000DF1                     MSEL1           equ	3569	;# 
  2225   000DF2                     MSEL2           equ	3570	;# 
  2226   000DF3                     MSEL3           equ	3571	;# 
  2227   000DF8                     BSEL0           equ	3576	;# 
  2228   000DFA                     BIE0            equ	3578	;# 
  2229   000DFC                     TXBIE           equ	3580	;# 
  2230   000E20                     B0CON           equ	3616	;# 
  2231   000E21                     B0SIDH          equ	3617	;# 
  2232   000E22                     B0SIDL          equ	3618	;# 
  2233   000E23                     B0EIDH          equ	3619	;# 
  2234   000E24                     B0EIDL          equ	3620	;# 
  2235   000E25                     B0DLC           equ	3621	;# 
  2236   000E26                     B0D0            equ	3622	;# 
  2237   000E27                     B0D1            equ	3623	;# 
  2238   000E28                     B0D2            equ	3624	;# 
  2239   000E29                     B0D3            equ	3625	;# 
  2240   000E2A                     B0D4            equ	3626	;# 
  2241   000E2B                     B0D5            equ	3627	;# 
  2242   000E2C                     B0D6            equ	3628	;# 
  2243   000E2D                     B0D7            equ	3629	;# 
  2244   000E2E                     CANSTAT_RO9     equ	3630	;# 
  2245   000E2F                     CANCON_RO9      equ	3631	;# 
  2246   000E30                     B1CON           equ	3632	;# 
  2247   000E31                     B1SIDH          equ	3633	;# 
  2248   000E32                     B1SIDL          equ	3634	;# 
  2249   000E33                     B1EIDH          equ	3635	;# 
  2250   000E34                     B1EIDL          equ	3636	;# 
  2251   000E35                     B1DLC           equ	3637	;# 
  2252   000E36                     B1D0            equ	3638	;# 
  2253   000E37                     B1D1            equ	3639	;# 
  2254   000E38                     B1D2            equ	3640	;# 
  2255   000E39                     B1D3            equ	3641	;# 
  2256   000E3A                     B1D4            equ	3642	;# 
  2257   000E3B                     B1D5            equ	3643	;# 
  2258   000E3C                     B1D6            equ	3644	;# 
  2259   000E3D                     B1D7            equ	3645	;# 
  2260   000E3E                     CANSTAT_RO8     equ	3646	;# 
  2261   000E3F                     CANCON_RO8      equ	3647	;# 
  2262   000E40                     B2CON           equ	3648	;# 
  2263   000E41                     B2SIDH          equ	3649	;# 
  2264   000E42                     B2SIDL          equ	3650	;# 
  2265   000E43                     B2EIDH          equ	3651	;# 
  2266   000E44                     B2EIDL          equ	3652	;# 
  2267   000E45                     B2DLC           equ	3653	;# 
  2268   000E46                     B2D0            equ	3654	;# 
  2269   000E47                     B2D1            equ	3655	;# 
  2270   000E48                     B2D2            equ	3656	;# 
  2271   000E49                     B2D3            equ	3657	;# 
  2272   000E4A                     B2D4            equ	3658	;# 
  2273   000E4B                     B2D5            equ	3659	;# 
  2274   000E4C                     B2D6            equ	3660	;# 
  2275   000E4D                     B2D7            equ	3661	;# 
  2276   000E4E                     CANSTAT_RO7     equ	3662	;# 
  2277   000E4F                     CANCON_RO7      equ	3663	;# 
  2278   000E50                     B3CON           equ	3664	;# 
  2279   000E51                     B3SIDH          equ	3665	;# 
  2280   000E52                     B3SIDL          equ	3666	;# 
  2281   000E53                     B3EIDH          equ	3667	;# 
  2282   000E54                     B3EIDL          equ	3668	;# 
  2283   000E55                     B3DLC           equ	3669	;# 
  2284   000E56                     B3D0            equ	3670	;# 
  2285   000E57                     B3D1            equ	3671	;# 
  2286   000E58                     B3D2            equ	3672	;# 
  2287   000E59                     B3D3            equ	3673	;# 
  2288   000E5A                     B3D4            equ	3674	;# 
  2289   000E5B                     B3D5            equ	3675	;# 
  2290   000E5C                     B3D6            equ	3676	;# 
  2291   000E5D                     B3D7            equ	3677	;# 
  2292   000E5E                     CANSTAT_RO6     equ	3678	;# 
  2293   000E5F                     CANCON_RO6      equ	3679	;# 
  2294   000E60                     B4CON           equ	3680	;# 
  2295   000E61                     B4SIDH          equ	3681	;# 
  2296   000E62                     B4SIDL          equ	3682	;# 
  2297   000E63                     B4EIDH          equ	3683	;# 
  2298   000E64                     B4EIDL          equ	3684	;# 
  2299   000E65                     B4DLC           equ	3685	;# 
  2300   000E66                     B4D0            equ	3686	;# 
  2301   000E67                     B4D1            equ	3687	;# 
  2302   000E68                     B4D2            equ	3688	;# 
  2303   000E69                     B4D3            equ	3689	;# 
  2304   000E6A                     B4D4            equ	3690	;# 
  2305   000E6B                     B4D5            equ	3691	;# 
  2306   000E6C                     B4D6            equ	3692	;# 
  2307   000E6D                     B4D7            equ	3693	;# 
  2308   000E6E                     CANSTAT_RO5     equ	3694	;# 
  2309   000E6F                     CANCON_RO5      equ	3695	;# 
  2310   000E70                     B5CON           equ	3696	;# 
  2311   000E71                     B5SIDH          equ	3697	;# 
  2312   000E72                     B5SIDL          equ	3698	;# 
  2313   000E73                     B5EIDH          equ	3699	;# 
  2314   000E74                     B5EIDL          equ	3700	;# 
  2315   000E75                     B5DLC           equ	3701	;# 
  2316   000E76                     B5D0            equ	3702	;# 
  2317   000E77                     B5D1            equ	3703	;# 
  2318   000E78                     B5D2            equ	3704	;# 
  2319   000E79                     B5D3            equ	3705	;# 
  2320   000E7A                     B5D4            equ	3706	;# 
  2321   000E7B                     B5D5            equ	3707	;# 
  2322   000E7C                     B5D6            equ	3708	;# 
  2323   000E7D                     B5D7            equ	3709	;# 
  2324   000E7E                     CANSTAT_RO4     equ	3710	;# 
  2325   000E7F                     CANCON_RO4      equ	3711	;# 
  2326   000F00                     RXF0SIDH        equ	3840	;# 
  2327   000F01                     RXF0SIDL        equ	3841	;# 
  2328   000F02                     RXF0EIDH        equ	3842	;# 
  2329   000F03                     RXF0EIDL        equ	3843	;# 
  2330   000F04                     RXF1SIDH        equ	3844	;# 
  2331   000F05                     RXF1SIDL        equ	3845	;# 
  2332   000F06                     RXF1EIDH        equ	3846	;# 
  2333   000F07                     RXF1EIDL        equ	3847	;# 
  2334   000F08                     RXF2SIDH        equ	3848	;# 
  2335   000F09                     RXF2SIDL        equ	3849	;# 
  2336   000F0A                     RXF2EIDH        equ	3850	;# 
  2337   000F0B                     RXF2EIDL        equ	3851	;# 
  2338   000F0C                     RXF3SIDH        equ	3852	;# 
  2339   000F0D                     RXF3SIDL        equ	3853	;# 
  2340   000F0E                     RXF3EIDH        equ	3854	;# 
  2341   000F0F                     RXF3EIDL        equ	3855	;# 
  2342   000F10                     RXF4SIDH        equ	3856	;# 
  2343   000F11                     RXF4SIDL        equ	3857	;# 
  2344   000F12                     RXF4EIDH        equ	3858	;# 
  2345   000F13                     RXF4EIDL        equ	3859	;# 
  2346   000F14                     RXF5SIDH        equ	3860	;# 
  2347   000F15                     RXF5SIDL        equ	3861	;# 
  2348   000F16                     RXF5EIDH        equ	3862	;# 
  2349   000F17                     RXF5EIDL        equ	3863	;# 
  2350   000F18                     RXM0SIDH        equ	3864	;# 
  2351   000F19                     RXM0SIDL        equ	3865	;# 
  2352   000F1A                     RXM0EIDH        equ	3866	;# 
  2353   000F1B                     RXM0EIDL        equ	3867	;# 
  2354   000F1C                     RXM1SIDH        equ	3868	;# 
  2355   000F1D                     RXM1SIDL        equ	3869	;# 
  2356   000F1E                     RXM1EIDH        equ	3870	;# 
  2357   000F1F                     RXM1EIDL        equ	3871	;# 
  2358   000F20                     TXB2CON         equ	3872	;# 
  2359   000F21                     TXB2SIDH        equ	3873	;# 
  2360   000F22                     TXB2SIDL        equ	3874	;# 
  2361   000F23                     TXB2EIDH        equ	3875	;# 
  2362   000F24                     TXB2EIDL        equ	3876	;# 
  2363   000F25                     TXB2DLC         equ	3877	;# 
  2364   000F26                     TXB2D0          equ	3878	;# 
  2365   000F27                     TXB2D1          equ	3879	;# 
  2366   000F28                     TXB2D2          equ	3880	;# 
  2367   000F29                     TXB2D3          equ	3881	;# 
  2368   000F2A                     TXB2D4          equ	3882	;# 
  2369   000F2B                     TXB2D5          equ	3883	;# 
  2370   000F2C                     TXB2D6          equ	3884	;# 
  2371   000F2D                     TXB2D7          equ	3885	;# 
  2372   000F2E                     CANSTAT_RO3     equ	3886	;# 
  2373   000F2F                     CANCON_RO3      equ	3887	;# 
  2374   000F30                     TXB1CON         equ	3888	;# 
  2375   000F31                     TXB1SIDH        equ	3889	;# 
  2376   000F32                     TXB1SIDL        equ	3890	;# 
  2377   000F33                     TXB1EIDH        equ	3891	;# 
  2378   000F34                     TXB1EIDL        equ	3892	;# 
  2379   000F35                     TXB1DLC         equ	3893	;# 
  2380   000F36                     TXB1D0          equ	3894	;# 
  2381   000F37                     TXB1D1          equ	3895	;# 
  2382   000F38                     TXB1D2          equ	3896	;# 
  2383   000F39                     TXB1D3          equ	3897	;# 
  2384   000F3A                     TXB1D4          equ	3898	;# 
  2385   000F3B                     TXB1D5          equ	3899	;# 
  2386   000F3C                     TXB1D6          equ	3900	;# 
  2387   000F3D                     TXB1D7          equ	3901	;# 
  2388   000F3E                     CANSTAT_RO2     equ	3902	;# 
  2389   000F3F                     CANCON_RO2      equ	3903	;# 
  2390   000F40                     TXB0CON         equ	3904	;# 
  2391   000F41                     TXB0SIDH        equ	3905	;# 
  2392   000F42                     TXB0SIDL        equ	3906	;# 
  2393   000F43                     TXB0EIDH        equ	3907	;# 
  2394   000F44                     TXB0EIDL        equ	3908	;# 
  2395   000F45                     TXB0DLC         equ	3909	;# 
  2396   000F46                     TXB0D0          equ	3910	;# 
  2397   000F47                     TXB0D1          equ	3911	;# 
  2398   000F48                     TXB0D2          equ	3912	;# 
  2399   000F49                     TXB0D3          equ	3913	;# 
  2400   000F4A                     TXB0D4          equ	3914	;# 
  2401   000F4B                     TXB0D5          equ	3915	;# 
  2402   000F4C                     TXB0D6          equ	3916	;# 
  2403   000F4D                     TXB0D7          equ	3917	;# 
  2404   000F4E                     CANSTAT_RO1     equ	3918	;# 
  2405   000F4F                     CANCON_RO1      equ	3919	;# 
  2406   000F50                     RXB1CON         equ	3920	;# 
  2407   000F51                     RXB1SIDH        equ	3921	;# 
  2408   000F52                     RXB1SIDL        equ	3922	;# 
  2409   000F53                     RXB1EIDH        equ	3923	;# 
  2410   000F54                     RXB1EIDL        equ	3924	;# 
  2411   000F55                     RXB1DLC         equ	3925	;# 
  2412   000F56                     RXB1D0          equ	3926	;# 
  2413   000F57                     RXB1D1          equ	3927	;# 
  2414   000F58                     RXB1D2          equ	3928	;# 
  2415   000F59                     RXB1D3          equ	3929	;# 
  2416   000F5A                     RXB1D4          equ	3930	;# 
  2417   000F5B                     RXB1D5          equ	3931	;# 
  2418   000F5C                     RXB1D6          equ	3932	;# 
  2419   000F5D                     RXB1D7          equ	3933	;# 
  2420   000F5E                     CANSTAT_RO0     equ	3934	;# 
  2421   000F5F                     CANCON_RO0      equ	3935	;# 
  2422   000F60                     RXB0CON         equ	3936	;# 
  2423   000F61                     RXB0SIDH        equ	3937	;# 
  2424   000F62                     RXB0SIDL        equ	3938	;# 
  2425   000F63                     RXB0EIDH        equ	3939	;# 
  2426   000F64                     RXB0EIDL        equ	3940	;# 
  2427   000F65                     RXB0DLC         equ	3941	;# 
  2428   000F66                     RXB0D0          equ	3942	;# 
  2429   000F67                     RXB0D1          equ	3943	;# 
  2430   000F68                     RXB0D2          equ	3944	;# 
  2431   000F69                     RXB0D3          equ	3945	;# 
  2432   000F6A                     RXB0D4          equ	3946	;# 
  2433   000F6B                     RXB0D5          equ	3947	;# 
  2434   000F6C                     RXB0D6          equ	3948	;# 
  2435   000F6D                     RXB0D7          equ	3949	;# 
  2436   000F6E                     CANSTAT         equ	3950	;# 
  2437   000F6F                     CANCON          equ	3951	;# 
  2438   000F70                     BRGCON1         equ	3952	;# 
  2439   000F71                     BRGCON2         equ	3953	;# 
  2440   000F72                     BRGCON3         equ	3954	;# 
  2441   000F73                     CIOCON          equ	3955	;# 
  2442   000F74                     COMSTAT         equ	3956	;# 
  2443   000F75                     RXERRCNT        equ	3957	;# 
  2444   000F76                     TXERRCNT        equ	3958	;# 
  2445   000F77                     ECANCON         equ	3959	;# 
  2446   000F80                     PORTA           equ	3968	;# 
  2447   000F81                     PORTB           equ	3969	;# 
  2448   000F82                     PORTC           equ	3970	;# 
  2449   000F83                     PORTD           equ	3971	;# 
  2450   000F84                     PORTE           equ	3972	;# 
  2451   000F89                     LATA            equ	3977	;# 
  2452   000F8A                     LATB            equ	3978	;# 
  2453   000F8B                     LATC            equ	3979	;# 
  2454   000F8C                     LATD            equ	3980	;# 
  2455   000F8D                     LATE            equ	3981	;# 
  2456   000F92                     TRISA           equ	3986	;# 
  2457   000F92                     DDRA            equ	3986	;# 
  2458   000F93                     TRISB           equ	3987	;# 
  2459   000F93                     DDRB            equ	3987	;# 
  2460   000F94                     TRISC           equ	3988	;# 
  2461   000F94                     DDRC            equ	3988	;# 
  2462   000F95                     TRISD           equ	3989	;# 
  2463   000F95                     DDRD            equ	3989	;# 
  2464   000F96                     TRISE           equ	3990	;# 
  2465   000F96                     DDRE            equ	3990	;# 
  2466   000F9B                     OSCTUNE         equ	3995	;# 
  2467   000F9D                     PIE1            equ	3997	;# 
  2468   000F9E                     PIR1            equ	3998	;# 
  2469   000F9F                     IPR1            equ	3999	;# 
  2470   000FA0                     PIE2            equ	4000	;# 
  2471   000FA1                     PIR2            equ	4001	;# 
  2472   000FA2                     IPR2            equ	4002	;# 
  2473   000FA3                     PIE3            equ	4003	;# 
  2474   000FA4                     PIR3            equ	4004	;# 
  2475   000FA5                     IPR3            equ	4005	;# 
  2476   000FA6                     EECON1          equ	4006	;# 
  2477   000FA7                     EECON2          equ	4007	;# 
  2478   000FA8                     EEDATA          equ	4008	;# 
  2479   000FA9                     EEADR           equ	4009	;# 
  2480   000FAB                     RCSTA           equ	4011	;# 
  2481   000FAB                     RCSTA1          equ	4011	;# 
  2482   000FAC                     TXSTA           equ	4012	;# 
  2483   000FAC                     TXSTA1          equ	4012	;# 
  2484   000FAD                     TXREG           equ	4013	;# 
  2485   000FAD                     TXREG1          equ	4013	;# 
  2486   000FAE                     RCREG           equ	4014	;# 
  2487   000FAE                     RCREG1          equ	4014	;# 
  2488   000FAF                     SPBRG           equ	4015	;# 
  2489   000FAF                     SPBRG1          equ	4015	;# 
  2490   000FB0                     SPBRGH          equ	4016	;# 
  2491   000FB1                     T3CON           equ	4017	;# 
  2492   000FB2                     TMR3            equ	4018	;# 
  2493   000FB2                     TMR3L           equ	4018	;# 
  2494   000FB3                     TMR3H           equ	4019	;# 
  2495   000FB4                     CMCON           equ	4020	;# 
  2496   000FB5                     CVRCON          equ	4021	;# 
  2497   000FB6                     ECCP1AS         equ	4022	;# 
  2498   000FB7                     ECCP1DEL        equ	4023	;# 
  2499   000FB8                     BAUDCON         equ	4024	;# 
  2500   000FB8                     BAUDCTL         equ	4024	;# 
  2501   000FBA                     ECCP1CON        equ	4026	;# 
  2502   000FBB                     ECCPR1          equ	4027	;# 
  2503   000FBB                     ECCPR1L         equ	4027	;# 
  2504   000FBC                     ECCPR1H         equ	4028	;# 
  2505   000FBD                     CCP1CON         equ	4029	;# 
  2506   000FBE                     CCPR1           equ	4030	;# 
  2507   000FBE                     CCPR1L          equ	4030	;# 
  2508   000FBF                     CCPR1H          equ	4031	;# 
  2509   000FC0                     ADCON2          equ	4032	;# 
  2510   000FC1                     ADCON1          equ	4033	;# 
  2511   000FC2                     ADCON0          equ	4034	;# 
  2512   000FC3                     ADRES           equ	4035	;# 
  2513   000FC3                     ADRESL          equ	4035	;# 
  2514   000FC4                     ADRESH          equ	4036	;# 
  2515   000FC5                     SSPCON2         equ	4037	;# 
  2516   000FC6                     SSPCON1         equ	4038	;# 
  2517   000FC7                     SSPSTAT         equ	4039	;# 
  2518   000FC8                     SSPADD          equ	4040	;# 
  2519   000FC9                     SSPBUF          equ	4041	;# 
  2520   000FCA                     T2CON           equ	4042	;# 
  2521   000FCB                     PR2             equ	4043	;# 
  2522   000FCB                     MEMCON          equ	4043	;# 
  2523   000FCC                     TMR2            equ	4044	;# 
  2524   000FCD                     T1CON           equ	4045	;# 
  2525   000FCE                     TMR1            equ	4046	;# 
  2526   000FCE                     TMR1L           equ	4046	;# 
  2527   000FCF                     TMR1H           equ	4047	;# 
  2528   000FD0                     RCON            equ	4048	;# 
  2529   000FD1                     WDTCON          equ	4049	;# 
  2530   000FD2                     HLVDCON         equ	4050	;# 
  2531   000FD2                     LVDCON          equ	4050	;# 
  2532   000FD3                     OSCCON          equ	4051	;# 
  2533   000FD5                     T0CON           equ	4053	;# 
  2534   000FD6                     TMR0            equ	4054	;# 
  2535   000FD6                     TMR0L           equ	4054	;# 
  2536   000FD7                     TMR0H           equ	4055	;# 
  2537   000FD8                     STATUS          equ	4056	;# 
  2538   000FD9                     FSR2            equ	4057	;# 
  2539   000FD9                     FSR2L           equ	4057	;# 
  2540   000FDA                     FSR2H           equ	4058	;# 
  2541   000FDB                     PLUSW2          equ	4059	;# 
  2542   000FDC                     PREINC2         equ	4060	;# 
  2543   000FDD                     POSTDEC2        equ	4061	;# 
  2544   000FDE                     POSTINC2        equ	4062	;# 
  2545   000FDF                     INDF2           equ	4063	;# 
  2546   000FE0                     BSR             equ	4064	;# 
  2547   000FE1                     FSR1            equ	4065	;# 
  2548   000FE1                     FSR1L           equ	4065	;# 
  2549   000FE2                     FSR1H           equ	4066	;# 
  2550   000FE3                     PLUSW1          equ	4067	;# 
  2551   000FE4                     PREINC1         equ	4068	;# 
  2552   000FE5                     POSTDEC1        equ	4069	;# 
  2553   000FE6                     POSTINC1        equ	4070	;# 
  2554   000FE7                     INDF1           equ	4071	;# 
  2555   000FE8                     WREG            equ	4072	;# 
  2556   000FE9                     FSR0            equ	4073	;# 
  2557   000FE9                     FSR0L           equ	4073	;# 
  2558   000FEA                     FSR0H           equ	4074	;# 
  2559   000FEB                     PLUSW0          equ	4075	;# 
  2560   000FEC                     PREINC0         equ	4076	;# 
  2561   000FED                     POSTDEC0        equ	4077	;# 
  2562   000FEE                     POSTINC0        equ	4078	;# 
  2563   000FEF                     INDF0           equ	4079	;# 
  2564   000FF0                     INTCON3         equ	4080	;# 
  2565   000FF1                     INTCON2         equ	4081	;# 
  2566   000FF2                     INTCON          equ	4082	;# 
  2567   000FF3                     PROD            equ	4083	;# 
  2568   000FF3                     PRODL           equ	4083	;# 
  2569   000FF4                     PRODH           equ	4084	;# 
  2570   000FF5                     TABLAT          equ	4085	;# 
  2571   000FF6                     TBLPTR          equ	4086	;# 
  2572   000FF6                     TBLPTRL         equ	4086	;# 
  2573   000FF7                     TBLPTRH         equ	4087	;# 
  2574   000FF8                     TBLPTRU         equ	4088	;# 
  2575   000FF9                     PCLAT           equ	4089	;# 
  2576   000FF9                     PC              equ	4089	;# 
  2577   000FF9                     PCL             equ	4089	;# 
  2578   000FFA                     PCLATH          equ	4090	;# 
  2579   000FFB                     PCLATU          equ	4091	;# 
  2580   000FFC                     STKPTR          equ	4092	;# 
  2581   000FFD                     TOS             equ	4093	;# 
  2582   000FFD                     TOSL            equ	4093	;# 
  2583   000FFE                     TOSH            equ	4094	;# 
  2584   000FFF                     TOSU            equ	4095	;# 
  2585                           
  2586                           	psect	idataCOMRAM
  2587   003000                     __pidataCOMRAM:
  2588                           	callstack 0
  2589                           
  2590                           ;initializer for handle_indicator_data@status
  2591   003000  FF                 	db	255
  2592   000DD4                     _RXFCON0        set	3540
  2593   000F45                     _TXB0DLC        set	3909
  2594   000F44                     _TXB0EIDL       set	3908
  2595   000F43                     _TXB0EIDH       set	3907
  2596   000F41                     _TXB0SIDH       set	3905
  2597   000F42                     _TXB0SIDL       set	3906
  2598   000F46                     _TXB0D0         set	3910
  2599   007A03                     _TXB0REQ        set	31235
  2600   000FD6                     _TMR0           set	4054
  2601   000FAE                     _RCREG          set	4014
  2602   000FAD                     _TXREG          set	4013
  2603   000FAF                     _SPBRG          set	4015
  2604   000F94                     _TRISC          set	3988
  2605   000F95                     _TRISD          set	3989
  2606   000F83                     _PORTD          set	3971
  2607   000F81                     _PORTB          set	3969
  2608   000F93                     _TRISB          set	3987
  2609   000F65                     _RXB0DLC        set	3941
  2610   000F61                     _RXB0SIDH       set	3937
  2611   000F62                     _RXB0SIDL       set	3938
  2612   000F60                     _RXB0CONbits    set	3936
  2613   000F60                     _RXB0CON        set	3936
  2614   000F72                     _BRGCON3        set	3954
  2615   000F71                     _BRGCON2        set	3953
  2616   000F70                     _BRGCON1        set	3952
  2617   000F77                     _ECANCON        set	3959
  2618   000F6E                     _CANSTAT        set	3950
  2619   000F6F                     _CANCON         set	3951
  2620   000F66                     _RXB0D0         set	3942
  2621   007F95                     _TMR0IE         set	32661
  2622   007F92                     _TMR0IF         set	32658
  2623   007EAB                     _PSA            set	32427
  2624   007EAF                     _TMR0ON         set	32431
  2625   007EAD                     _T0CS           set	32429
  2626   007EAE                     _T08BIT         set	32430
  2627   007CF5                     _RCIF           set	31989
  2628   007CF4                     _TXIF           set	31988
  2629   007DC3                     _BRG16          set	32195
  2630   007D5C                     _CREN           set	32092
  2631   007D5E                     _RX9            set	32094
  2632   007D5F                     _SPEN           set	32095
  2633   007D62                     _BRGH           set	32098
  2634   007D63                     _SENDB          set	32099
  2635   007D64                     _SYNC           set	32100
  2636   007D65                     _TXEN           set	32101
  2637   007D66                     _TX9            set	32102
  2638   007CA6                     _TRISC6         set	31910
  2639   007CA7                     _TRISC7         set	31911
  2640   007C1F                     _RD7            set	31775
  2641   007C10                     _RC0            set	31760
  2642   007CAF                     _TRISD7         set	31919
  2643   007C12                     _RC2            set	31762
  2644   007C11                     _RC1            set	31761
  2645   007F97                     _GIE            set	32663
  2646   007F96                     _PEIE           set	32662
  2647   007D20                     _RXB0IF         set	32032
  2648   007B07                     _RXB0FUL        set	31495
  2649   007C9B                     _TRISB3         set	31899
  2650   007C9A                     _TRISB2         set	31898
  2651                           
  2652                           	psect	mediumconst
  2653   002FD4                     __pmediumconst:
  2654                           	callstack 0
  2655   002FD4  00                 	db	0
  2656   002FD5                     STR_1:
  2657                           
  2658                           ; BSR set to: 13
  2659   002FD5  53                 	db	83	;'S'
  2660   002FD6  50                 	db	80	;'P'
  2661   002FD7  44                 	db	68	;'D'
  2662   002FD8  20                 	db	32
  2663   002FD9  47                 	db	71	;'G'
  2664   002FDA  52                 	db	82	;'R'
  2665   002FDB  20                 	db	32
  2666   002FDC  52                 	db	82	;'R'
  2667   002FDD  50                 	db	80	;'P'
  2668   002FDE  4D                 	db	77	;'M'
  2669   002FDF  20                 	db	32
  2670   002FE0  20                 	db	32
  2671   002FE1  49                 	db	73	;'I'
  2672   002FE2  4E                 	db	78	;'N'
  2673   002FE3  44                 	db	68	;'D'
  2674   002FE4  49                 	db	73	;'I'
  2675   002FE5  00                 	db	0
  2676   002FE6                     STR_3:
  2677                           
  2678                           ; BSR set to: 13
  2679   002FE6  3C                 	db	60	;'<'
  2680   002FE7  2D                 	db	45
  2681   002FE8  20                 	db	32
  2682   002FE9  20                 	db	32
  2683   002FEA  00                 	db	0
  2684   002FEB                     STR_2:
  2685                           
  2686                           ; BSR set to: 13
  2687   002FEB  4F                 	db	79	;'O'
  2688   002FEC  46                 	db	70	;'F'
  2689   002FED  46                 	db	70	;'F'
  2690   002FEE  20                 	db	32
  2691   002FEF  00                 	db	0
  2692   002FF0                     STR_4:
  2693                           
  2694                           ; BSR set to: 13
  2695   002FF0  20                 	db	32
  2696   002FF1  20                 	db	32
  2697   002FF2  2D                 	db	45
  2698   002FF3  3E                 	db	62	;'>'
  2699   002FF4  00                 	db	0
  2700   002FF5                     STR_5:
  2701                           
  2702                           ; BSR set to: 13
  2703   002FF5  3C                 	db	60	;'<'
  2704   002FF6  2D                 	db	45
  2705   002FF7  2D                 	db	45
  2706   002FF8  3E                 	db	62	;'>'
  2707   002FF9  00                 	db	0
  2708   002FFA  00                 	db	0	; dummy byte at the end
  2709   002FD4                     __smallconst    set	__pmediumconst
  2710   002FD4                     __mediumconst   set	__pmediumconst
  2711   000002                     __activetblptr  equ	2
  2712                           
  2713                           ; #config settings
  2714                           
  2715                           	psect	cinit
  2716   002B1E                     __pcinit:
  2717                           	callstack 0
  2718   002B1E                     start_initialization:
  2719                           	callstack 0
  2720   002B1E                     __initialization:
  2721                           	callstack 0
  2722                           
  2723                           ; Initialize objects allocated to COMRAM (1 bytes)
  2724                           ; load TBLPTR registers with __pidataCOMRAM
  2725   002B1E  0E00               	movlw	low __pidataCOMRAM
  2726   002B20  6EF6               	movwf	tblptrl,c
  2727   002B22  0E30               	movlw	high __pidataCOMRAM
  2728   002B24  6EF7               	movwf	tblptrh,c
  2729   002B26  0E00               	movlw	low (__pidataCOMRAM shr (0+16))
  2730   002B28  6EF8               	movwf	tblptru,c
  2731   002B2A  0009               	tblrd		*+	;fetch initializer
  2732   002B2C  CFF5 F026          	movff	tablat,__pdataCOMRAM
  2733                           
  2734                           ; Clear objects allocated to COMRAM (6 bytes)
  2735   002B30  6A25               	clrf	(__pbssCOMRAM+5)& (0+255),c
  2736   002B32  6A24               	clrf	(__pbssCOMRAM+4)& (0+255),c
  2737   002B34  6A23               	clrf	(__pbssCOMRAM+3)& (0+255),c
  2738   002B36  6A22               	clrf	(__pbssCOMRAM+2)& (0+255),c
  2739   002B38  6A21               	clrf	(__pbssCOMRAM+1)& (0+255),c
  2740   002B3A  6A20               	clrf	__pbssCOMRAM& (0+255),c
  2741   002B3C                     end_of_initialization:
  2742                           	callstack 0
  2743   002B3C                     __end_of__initialization:
  2744                           	callstack 0
  2745   002B3C  0E00               	movlw	low (__Lmediumconst shr (0+16))
  2746   002B3E  6EF8               	movwf	tblptru,c
  2747   002B40  0100               	movlb	0
  2748   002B42  EF7F  F015         	goto	_main	;jump to C main() function
  2749                           
  2750                           	psect	bssCOMRAM
  2751   000020                     __pbssCOMRAM:
  2752                           	callstack 0
  2753   000020                     handle_indicator_data@delay:
  2754                           	callstack 0
  2755   000020                     	ds	2
  2756   000022                     blink@delay:
  2757                           	callstack 0
  2758   000022                     	ds	2
  2759   000024                     _status:
  2760                           	callstack 0
  2761   000024                     	ds	1
  2762   000025                     _led_state:
  2763                           	callstack 0
  2764   000025                     	ds	1
  2765                           
  2766                           	psect	dataCOMRAM
  2767   000026                     __pdataCOMRAM:
  2768                           	callstack 0
  2769   000026                     handle_indicator_data@status:
  2770                           	callstack 0
  2771   000026                     	ds	1
  2772                           
  2773                           	psect	cstackCOMRAM
  2774   000001                     __pcstackCOMRAM:
  2775                           	callstack 0
  2776   000001                     ?_get_msg_id_std:
  2777                           	callstack 0
  2778   000001                     clcd_write@control_bit:
  2779                           	callstack 0
  2780   000001                     
  2781                           ; 1 bytes @ 0x0
  2782   000001                     	ds	1
  2783   000002                     clcd_write@byte:
  2784                           	callstack 0
  2785   000002                     
  2786                           ; 1 bytes @ 0x1
  2787   000002                     	ds	1
  2788   000003                     clcd_putch@addr:
  2789                           	callstack 0
  2790   000003                     clcd_print@data:
  2791                           	callstack 0
  2792   000003                     ??_get_msg_id_std:
  2793   000003                     
  2794                           ; 1 bytes @ 0x2
  2795   000003                     	ds	1
  2796   000004                     clcd_putch@data:
  2797                           	callstack 0
  2798   000004                     
  2799                           ; 1 bytes @ 0x3
  2800   000004                     	ds	1
  2801   000005                     handle_gear_data@data:
  2802                           	callstack 0
  2803   000005                     clcd_print@addr:
  2804                           	callstack 0
  2805                           
  2806                           ; 1 bytes @ 0x4
  2807   000005                     	ds	1
  2808   000006                     handle_speed_data@data:
  2809                           	callstack 0
  2810   000006                     handle_gear_data@len:
  2811                           	callstack 0
  2812   000006                     handle_rpm_data@data:
  2813                           	callstack 0
  2814   000006                     handle_indicator_data@data:
  2815                           	callstack 0
  2816   000006                     
  2817                           ; 1 bytes @ 0x5
  2818   000006                     	ds	1
  2819   000007                     handle_speed_data@len:
  2820                           	callstack 0
  2821   000007                     handle_rpm_data@len:
  2822                           	callstack 0
  2823   000007                     handle_indicator_data@len:
  2824                           	callstack 0
  2825   000007                     get_msg_id_std@id:
  2826                           	callstack 0
  2827   000007                     
  2828                           ; 1 bytes @ 0x6
  2829   000007                     	ds	1
  2830   000008                     
  2831                           ; 1 bytes @ 0x7
  2832   000008                     	ds	1
  2833   000009                     can_receive@msg_id:
  2834                           	callstack 0
  2835                           
  2836                           ; 1 bytes @ 0x8
  2837   000009                     	ds	1
  2838   00000A                     can_receive@data:
  2839                           	callstack 0
  2840                           
  2841                           ; 1 bytes @ 0x9
  2842   00000A                     	ds	1
  2843   00000B                     can_receive@len:
  2844                           	callstack 0
  2845                           
  2846                           ; 1 bytes @ 0xA
  2847   00000B                     	ds	1
  2848   00000C                     ??_can_receive:
  2849                           
  2850                           ; 1 bytes @ 0xB
  2851   00000C                     	ds	3
  2852   00000F                     can_receive@ptr:
  2853                           	callstack 0
  2854                           
  2855                           ; 2 bytes @ 0xE
  2856   00000F                     	ds	2
  2857   000011                     can_receive@i:
  2858                           	callstack 0
  2859                           
  2860                           ; 2 bytes @ 0x10
  2861   000011                     	ds	2
  2862   000013                     ??_process_canbus_data:
  2863                           
  2864                           ; 1 bytes @ 0x12
  2865   000013                     	ds	2
  2866   000015                     process_canbus_data@data:
  2867                           	callstack 0
  2868                           
  2869                           ; 8 bytes @ 0x14
  2870   000015                     	ds	8
  2871   00001D                     process_canbus_data@msg_id:
  2872                           	callstack 0
  2873                           
  2874                           ; 2 bytes @ 0x1C
  2875   00001D                     	ds	2
  2876   00001F                     process_canbus_data@len:
  2877                           	callstack 0
  2878                           
  2879                           ; 1 bytes @ 0x1E
  2880   00001F                     	ds	1
  2881   000020                     
  2882                           ; 1 bytes @ 0x1F
  2883 ;;
  2884 ;;Main: autosize = 0, tempsize = 0, incstack = 0, save=0
  2885 ;;
  2886 ;; *************** function _main *****************
  2887 ;; Defined at:
  2888 ;;		line 27 in file "main.c"
  2889 ;; Parameters:    Size  Location     Type
  2890 ;;		None
  2891 ;; Auto vars:     Size  Location     Type
  2892 ;;		None
  2893 ;; Return value:  Size  Location     Type
  2894 ;;                  1    wreg      void 
  2895 ;; Registers used:
  2896 ;;		wreg, fsr0l, fsr0h, fsr1l, fsr1h, fsr2l, fsr2h, status,2, status,0, tblptrl, tblptrh, tblptru, cstack
  2897 ;; Tracked objects:
  2898 ;;		On entry : 0/0
  2899 ;;		On exit  : 0/0
  2900 ;;		Unchanged: 0/0
  2901 ;; Data sizes:     COMRAM   BANK0   BANK1   BANK2   BANK3   BANK4   BANK5
  2902 ;;      Params:         0       0       0       0       0       0       0
  2903 ;;      Locals:         0       0       0       0       0       0       0
  2904 ;;      Temps:          0       0       0       0       0       0       0
  2905 ;;      Totals:         0       0       0       0       0       0       0
  2906 ;;Total ram usage:        0 bytes
  2907 ;; Hardware stack levels required when called: 4
  2908 ;; This function calls:
  2909 ;;		_clcd_print
  2910 ;;		_init_config
  2911 ;;		_process_canbus_data
  2912 ;; This function is called by:
  2913 ;;		Startup code after reset
  2914 ;; This function uses a non-reentrant model
  2915 ;;
  2916                           
  2917                           	psect	text0
  2918   002AFE                     __ptext0:
  2919                           	callstack 0
  2920   002AFE                     _main:
  2921                           	callstack 27
  2922   002AFE                     
  2923                           ;main.c: 29:     init_config();
  2924   002AFE  EC3D  F015         	call	_init_config	;wreg free
  2925   002B02                     
  2926                           ;main.c: 32:     clcd_print("SPD GR RPM  INDI",(0x80 + (0)));
  2927   002B02  0ED5               	movlw	low STR_1
  2928   002B04  6E03               	movwf	clcd_print@data^0,c
  2929   002B06  0E2F               	movlw	high STR_1
  2930   002B08  6E04               	movwf	(clcd_print@data+1)^0,c
  2931   002B0A  0E80               	movlw	128
  2932   002B0C  6E05               	movwf	clcd_print@addr^0,c
  2933   002B0E  EC47  F016         	call	_clcd_print	;wreg free
  2934   002B12                     l1516:
  2935                           
  2936                           ;main.c: 35:         process_canbus_data();
  2937   002B12  ECC7  F016         	call	_process_canbus_data	;wreg free
  2938   002B16  EF89  F015         	goto	l1516
  2939   002B1A  EFFE  F017         	goto	start
  2940   002B1E                     __end_of_main:
  2941                           	callstack 0
  2942                           
  2943 ;; *************** function _process_canbus_data *****************
  2944 ;; Defined at:
  2945 ;;		line 94 in file "message_handler.c"
  2946 ;; Parameters:    Size  Location     Type
  2947 ;;		None
  2948 ;; Auto vars:     Size  Location     Type
  2949 ;;  data            8   20[COMRAM] unsigned char [8]
  2950 ;;  msg_id          2   28[COMRAM] unsigned short 
  2951 ;;  len             1   30[COMRAM] unsigned char 
  2952 ;; Return value:  Size  Location     Type
  2953 ;;                  1    wreg      void 
  2954 ;; Registers used:
  2955 ;;		wreg, fsr0l, fsr0h, fsr1l, fsr1h, fsr2l, fsr2h, status,2, status,0, tblptrl, tblptrh, tblptru, cstack
  2956 ;; Tracked objects:
  2957 ;;		On entry : 0/0
  2958 ;;		On exit  : 0/0
  2959 ;;		Unchanged: 0/0
  2960 ;; Data sizes:     COMRAM   BANK0   BANK1   BANK2   BANK3   BANK4   BANK5
  2961 ;;      Params:         0       0       0       0       0       0       0
  2962 ;;      Locals:        11       0       0       0       0       0       0
  2963 ;;      Temps:          2       0       0       0       0       0       0
  2964 ;;      Totals:        13       0       0       0       0       0       0
  2965 ;;Total ram usage:       13 bytes
  2966 ;; Hardware stack levels used: 1
  2967 ;; Hardware stack levels required when called: 3
  2968 ;; This function calls:
  2969 ;;		_can_receive
  2970 ;;		_handle_gear_data
  2971 ;;		_handle_indicator_data
  2972 ;;		_handle_rpm_data
  2973 ;;		_handle_speed_data
  2974 ;; This function is called by:
  2975 ;;		_main
  2976 ;; This function uses a non-reentrant model
  2977 ;;
  2978                           
  2979                           	psect	text1
  2980   002D8E                     __ptext1:
  2981                           	callstack 0
  2982   002D8E                     _process_canbus_data:
  2983                           	callstack 27
  2984   002D8E                     
  2985                           ;message_handler.c: 96:     uint16_t msg_id;;message_handler.c: 97:     uint8_t data[8];
      +                          ;message_handler.c: 98:     uint8_t len;;message_handler.c: 99:     can_receive(&msg_id,
      +                           data, &len);
  2986   002D8E  0E1D               	movlw	low process_canbus_data@msg_id
  2987   002D90  6E09               	movwf	can_receive@msg_id^0,c
  2988   002D92  0E15               	movlw	low process_canbus_data@data
  2989   002D94  6E0A               	movwf	can_receive@data^0,c
  2990   002D96  0E1F               	movlw	low process_canbus_data@len
  2991   002D98  6E0B               	movwf	can_receive@len^0,c
  2992   002D9A  EC7D  F016         	call	_can_receive	;wreg free
  2993   002D9E                     
  2994                           ;message_handler.c: 100:     if (len) {
  2995   002D9E  501F               	movf	process_canbus_data@len^0,w,c
  2996   002DA0  B4D8               	btfsc	status,2,c
  2997   002DA2  EFD5  F016         	goto	u421
  2998   002DA6  EFD7  F016         	goto	u420
  2999   002DAA                     u421:
  3000   002DAA  EF17  F017         	goto	l174
  3001   002DAE                     u420:
  3002   002DAE  EFF9  F016         	goto	l1506
  3003   002DB2                     l1496:
  3004   002DB2  0E15               	movlw	low process_canbus_data@data
  3005   002DB4  6E06               	movwf	handle_speed_data@data^0,c
  3006   002DB6  C01F  F007         	movff	process_canbus_data@len,handle_speed_data@len
  3007   002DBA  EC72  F015         	call	_handle_speed_data	;wreg free
  3008                           
  3009                           ;message_handler.c: 103:                 break;
  3010   002DBE  EF17  F017         	goto	l174
  3011   002DC2                     l1498:
  3012   002DC2  0E15               	movlw	low process_canbus_data@data
  3013   002DC4  6E05               	movwf	handle_gear_data@data^0,c
  3014   002DC6  C01F  F006         	movff	process_canbus_data@len,handle_gear_data@len
  3015   002DCA  EC46  F015         	call	_handle_gear_data	;wreg free
  3016                           
  3017                           ;message_handler.c: 105:                 break;
  3018   002DCE  EF17  F017         	goto	l174
  3019   002DD2                     l1500:
  3020   002DD2  0E15               	movlw	low process_canbus_data@data
  3021   002DD4  6E06               	movwf	handle_rpm_data@data^0,c
  3022   002DD6  C01F  F007         	movff	process_canbus_data@len,handle_rpm_data@len
  3023   002DDA  EC65  F015         	call	_handle_rpm_data	;wreg free
  3024                           
  3025                           ;message_handler.c: 107:                 break;
  3026   002DDE  EF17  F017         	goto	l174
  3027   002DE2                     l1502:
  3028   002DE2  0E15               	movlw	low process_canbus_data@data
  3029   002DE4  6E06               	movwf	handle_indicator_data@data^0,c
  3030   002DE6  C01F  F007         	movff	process_canbus_data@len,handle_indicator_data@len
  3031   002DEA  EC18  F017         	call	_handle_indicator_data	;wreg free
  3032                           
  3033                           ;message_handler.c: 109:                 break;
  3034   002DEE  EF17  F017         	goto	l174
  3035   002DF2                     l1506:
  3036   002DF2  C01D  F013         	movff	process_canbus_data@msg_id,??_process_canbus_data
  3037   002DF6  C01E  F014         	movff	process_canbus_data@msg_id+1,??_process_canbus_data+1
  3038                           
  3039                           ; Switch on 2 bytes has been partitioned into a top level switch of size 1, and 1 sub-sw
      +                          itches
  3040                           ; Switch size 1, requested type "simple"
  3041                           ; Number of cases is 1, Range of values is 0 to 0
  3042                           ; switch strategies available:
  3043                           ; Name         Instructions Cycles
  3044                           ; simple_byte            4     3 (average)
  3045                           ;	Chosen strategy is simple_byte
  3046   002DFA  5014               	movf	(??_process_canbus_data+1)^0,w,c
  3047   002DFC  0A00               	xorlw	0	; case 0
  3048   002DFE  B4D8               	btfsc	status,2,c
  3049   002E00  EF04  F017         	goto	l1538
  3050   002E04  EF17  F017         	goto	l174
  3051   002E08                     l1538:
  3052                           
  3053                           ; Switch size 1, requested type "simple"
  3054                           ; Number of cases is 4, Range of values is 16 to 80
  3055                           ; switch strategies available:
  3056                           ; Name         Instructions Cycles
  3057                           ; simple_byte           13     7 (average)
  3058                           ;	Chosen strategy is simple_byte
  3059   002E08  5013               	movf	??_process_canbus_data^0,w,c
  3060   002E0A  0A10               	xorlw	16	; case 16
  3061   002E0C  B4D8               	btfsc	status,2,c
  3062   002E0E  EFD9  F016         	goto	l1496
  3063   002E12  0A30               	xorlw	48	; case 32
  3064   002E14  B4D8               	btfsc	status,2,c
  3065   002E16  EFE1  F016         	goto	l1498
  3066   002E1A  0A10               	xorlw	16	; case 48
  3067   002E1C  B4D8               	btfsc	status,2,c
  3068   002E1E  EFE9  F016         	goto	l1500
  3069   002E22  0A60               	xorlw	96	; case 80
  3070   002E24  B4D8               	btfsc	status,2,c
  3071   002E26  EFF1  F016         	goto	l1502
  3072   002E2A  EF17  F017         	goto	l174
  3073   002E2E                     l174:
  3074   002E2E  0012               	return		;funcret
  3075   002E30                     __end_of_process_canbus_data:
  3076                           	callstack 0
  3077                           
  3078 ;; *************** function _handle_speed_data *****************
  3079 ;; Defined at:
  3080 ;;		line 11 in file "message_handler.c"
  3081 ;; Parameters:    Size  Location     Type
  3082 ;;  data            1    5[COMRAM] PTR unsigned char 
  3083 ;;		 -> process_canbus_data@data(8), 
  3084 ;;  len             1    6[COMRAM] unsigned char 
  3085 ;; Auto vars:     Size  Location     Type
  3086 ;;		None
  3087 ;; Return value:  Size  Location     Type
  3088 ;;                  1    wreg      void 
  3089 ;; Registers used:
  3090 ;;		wreg, fsr0l, fsr0h, fsr2l, fsr2h, status,2, status,0, tblptrl, tblptrh, tblptru, cstack
  3091 ;; Tracked objects:
  3092 ;;		On entry : 0/0
  3093 ;;		On exit  : 0/0
  3094 ;;		Unchanged: 0/0
  3095 ;; Data sizes:     COMRAM   BANK0   BANK1   BANK2   BANK3   BANK4   BANK5
  3096 ;;      Params:         2       0       0       0       0       0       0
  3097 ;;      Locals:         0       0       0       0       0       0       0
  3098 ;;      Temps:          0       0       0       0       0       0       0
  3099 ;;      Totals:         2       0       0       0       0       0       0
  3100 ;;Total ram usage:        2 bytes
  3101 ;; Hardware stack levels used: 1
  3102 ;; Hardware stack levels required when called: 1
  3103 ;; This function calls:
  3104 ;;		_clcd_print
  3105 ;; This function is called by:
  3106 ;;		_process_canbus_data
  3107 ;; This function uses a non-reentrant model
  3108 ;;
  3109                           
  3110                           	psect	text2
  3111   002AE4                     __ptext2:
  3112                           	callstack 0
  3113   002AE4                     _handle_speed_data:
  3114                           	callstack 28
  3115   002AE4                     
  3116                           ;message_handler.c: 13:     data[len] = '\0';
  3117   002AE4  5006               	movf	handle_speed_data@data^0,w,c
  3118   002AE6  2407               	addwf	handle_speed_data@len^0,w,c
  3119   002AE8  6ED9               	movwf	fsr2l,c
  3120   002AEA  6ADA               	clrf	fsr2h,c
  3121   002AEC  6ADF               	clrf	indf2,c
  3122   002AEE                     
  3123                           ;message_handler.c: 14:     clcd_print(data, (0xC0 + (0)));
  3124   002AEE  C006  F003         	movff	handle_speed_data@data,clcd_print@data
  3125   002AF2  6A04               	clrf	(clcd_print@data+1)^0,c
  3126   002AF4  0EC0               	movlw	192
  3127   002AF6  6E05               	movwf	clcd_print@addr^0,c
  3128   002AF8  EC47  F016         	call	_clcd_print	;wreg free
  3129   002AFC  0012               	return		;funcret
  3130   002AFE                     __end_of_handle_speed_data:
  3131                           	callstack 0
  3132                           
  3133 ;; *************** function _handle_rpm_data *****************
  3134 ;; Defined at:
  3135 ;;		line 22 in file "message_handler.c"
  3136 ;; Parameters:    Size  Location     Type
  3137 ;;  data            1    5[COMRAM] PTR unsigned char 
  3138 ;;		 -> process_canbus_data@data(8), 
  3139 ;;  len             1    6[COMRAM] unsigned char 
  3140 ;; Auto vars:     Size  Location     Type
  3141 ;;		None
  3142 ;; Return value:  Size  Location     Type
  3143 ;;                  1    wreg      void 
  3144 ;; Registers used:
  3145 ;;		wreg, fsr0l, fsr0h, fsr2l, fsr2h, status,2, status,0, tblptrl, tblptrh, tblptru, cstack
  3146 ;; Tracked objects:
  3147 ;;		On entry : 0/0
  3148 ;;		On exit  : 0/0
  3149 ;;		Unchanged: 0/0
  3150 ;; Data sizes:     COMRAM   BANK0   BANK1   BANK2   BANK3   BANK4   BANK5
  3151 ;;      Params:         2       0       0       0       0       0       0
  3152 ;;      Locals:         0       0       0       0       0       0       0
  3153 ;;      Temps:          0       0       0       0       0       0       0
  3154 ;;      Totals:         2       0       0       0       0       0       0
  3155 ;;Total ram usage:        2 bytes
  3156 ;; Hardware stack levels used: 1
  3157 ;; Hardware stack levels required when called: 1
  3158 ;; This function calls:
  3159 ;;		_clcd_print
  3160 ;; This function is called by:
  3161 ;;		_process_canbus_data
  3162 ;; This function uses a non-reentrant model
  3163 ;;
  3164                           
  3165                           	psect	text3
  3166   002ACA                     __ptext3:
  3167                           	callstack 0
  3168   002ACA                     _handle_rpm_data:
  3169                           	callstack 28
  3170   002ACA                     
  3171                           ;message_handler.c: 24:     data[len] = '\0';
  3172   002ACA  5006               	movf	handle_rpm_data@data^0,w,c
  3173   002ACC  2407               	addwf	handle_rpm_data@len^0,w,c
  3174   002ACE  6ED9               	movwf	fsr2l,c
  3175   002AD0  6ADA               	clrf	fsr2h,c
  3176   002AD2  6ADF               	clrf	indf2,c
  3177   002AD4                     
  3178                           ;message_handler.c: 25:     clcd_print(data, (0xC0 + (7)));
  3179   002AD4  C006  F003         	movff	handle_rpm_data@data,clcd_print@data
  3180   002AD8  6A04               	clrf	(clcd_print@data+1)^0,c
  3181   002ADA  0EC7               	movlw	199
  3182   002ADC  6E05               	movwf	clcd_print@addr^0,c
  3183   002ADE  EC47  F016         	call	_clcd_print	;wreg free
  3184   002AE2  0012               	return		;funcret
  3185   002AE4                     __end_of_handle_rpm_data:
  3186                           	callstack 0
  3187                           
  3188 ;; *************** function _handle_indicator_data *****************
  3189 ;; Defined at:
  3190 ;;		line 44 in file "message_handler.c"
  3191 ;; Parameters:    Size  Location     Type
  3192 ;;  data            1    5[COMRAM] PTR unsigned char 
  3193 ;;		 -> process_canbus_data@data(8), 
  3194 ;;  len             1    6[COMRAM] unsigned char 
  3195 ;; Auto vars:     Size  Location     Type
  3196 ;;		None
  3197 ;; Return value:  Size  Location     Type
  3198 ;;                  1    wreg      void 
  3199 ;; Registers used:
  3200 ;;		wreg, fsr0l, fsr0h, fsr2l, fsr2h, status,2, status,0, tblptrl, tblptrh, tblptru, cstack
  3201 ;; Tracked objects:
  3202 ;;		On entry : 0/0
  3203 ;;		On exit  : 0/0
  3204 ;;		Unchanged: 0/0
  3205 ;; Data sizes:     COMRAM   BANK0   BANK1   BANK2   BANK3   BANK4   BANK5
  3206 ;;      Params:         2       0       0       0       0       0       0
  3207 ;;      Locals:         0       0       0       0       0       0       0
  3208 ;;      Temps:          1       0       0       0       0       0       0
  3209 ;;      Totals:         3       0       0       0       0       0       0
  3210 ;;Total ram usage:        3 bytes
  3211 ;; Hardware stack levels used: 1
  3212 ;; Hardware stack levels required when called: 1
  3213 ;; This function calls:
  3214 ;;		_blink
  3215 ;;		_clcd_print
  3216 ;; This function is called by:
  3217 ;;		_process_canbus_data
  3218 ;; This function uses a non-reentrant model
  3219 ;;
  3220                           
  3221                           	psect	text4
  3222   002E30                     __ptext4:
  3223                           	callstack 0
  3224   002E30                     _handle_indicator_data:
  3225                           	callstack 28
  3226   002E30                     
  3227                           ;message_handler.c: 46:     static unsigned char status = 0xFF;;message_handler.c: 47:  
      +                             static int delay = 0;;message_handler.c: 48:     switch (data[0]) {
  3228   002E30  EFCE  F017         	goto	l1478
  3229   002E34                     l1430:
  3230                           
  3231                           ;message_handler.c: 50:         {;message_handler.c: 51:             if (status != data[
      +                          0])
  3232   002E34  5006               	movf	handle_indicator_data@data^0,w,c
  3233   002E36  6ED9               	movwf	fsr2l,c
  3234   002E38  6ADA               	clrf	fsr2h,c
  3235   002E3A  5026               	movf	handle_indicator_data@status^0,w,c
  3236   002E3C  18DE               	xorwf	postinc2,w,c
  3237   002E3E  B4D8               	btfsc	status,2,c
  3238   002E40  EF24  F017         	goto	u341
  3239   002E44  EF26  F017         	goto	u340
  3240   002E48                     u341:
  3241   002E48  EF2E  F017         	goto	l1434
  3242   002E4C                     u340:
  3243   002E4C                     
  3244                           ;message_handler.c: 52:                 clcd_print("OFF ", (0xC0 + (12)));
  3245   002E4C  0EEB               	movlw	low STR_2
  3246   002E4E  6E03               	movwf	clcd_print@data^0,c
  3247   002E50  0E2F               	movlw	high STR_2
  3248   002E52  6E04               	movwf	(clcd_print@data+1)^0,c
  3249   002E54  0ECC               	movlw	204
  3250   002E56  6E05               	movwf	clcd_print@addr^0,c
  3251   002E58  EC47  F016         	call	_clcd_print	;wreg free
  3252   002E5C                     l1434:
  3253                           
  3254                           ;message_handler.c: 53:             (PORTB = PORTB & ~0xC0);
  3255   002E5C  5081               	movf	129,w,c	;volatile
  3256   002E5E  0B3F               	andlw	63
  3257   002E60  6E81               	movwf	129,c	;volatile
  3258   002E62                     l1436:
  3259                           
  3260                           ;message_handler.c: 54:             (PORTB = PORTB & ~0x03);
  3261   002E62  5081               	movf	129,w,c	;volatile
  3262   002E64  0BFC               	andlw	252
  3263   002E66  6E81               	movwf	129,c	;volatile
  3264                           
  3265                           ;message_handler.c: 55:             break;
  3266   002E68  EFE4  F017         	goto	l1480
  3267   002E6C                     l1438:
  3268                           
  3269                           ;message_handler.c: 58:         {;message_handler.c: 59:             if (status != data[
      +                          0])
  3270   002E6C  5006               	movf	handle_indicator_data@data^0,w,c
  3271   002E6E  6ED9               	movwf	fsr2l,c
  3272   002E70  6ADA               	clrf	fsr2h,c
  3273   002E72  5026               	movf	handle_indicator_data@status^0,w,c
  3274   002E74  18DE               	xorwf	postinc2,w,c
  3275   002E76  B4D8               	btfsc	status,2,c
  3276   002E78  EF40  F017         	goto	u351
  3277   002E7C  EF42  F017         	goto	u350
  3278   002E80                     u351:
  3279   002E80  EF4A  F017         	goto	l1442
  3280   002E84                     u350:
  3281   002E84                     
  3282                           ;message_handler.c: 60:                 clcd_print("<-  ", (0xC0 + (12)));
  3283   002E84  0EE6               	movlw	low STR_3
  3284   002E86  6E03               	movwf	clcd_print@data^0,c
  3285   002E88  0E2F               	movlw	high STR_3
  3286   002E8A  6E04               	movwf	(clcd_print@data+1)^0,c
  3287   002E8C  0ECC               	movlw	204
  3288   002E8E  6E05               	movwf	clcd_print@addr^0,c
  3289   002E90  EC47  F016         	call	_clcd_print	;wreg free
  3290   002E94                     l1442:
  3291                           
  3292                           ;message_handler.c: 61:             (PORTB = PORTB & ~0xC0);
  3293   002E94  5081               	movf	129,w,c	;volatile
  3294   002E96  0B3F               	andlw	63
  3295   002E98  6E81               	movwf	129,c	;volatile
  3296   002E9A                     
  3297                           ;message_handler.c: 62:             if (++delay < 10)
  3298   002E9A  4A20               	infsnz	handle_indicator_data@delay^0,f,c
  3299   002E9C  2A21               	incf	(handle_indicator_data@delay+1)^0,f,c
  3300   002E9E  BE21               	btfsc	(handle_indicator_data@delay+1)^0,7,c
  3301   002EA0  EF5D  F017         	goto	u360
  3302   002EA4  5021               	movf	(handle_indicator_data@delay+1)^0,w,c
  3303   002EA6  E107               	bnz	u361
  3304   002EA8  0E0A               	movlw	10
  3305   002EAA  5C20               	subwf	handle_indicator_data@delay^0,w,c
  3306   002EAC  B0D8               	btfsc	status,0,c
  3307   002EAE  EF5B  F017         	goto	u361
  3308   002EB2  EF5D  F017         	goto	u360
  3309   002EB6                     u361:
  3310   002EB6  EF62  F017         	goto	l1448
  3311   002EBA                     u360:
  3312   002EBA                     
  3313                           ;message_handler.c: 63:                 (PORTB = PORTB | 0x03);
  3314   002EBA  5081               	movf	129,w,c	;volatile
  3315   002EBC  0903               	iorlw	3
  3316   002EBE  6E81               	movwf	129,c	;volatile
  3317   002EC0  EFE4  F017         	goto	l1480
  3318   002EC4                     l1448:
  3319   002EC4  BE21               	btfsc	(handle_indicator_data@delay+1)^0,7,c
  3320   002EC6  EF70  F017         	goto	u370
  3321   002ECA  5021               	movf	(handle_indicator_data@delay+1)^0,w,c
  3322   002ECC  E107               	bnz	u371
  3323   002ECE  0E14               	movlw	20
  3324   002ED0  5C20               	subwf	handle_indicator_data@delay^0,w,c
  3325   002ED2  B0D8               	btfsc	status,0,c
  3326   002ED4  EF6E  F017         	goto	u371
  3327   002ED8  EF70  F017         	goto	u370
  3328   002EDC                     u371:
  3329   002EDC  EF72  F017         	goto	l1452
  3330   002EE0                     u370:
  3331   002EE0  EF31  F017         	goto	l1436
  3332   002EE4                     l1452:
  3333                           
  3334                           ;message_handler.c: 67:                 delay = 0;
  3335   002EE4  6A21               	clrf	(handle_indicator_data@delay+1)^0,c
  3336   002EE6  0E00               	movlw	0
  3337   002EE8  6E20               	movwf	handle_indicator_data@delay^0,c
  3338   002EEA  EFE4  F017         	goto	l1480
  3339   002EEE                     l1454:
  3340                           
  3341                           ;message_handler.c: 71:         {;message_handler.c: 72:             if (status != data[
      +                          0])
  3342   002EEE  5006               	movf	handle_indicator_data@data^0,w,c
  3343   002EF0  6ED9               	movwf	fsr2l,c
  3344   002EF2  6ADA               	clrf	fsr2h,c
  3345   002EF4  5026               	movf	handle_indicator_data@status^0,w,c
  3346   002EF6  18DE               	xorwf	postinc2,w,c
  3347   002EF8  B4D8               	btfsc	status,2,c
  3348   002EFA  EF81  F017         	goto	u381
  3349   002EFE  EF83  F017         	goto	u380
  3350   002F02                     u381:
  3351   002F02  EF8B  F017         	goto	l1458
  3352   002F06                     u380:
  3353   002F06                     
  3354                           ;message_handler.c: 73:                 clcd_print("  ->", (0xC0 + (12)));
  3355   002F06  0EF0               	movlw	low STR_4
  3356   002F08  6E03               	movwf	clcd_print@data^0,c
  3357   002F0A  0E2F               	movlw	high STR_4
  3358   002F0C  6E04               	movwf	(clcd_print@data+1)^0,c
  3359   002F0E  0ECC               	movlw	204
  3360   002F10  6E05               	movwf	clcd_print@addr^0,c
  3361   002F12  EC47  F016         	call	_clcd_print	;wreg free
  3362   002F16                     l1458:
  3363                           
  3364                           ;message_handler.c: 74:             (PORTB = PORTB & ~0x03);
  3365   002F16  5081               	movf	129,w,c	;volatile
  3366   002F18  0BFC               	andlw	252
  3367   002F1A  6E81               	movwf	129,c	;volatile
  3368   002F1C                     
  3369                           ;message_handler.c: 75:             if (++delay < 10)
  3370   002F1C  4A20               	infsnz	handle_indicator_data@delay^0,f,c
  3371   002F1E  2A21               	incf	(handle_indicator_data@delay+1)^0,f,c
  3372   002F20  BE21               	btfsc	(handle_indicator_data@delay+1)^0,7,c
  3373   002F22  EF9E  F017         	goto	u390
  3374   002F26  5021               	movf	(handle_indicator_data@delay+1)^0,w,c
  3375   002F28  E107               	bnz	u391
  3376   002F2A  0E0A               	movlw	10
  3377   002F2C  5C20               	subwf	handle_indicator_data@delay^0,w,c
  3378   002F2E  B0D8               	btfsc	status,0,c
  3379   002F30  EF9C  F017         	goto	u391
  3380   002F34  EF9E  F017         	goto	u390
  3381   002F38                     u391:
  3382   002F38  EFA3  F017         	goto	l1464
  3383   002F3C                     u390:
  3384   002F3C                     
  3385                           ;message_handler.c: 76:                 (PORTB = PORTB | 0xC0);
  3386   002F3C  5081               	movf	129,w,c	;volatile
  3387   002F3E  09C0               	iorlw	192
  3388   002F40  6E81               	movwf	129,c	;volatile
  3389   002F42  EFE4  F017         	goto	l1480
  3390   002F46                     l1464:
  3391   002F46  BE21               	btfsc	(handle_indicator_data@delay+1)^0,7,c
  3392   002F48  EFB1  F017         	goto	u400
  3393   002F4C  5021               	movf	(handle_indicator_data@delay+1)^0,w,c
  3394   002F4E  E107               	bnz	u401
  3395   002F50  0E14               	movlw	20
  3396   002F52  5C20               	subwf	handle_indicator_data@delay^0,w,c
  3397   002F54  B0D8               	btfsc	status,0,c
  3398   002F56  EFAF  F017         	goto	u401
  3399   002F5A  EFB1  F017         	goto	u400
  3400   002F5E                     u401:
  3401   002F5E  EF72  F017         	goto	l1452
  3402   002F62                     u400:
  3403   002F62                     
  3404                           ;message_handler.c: 78:                 (PORTB = PORTB & ~0xC0);
  3405   002F62  5081               	movf	129,w,c	;volatile
  3406   002F64  0B3F               	andlw	63
  3407   002F66  6E81               	movwf	129,c	;volatile
  3408   002F68  EFE4  F017         	goto	l1480
  3409   002F6C                     l1470:
  3410                           
  3411                           ;message_handler.c: 84:         {;message_handler.c: 85:             if (status != data[
      +                          0])
  3412   002F6C  5006               	movf	handle_indicator_data@data^0,w,c
  3413   002F6E  6ED9               	movwf	fsr2l,c
  3414   002F70  6ADA               	clrf	fsr2h,c
  3415   002F72  5026               	movf	handle_indicator_data@status^0,w,c
  3416   002F74  18DE               	xorwf	postinc2,w,c
  3417   002F76  B4D8               	btfsc	status,2,c
  3418   002F78  EFC0  F017         	goto	u411
  3419   002F7C  EFC2  F017         	goto	u410
  3420   002F80                     u411:
  3421   002F80  EFCA  F017         	goto	l1474
  3422   002F84                     u410:
  3423   002F84                     
  3424                           ;message_handler.c: 86:                 clcd_print("<-->", (0xC0 + (12)));
  3425   002F84  0EF5               	movlw	low STR_5
  3426   002F86  6E03               	movwf	clcd_print@data^0,c
  3427   002F88  0E2F               	movlw	high STR_5
  3428   002F8A  6E04               	movwf	(clcd_print@data+1)^0,c
  3429   002F8C  0ECC               	movlw	204
  3430   002F8E  6E05               	movwf	clcd_print@addr^0,c
  3431   002F90  EC47  F016         	call	_clcd_print	;wreg free
  3432   002F94                     l1474:
  3433                           
  3434                           ;message_handler.c: 87:             blink();
  3435   002F94  EC15  F016         	call	_blink	;wreg free
  3436                           
  3437                           ;message_handler.c: 88:             break;
  3438   002F98  EFE4  F017         	goto	l1480
  3439   002F9C                     l1478:
  3440   002F9C  5006               	movf	handle_indicator_data@data^0,w,c
  3441   002F9E  6ED9               	movwf	fsr2l,c
  3442   002FA0  6ADA               	clrf	fsr2h,c
  3443   002FA2  50DF               	movf	indf2,w,c
  3444                           
  3445                           ; Switch size 1, requested type "simple"
  3446                           ; Number of cases is 4, Range of values is 0 to 3
  3447                           ; switch strategies available:
  3448                           ; Name         Instructions Cycles
  3449                           ; simple_byte           13     7 (average)
  3450                           ;	Chosen strategy is simple_byte
  3451   002FA4  0A00               	xorlw	0	; case 0
  3452   002FA6  B4D8               	btfsc	status,2,c
  3453   002FA8  EF1A  F017         	goto	l1430
  3454   002FAC  0A01               	xorlw	1	; case 1
  3455   002FAE  B4D8               	btfsc	status,2,c
  3456   002FB0  EF36  F017         	goto	l1438
  3457   002FB4  0A03               	xorlw	3	; case 2
  3458   002FB6  B4D8               	btfsc	status,2,c
  3459   002FB8  EF77  F017         	goto	l1454
  3460   002FBC  0A01               	xorlw	1	; case 3
  3461   002FBE  B4D8               	btfsc	status,2,c
  3462   002FC0  EFB6  F017         	goto	l1470
  3463   002FC4  EFE4  F017         	goto	l1480
  3464   002FC8                     l1480:
  3465                           
  3466                           ;message_handler.c: 91:     status = data[0];
  3467   002FC8  5006               	movf	handle_indicator_data@data^0,w,c
  3468   002FCA  6ED9               	movwf	fsr2l,c
  3469   002FCC  6ADA               	clrf	fsr2h,c
  3470   002FCE  50DF               	movf	indf2,w,c
  3471   002FD0  6E26               	movwf	handle_indicator_data@status^0,c
  3472   002FD2  0012               	return		;funcret
  3473   002FD4                     __end_of_handle_indicator_data:
  3474                           	callstack 0
  3475                           
  3476 ;; *************** function _clcd_print *****************
  3477 ;; Defined at:
  3478 ;;		line 43 in file "clcd.c"
  3479 ;; Parameters:    Size  Location     Type
  3480 ;;  data            2    2[COMRAM] PTR const unsigned char 
  3481 ;;		 -> process_canbus_data@data(8), STR_5(5), STR_4(5), STR_3(5), 
  3482 ;;		 -> STR_2(5), STR_1(17), 
  3483 ;;  addr            1    4[COMRAM] unsigned char 
  3484 ;; Auto vars:     Size  Location     Type
  3485 ;;		None
  3486 ;; Return value:  Size  Location     Type
  3487 ;;                  1    wreg      void 
  3488 ;; Registers used:
  3489 ;;		wreg, fsr0l, fsr0h, status,2, status,0, tblptrl, tblptrh, tblptru, cstack
  3490 ;; Tracked objects:
  3491 ;;		On entry : 0/0
  3492 ;;		On exit  : 0/0
  3493 ;;		Unchanged: 0/0
  3494 ;; Data sizes:     COMRAM   BANK0   BANK1   BANK2   BANK3   BANK4   BANK5
  3495 ;;      Params:         3       0       0       0       0       0       0
  3496 ;;      Locals:         0       0       0       0       0       0       0
  3497 ;;      Temps:          0       0       0       0       0       0       0
  3498 ;;      Totals:         3       0       0       0       0       0       0
  3499 ;;Total ram usage:        3 bytes
  3500 ;; Hardware stack levels used: 1
  3501 ;; This function calls:
  3502 ;;		_clcd_write
  3503 ;; This function is called by:
  3504 ;;		_main
  3505 ;;		_handle_speed_data
  3506 ;;		_handle_rpm_data
  3507 ;;		_handle_indicator_data
  3508 ;; This function uses a non-reentrant model
  3509 ;;
  3510                           
  3511                           	psect	text5
  3512   002C8E                     __ptext5:
  3513                           	callstack 0
  3514   002C8E                     _clcd_print:
  3515                           	callstack 28
  3516   002C8E                     
  3517                           ;clcd.c: 43: void clcd_print(const unsigned char *data, unsigned char addr);clcd.c: 44: 
      +                          {;clcd.c: 45:  clcd_write(addr, 0);
  3518   002C8E  0E00               	movlw	0
  3519   002C90  6E01               	movwf	clcd_write@control_bit^0,c
  3520   002C92  5005               	movf	clcd_print@addr^0,w,c
  3521   002C94  ECBD  F015         	call	_clcd_write
  3522                           
  3523                           ;clcd.c: 46:  while (*data != '\0')
  3524   002C98  EF64  F016         	goto	l1382
  3525   002C9C                     l1378:
  3526                           
  3527                           ;clcd.c: 47:  {;clcd.c: 48:   clcd_write(*data++, 1);
  3528   002C9C  0E01               	movlw	1
  3529   002C9E  6E01               	movwf	clcd_write@control_bit^0,c
  3530   002CA0  C003  FFF6         	movff	clcd_print@data,tblptrl
  3531   002CA4  C004  FFF7         	movff	clcd_print@data+1,tblptrh
  3532   002CA8  6AF8               	clrf	tblptru,c
  3533   002CAA  0E05               	movlw	(high __ramtop+-1)
  3534   002CAC  64F7               	cpfsgt	tblptrh,c
  3535   002CAE  D003               	bra	u297
  3536   002CB0  0008               	tblrd		*
  3537   002CB2  50F5               	movf	tablat,w,c
  3538   002CB4  D005               	bra	u290
  3539   002CB6                     u297:
  3540   002CB6  CFF6 FFE9          	movff	tblptrl,fsr0l
  3541   002CBA  CFF7 FFEA          	movff	tblptrh,fsr0h
  3542   002CBE  50EF               	movf	indf0,w,c
  3543   002CC0                     u290:
  3544   002CC0  ECBD  F015         	call	_clcd_write
  3545   002CC4  4A03               	infsnz	clcd_print@data^0,f,c
  3546   002CC6  2A04               	incf	(clcd_print@data+1)^0,f,c
  3547   002CC8                     l1382:
  3548                           
  3549                           ;clcd.c: 46:  while (*data != '\0')
  3550   002CC8  C003  FFF6         	movff	clcd_print@data,tblptrl
  3551   002CCC  C004  FFF7         	movff	clcd_print@data+1,tblptrh
  3552   002CD0  6AF8               	clrf	tblptru,c
  3553   002CD2  0E05               	movlw	(high __ramtop+-1)
  3554   002CD4  64F7               	cpfsgt	tblptrh,c
  3555   002CD6  D003               	bra	u307
  3556   002CD8  0008               	tblrd		*
  3557   002CDA  50F5               	movf	tablat,w,c
  3558   002CDC  D005               	bra	u300
  3559   002CDE                     u307:
  3560   002CDE  CFF6 FFE9          	movff	tblptrl,fsr0l
  3561   002CE2  CFF7 FFEA          	movff	tblptrh,fsr0h
  3562   002CE6  50EF               	movf	indf0,w,c
  3563   002CE8                     u300:
  3564   002CE8  0900               	iorlw	0
  3565   002CEA  A4D8               	btfss	status,2,c
  3566   002CEC  EF7A  F016         	goto	u311
  3567   002CF0  EF7C  F016         	goto	u310
  3568   002CF4                     u311:
  3569   002CF4  EF4E  F016         	goto	l1378
  3570   002CF8                     u310:
  3571   002CF8  0012               	return		;funcret
  3572   002CFA                     __end_of_clcd_print:
  3573                           	callstack 0
  3574                           
  3575 ;; *************** function _blink *****************
  3576 ;; Defined at:
  3577 ;;		line 32 in file "message_handler.c"
  3578 ;; Parameters:    Size  Location     Type
  3579 ;;		None
  3580 ;; Auto vars:     Size  Location     Type
  3581 ;;		None
  3582 ;; Return value:  Size  Location     Type
  3583 ;;                  1    wreg      void 
  3584 ;; Registers used:
  3585 ;;		wreg, status,2, status,0
  3586 ;; Tracked objects:
  3587 ;;		On entry : 0/0
  3588 ;;		On exit  : 0/0
  3589 ;;		Unchanged: 0/0
  3590 ;; Data sizes:     COMRAM   BANK0   BANK1   BANK2   BANK3   BANK4   BANK5
  3591 ;;      Params:         0       0       0       0       0       0       0
  3592 ;;      Locals:         0       0       0       0       0       0       0
  3593 ;;      Temps:          0       0       0       0       0       0       0
  3594 ;;      Totals:         0       0       0       0       0       0       0
  3595 ;;Total ram usage:        0 bytes
  3596 ;; Hardware stack levels used: 1
  3597 ;; This function calls:
  3598 ;;		Nothing
  3599 ;; This function is called by:
  3600 ;;		_handle_indicator_data
  3601 ;; This function uses a non-reentrant model
  3602 ;;
  3603                           
  3604                           	psect	text6
  3605   002C2A                     __ptext6:
  3606                           	callstack 0
  3607   002C2A                     _blink:
  3608                           	callstack 28
  3609   002C2A                     
  3610                           ;message_handler.c: 33:     static int delay = 0;;message_handler.c: 34:     if (++delay
      +                           < 10) {
  3611   002C2A  4A22               	infsnz	blink@delay^0,f,c
  3612   002C2C  2A23               	incf	(blink@delay+1)^0,f,c
  3613   002C2E  BE23               	btfsc	(blink@delay+1)^0,7,c
  3614   002C30  EF25  F016         	goto	u70
  3615   002C34  5023               	movf	(blink@delay+1)^0,w,c
  3616   002C36  E107               	bnz	u71
  3617   002C38  0E0A               	movlw	10
  3618   002C3A  5C22               	subwf	blink@delay^0,w,c
  3619   002C3C  B0D8               	btfsc	status,0,c
  3620   002C3E  EF23  F016         	goto	u71
  3621   002C42  EF25  F016         	goto	u70
  3622   002C46                     u71:
  3623   002C46  EF2D  F016         	goto	l1108
  3624   002C4A                     u70:
  3625   002C4A                     
  3626                           ;message_handler.c: 35:         (PORTB = PORTB | 0xC0);
  3627   002C4A  5081               	movf	129,w,c	;volatile
  3628   002C4C  09C0               	iorlw	192
  3629   002C4E  6E81               	movwf	129,c	;volatile
  3630                           
  3631                           ;message_handler.c: 36:         (PORTB = PORTB | 0x03);
  3632   002C50  5081               	movf	129,w,c	;volatile
  3633   002C52  0903               	iorlw	3
  3634   002C54  6E81               	movwf	129,c	;volatile
  3635                           
  3636                           ;message_handler.c: 37:     } else if (delay < 20) {
  3637   002C56  EF46  F016         	goto	l139
  3638   002C5A                     l1108:
  3639   002C5A  BE23               	btfsc	(blink@delay+1)^0,7,c
  3640   002C5C  EF3B  F016         	goto	u80
  3641   002C60  5023               	movf	(blink@delay+1)^0,w,c
  3642   002C62  E107               	bnz	u81
  3643   002C64  0E14               	movlw	20
  3644   002C66  5C22               	subwf	blink@delay^0,w,c
  3645   002C68  B0D8               	btfsc	status,0,c
  3646   002C6A  EF39  F016         	goto	u81
  3647   002C6E  EF3B  F016         	goto	u80
  3648   002C72                     u81:
  3649   002C72  EF43  F016         	goto	l1112
  3650   002C76                     u80:
  3651   002C76                     
  3652                           ;message_handler.c: 38:         (PORTB = PORTB & ~0xC0);
  3653   002C76  5081               	movf	129,w,c	;volatile
  3654   002C78  0B3F               	andlw	63
  3655   002C7A  6E81               	movwf	129,c	;volatile
  3656                           
  3657                           ;message_handler.c: 39:         (PORTB = PORTB & ~0x03);
  3658   002C7C  5081               	movf	129,w,c	;volatile
  3659   002C7E  0BFC               	andlw	252
  3660   002C80  6E81               	movwf	129,c	;volatile
  3661                           
  3662                           ;message_handler.c: 40:     } else
  3663   002C82  EF46  F016         	goto	l139
  3664   002C86                     l1112:
  3665                           
  3666                           ;message_handler.c: 41:         delay = 0;
  3667   002C86  6A23               	clrf	(blink@delay+1)^0,c
  3668   002C88  0E00               	movlw	0
  3669   002C8A  6E22               	movwf	blink@delay^0,c
  3670   002C8C                     l139:
  3671   002C8C  0012               	return		;funcret
  3672   002C8E                     __end_of_blink:
  3673                           	callstack 0
  3674                           
  3675 ;; *************** function _handle_gear_data *****************
  3676 ;; Defined at:
  3677 ;;		line 17 in file "message_handler.c"
  3678 ;; Parameters:    Size  Location     Type
  3679 ;;  data            1    4[COMRAM] PTR unsigned char 
  3680 ;;		 -> process_canbus_data@data(8), 
  3681 ;;  len             1    5[COMRAM] unsigned char 
  3682 ;; Auto vars:     Size  Location     Type
  3683 ;;		None
  3684 ;; Return value:  Size  Location     Type
  3685 ;;                  1    wreg      void 
  3686 ;; Registers used:
  3687 ;;		wreg, fsr2l, fsr2h, status,2, cstack
  3688 ;; Tracked objects:
  3689 ;;		On entry : 0/0
  3690 ;;		On exit  : 0/0
  3691 ;;		Unchanged: 0/0
  3692 ;; Data sizes:     COMRAM   BANK0   BANK1   BANK2   BANK3   BANK4   BANK5
  3693 ;;      Params:         2       0       0       0       0       0       0
  3694 ;;      Locals:         0       0       0       0       0       0       0
  3695 ;;      Temps:          0       0       0       0       0       0       0
  3696 ;;      Totals:         2       0       0       0       0       0       0
  3697 ;;Total ram usage:        2 bytes
  3698 ;; Hardware stack levels used: 1
  3699 ;; Hardware stack levels required when called: 2
  3700 ;; This function calls:
  3701 ;;		_clcd_putch
  3702 ;; This function is called by:
  3703 ;;		_process_canbus_data
  3704 ;; This function uses a non-reentrant model
  3705 ;;
  3706                           
  3707                           	psect	text7
  3708   002A8C                     __ptext7:
  3709                           	callstack 0
  3710   002A8C                     _handle_gear_data:
  3711                           	callstack 27
  3712   002A8C                     
  3713                           ;message_handler.c: 19:     clcd_putch(data[0], (0xC0 + (5)));
  3714   002A8C  0EC5               	movlw	197
  3715   002A8E  6E03               	movwf	clcd_putch@addr^0,c
  3716   002A90  5005               	movf	handle_gear_data@data^0,w,c
  3717   002A92  6ED9               	movwf	fsr2l,c
  3718   002A94  6ADA               	clrf	fsr2h,c
  3719   002A96  50DF               	movf	indf2,w,c
  3720   002A98  EC59  F015         	call	_clcd_putch
  3721   002A9C  0012               	return		;funcret
  3722   002A9E                     __end_of_handle_gear_data:
  3723                           	callstack 0
  3724                           
  3725 ;; *************** function _clcd_putch *****************
  3726 ;; Defined at:
  3727 ;;		line 52 in file "clcd.c"
  3728 ;; Parameters:    Size  Location     Type
  3729 ;;  data            1    wreg     const unsigned char 
  3730 ;;  addr            1    2[COMRAM] unsigned char 
  3731 ;; Auto vars:     Size  Location     Type
  3732 ;;  data            1    3[COMRAM] const unsigned char 
  3733 ;; Return value:  Size  Location     Type
  3734 ;;                  1    wreg      void 
  3735 ;; Registers used:
  3736 ;;		wreg, status,2, cstack
  3737 ;; Tracked objects:
  3738 ;;		On entry : 0/0
  3739 ;;		On exit  : 0/0
  3740 ;;		Unchanged: 0/0
  3741 ;; Data sizes:     COMRAM   BANK0   BANK1   BANK2   BANK3   BANK4   BANK5
  3742 ;;      Params:         1       0       0       0       0       0       0
  3743 ;;      Locals:         1       0       0       0       0       0       0
  3744 ;;      Temps:          0       0       0       0       0       0       0
  3745 ;;      Totals:         2       0       0       0       0       0       0
  3746 ;;Total ram usage:        2 bytes
  3747 ;; Hardware stack levels used: 1
  3748 ;; Hardware stack levels required when called: 1
  3749 ;; This function calls:
  3750 ;;		_clcd_write
  3751 ;; This function is called by:
  3752 ;;		_handle_gear_data
  3753 ;; This function uses a non-reentrant model
  3754 ;;
  3755                           
  3756                           	psect	text8
  3757   002AB2                     __ptext8:
  3758                           	callstack 0
  3759   002AB2                     _clcd_putch:
  3760                           	callstack 27
  3761                           
  3762                           ;incstack = 0
  3763                           ;clcd_putch@data stored from wreg
  3764   002AB2  6E04               	movwf	clcd_putch@data^0,c
  3765   002AB4                     
  3766                           ;clcd.c: 52: void clcd_putch(const unsigned char data, unsigned char addr);clcd.c: 53: {
      +                          ;clcd.c: 54:  clcd_write(addr, 0);
  3767   002AB4  0E00               	movlw	0
  3768   002AB6  6E01               	movwf	clcd_write@control_bit^0,c
  3769   002AB8  5003               	movf	clcd_putch@addr^0,w,c
  3770   002ABA  ECBD  F015         	call	_clcd_write
  3771                           
  3772                           ;clcd.c: 55:  clcd_write(data, 1);
  3773   002ABE  0E01               	movlw	1
  3774   002AC0  6E01               	movwf	clcd_write@control_bit^0,c
  3775   002AC2  5004               	movf	clcd_putch@data^0,w,c
  3776   002AC4  ECBD  F015         	call	_clcd_write
  3777   002AC8  0012               	return		;funcret
  3778   002ACA                     __end_of_clcd_putch:
  3779                           	callstack 0
  3780                           
  3781 ;; *************** function _can_receive *****************
  3782 ;; Defined at:
  3783 ;;		line 92 in file "can.c"
  3784 ;; Parameters:    Size  Location     Type
  3785 ;;  msg_id          1    8[COMRAM] PTR unsigned short 
  3786 ;;		 -> process_canbus_data@msg_id(2), 
  3787 ;;  data            1    9[COMRAM] PTR unsigned char 
  3788 ;;		 -> process_canbus_data@data(8), 
  3789 ;;  len             1   10[COMRAM] PTR unsigned char 
  3790 ;;		 -> process_canbus_data@len(1), 
  3791 ;; Auto vars:     Size  Location     Type
  3792 ;;  i               2   16[COMRAM] int 
  3793 ;;  ptr             2   14[COMRAM] PTR unsigned char 
  3794 ;;		 -> RXB0D0(1), 
  3795 ;; Return value:  Size  Location     Type
  3796 ;;                  1    wreg      void 
  3797 ;; Registers used:
  3798 ;;		wreg, fsr1l, fsr1h, fsr2l, fsr2h, status,2, status,0, cstack
  3799 ;; Tracked objects:
  3800 ;;		On entry : 0/0
  3801 ;;		On exit  : 0/0
  3802 ;;		Unchanged: 0/0
  3803 ;; Data sizes:     COMRAM   BANK0   BANK1   BANK2   BANK3   BANK4   BANK5
  3804 ;;      Params:         3       0       0       0       0       0       0
  3805 ;;      Locals:         4       0       0       0       0       0       0
  3806 ;;      Temps:          3       0       0       0       0       0       0
  3807 ;;      Totals:        10       0       0       0       0       0       0
  3808 ;;Total ram usage:       10 bytes
  3809 ;; Hardware stack levels used: 1
  3810 ;; Hardware stack levels required when called: 1
  3811 ;; This function calls:
  3812 ;;		_get_msg_id_std
  3813 ;; This function is called by:
  3814 ;;		_process_canbus_data
  3815 ;; This function uses a non-reentrant model
  3816 ;;
  3817                           
  3818                           	psect	text9
  3819   002CFA                     __ptext9:
  3820                           	callstack 0
  3821   002CFA                     _can_receive:
  3822                           	callstack 28
  3823   002CFA                     
  3824                           ;can.c: 93:     uint8_t *ptr;;can.c: 95:     if (RXB0FUL) {
  3825   002CFA  AE60               	btfss	3936,7,c	;volatile
  3826   002CFC  EF82  F016         	goto	u321
  3827   002D00  EF84  F016         	goto	u320
  3828   002D04                     u321:
  3829   002D04  EFC2  F016         	goto	l1402
  3830   002D08                     u320:
  3831   002D08                     
  3832                           ;can.c: 97:         *msg_id = get_msg_id_std();
  3833   002D08  ECDA  F015         	call	_get_msg_id_std	;wreg free
  3834   002D0C  5009               	movf	can_receive@msg_id^0,w,c
  3835   002D0E  6ED9               	movwf	fsr2l,c
  3836   002D10  6ADA               	clrf	fsr2h,c
  3837   002D12  C001  FFDE         	movff	?_get_msg_id_std,postinc2
  3838   002D16  C002  FFDD         	movff	?_get_msg_id_std+1,postdec2
  3839   002D1A                     
  3840                           ;can.c: 99:         *len = RXB0DLC;
  3841   002D1A  500B               	movf	can_receive@len^0,w,c
  3842   002D1C  6ED9               	movwf	fsr2l,c
  3843   002D1E  6ADA               	clrf	fsr2h,c
  3844   002D20  CF65 FFDF          	movff	3941,indf2	;volatile
  3845   002D24                     
  3846                           ;can.c: 103:         ptr = (uint8_t *) & RXB0D0;
  3847   002D24  0E66               	movlw	102
  3848   002D26  6E0F               	movwf	can_receive@ptr^0,c
  3849   002D28  0E0F               	movlw	15
  3850   002D2A  6E10               	movwf	(can_receive@ptr+1)^0,c
  3851   002D2C                     
  3852                           ;can.c: 105:         for (int i = 0; i < *len; i++) {
  3853   002D2C  6A12               	clrf	(can_receive@i+1)^0,c
  3854   002D2E  0E00               	movlw	0
  3855   002D30  6E11               	movwf	can_receive@i^0,c
  3856   002D32  EFA9  F016         	goto	l1400
  3857   002D36                     l1396:
  3858                           
  3859                           ;can.c: 106:             data[i] = ptr[i];
  3860   002D36  5011               	movf	can_receive@i^0,w,c
  3861   002D38  240F               	addwf	can_receive@ptr^0,w,c
  3862   002D3A  6ED9               	movwf	fsr2l,c
  3863   002D3C  5012               	movf	(can_receive@i+1)^0,w,c
  3864   002D3E  2010               	addwfc	(can_receive@ptr+1)^0,w,c
  3865   002D40  6EDA               	movwf	fsr2h,c
  3866   002D42  500A               	movf	can_receive@data^0,w,c
  3867   002D44  2411               	addwf	can_receive@i^0,w,c
  3868   002D46  6EE1               	movwf	fsr1l,c
  3869   002D48  6AE2               	clrf	fsr1h,c
  3870   002D4A  CFDF FFE7          	movff	indf2,indf1
  3871   002D4E                     
  3872                           ;can.c: 107:         }
  3873   002D4E  4A11               	infsnz	can_receive@i^0,f,c
  3874   002D50  2A12               	incf	(can_receive@i+1)^0,f,c
  3875   002D52                     l1400:
  3876   002D52  500B               	movf	can_receive@len^0,w,c
  3877   002D54  6ED9               	movwf	fsr2l,c
  3878   002D56  6ADA               	clrf	fsr2h,c
  3879   002D58  50DF               	movf	indf2,w,c
  3880   002D5A  6E0C               	movwf	??_can_receive^0,c
  3881   002D5C  6A0D               	clrf	(??_can_receive+1)^0,c
  3882   002D5E  500C               	movf	??_can_receive^0,w,c
  3883   002D60  5C11               	subwf	can_receive@i^0,w,c
  3884   002D62  5012               	movf	(can_receive@i+1)^0,w,c
  3885   002D64  0A80               	xorlw	128
  3886   002D66  6E0E               	movwf	(??_can_receive+2)^0,c
  3887   002D68  500D               	movf	(??_can_receive+1)^0,w,c
  3888   002D6A  0A80               	xorlw	128
  3889   002D6C  580E               	subwfb	(??_can_receive+2)^0,w,c
  3890   002D6E  A0D8               	btfss	status,0,c
  3891   002D70  EFBC  F016         	goto	u331
  3892   002D74  EFBE  F016         	goto	u330
  3893   002D78                     u331:
  3894   002D78  EF9B  F016         	goto	l1396
  3895   002D7C                     u330:
  3896   002D7C                     
  3897                           ;can.c: 110:         RXB0FUL = 0;
  3898   002D7C  9E60               	bcf	3936,7,c	;volatile
  3899                           
  3900                           ;can.c: 111:         RXB0IF = 0;
  3901   002D7E  90A4               	bcf	4004,0,c	;volatile
  3902                           
  3903                           ;can.c: 112:     } else
  3904   002D80  EFC6  F016         	goto	l74
  3905   002D84                     l1402:
  3906                           
  3907                           ;can.c: 115:         *len = 0;
  3908   002D84  500B               	movf	can_receive@len^0,w,c
  3909   002D86  6ED9               	movwf	fsr2l,c
  3910   002D88  6ADA               	clrf	fsr2h,c
  3911   002D8A  6ADF               	clrf	indf2,c
  3912   002D8C                     l74:
  3913   002D8C  0012               	return		;funcret
  3914   002D8E                     __end_of_can_receive:
  3915                           	callstack 0
  3916                           
  3917 ;; *************** function _get_msg_id_std *****************
  3918 ;; Defined at:
  3919 ;;		line 53 in file "can.c"
  3920 ;; Parameters:    Size  Location     Type
  3921 ;;		None
  3922 ;; Auto vars:     Size  Location     Type
  3923 ;;  id              2    6[COMRAM] unsigned short 
  3924 ;; Return value:  Size  Location     Type
  3925 ;;                  2    0[COMRAM] unsigned short 
  3926 ;; Registers used:
  3927 ;;		wreg, status,2, status,0
  3928 ;; Tracked objects:
  3929 ;;		On entry : 0/0
  3930 ;;		On exit  : 0/0
  3931 ;;		Unchanged: 0/0
  3932 ;; Data sizes:     COMRAM   BANK0   BANK1   BANK2   BANK3   BANK4   BANK5
  3933 ;;      Params:         2       0       0       0       0       0       0
  3934 ;;      Locals:         2       0       0       0       0       0       0
  3935 ;;      Temps:          4       0       0       0       0       0       0
  3936 ;;      Totals:         8       0       0       0       0       0       0
  3937 ;;Total ram usage:        8 bytes
  3938 ;; Hardware stack levels used: 1
  3939 ;; This function calls:
  3940 ;;		Nothing
  3941 ;; This function is called by:
  3942 ;;		_can_receive
  3943 ;; This function uses a non-reentrant model
  3944 ;;
  3945                           
  3946                           	psect	text10
  3947   002BB4                     __ptext10:
  3948                           	callstack 0
  3949   002BB4                     _get_msg_id_std:
  3950                           	callstack 28
  3951   002BB4                     
  3952                           ;can.c: 55:     id = ((RXB0SIDL >> 5) & 0x7) | (RXB0SIDH << 3);
  3953   002BB4  5061               	movf	97,w,c	;volatile
  3954   002BB6  6E03               	movwf	??_get_msg_id_std^0,c
  3955   002BB8  6A04               	clrf	(??_get_msg_id_std+1)^0,c
  3956   002BBA  90D8               	bcf	status,0,c
  3957   002BBC  3603               	rlcf	??_get_msg_id_std^0,f,c
  3958   002BBE  3604               	rlcf	(??_get_msg_id_std+1)^0,f,c
  3959   002BC0  90D8               	bcf	status,0,c
  3960   002BC2  3603               	rlcf	??_get_msg_id_std^0,f,c
  3961   002BC4  3604               	rlcf	(??_get_msg_id_std+1)^0,f,c
  3962   002BC6  90D8               	bcf	status,0,c
  3963   002BC8  3603               	rlcf	??_get_msg_id_std^0,f,c
  3964   002BCA  3604               	rlcf	(??_get_msg_id_std+1)^0,f,c
  3965   002BCC  3862               	swapf	98,w,c	;volatile
  3966   002BCE  42E8               	rrncf	wreg,f,c
  3967   002BD0  0B07               	andlw	7
  3968   002BD2  0B07               	andlw	7
  3969   002BD4  6E05               	movwf	(??_get_msg_id_std+2)^0,c
  3970   002BD6  6A06               	clrf	(??_get_msg_id_std+3)^0,c
  3971   002BD8  5003               	movf	??_get_msg_id_std^0,w,c
  3972   002BDA  1005               	iorwf	(??_get_msg_id_std+2)^0,w,c
  3973   002BDC  6E07               	movwf	get_msg_id_std@id^0,c
  3974   002BDE  5004               	movf	(??_get_msg_id_std+1)^0,w,c
  3975   002BE0  1006               	iorwf	(??_get_msg_id_std+3)^0,w,c
  3976   002BE2  6E08               	movwf	(get_msg_id_std@id+1)^0,c
  3977   002BE4                     
  3978                           ;can.c: 56:     return id;
  3979   002BE4  C007  F001         	movff	get_msg_id_std@id,?_get_msg_id_std
  3980   002BE8  C008  F002         	movff	get_msg_id_std@id+1,?_get_msg_id_std+1
  3981   002BEC  0012               	return		;funcret
  3982   002BEE                     __end_of_get_msg_id_std:
  3983                           	callstack 0
  3984                           
  3985 ;; *************** function _init_config *****************
  3986 ;; Defined at:
  3987 ;;		line 15 in file "main.c"
  3988 ;; Parameters:    Size  Location     Type
  3989 ;;		None
  3990 ;; Auto vars:     Size  Location     Type
  3991 ;;		None
  3992 ;; Return value:  Size  Location     Type
  3993 ;;                  1    wreg      void 
  3994 ;; Registers used:
  3995 ;;		wreg, status,2, status,0, cstack
  3996 ;; Tracked objects:
  3997 ;;		On entry : 0/0
  3998 ;;		On exit  : 0/0
  3999 ;;		Unchanged: 0/0
  4000 ;; Data sizes:     COMRAM   BANK0   BANK1   BANK2   BANK3   BANK4   BANK5
  4001 ;;      Params:         0       0       0       0       0       0       0
  4002 ;;      Locals:         0       0       0       0       0       0       0
  4003 ;;      Temps:          0       0       0       0       0       0       0
  4004 ;;      Totals:         0       0       0       0       0       0       0
  4005 ;;Total ram usage:        0 bytes
  4006 ;; Hardware stack levels used: 1
  4007 ;; Hardware stack levels required when called: 2
  4008 ;; This function calls:
  4009 ;;		_init_can
  4010 ;;		_init_clcd
  4011 ;;		_init_timer0
  4012 ;; This function is called by:
  4013 ;;		_main
  4014 ;; This function uses a non-reentrant model
  4015 ;;
  4016                           
  4017                           	psect	text11
  4018   002A7A                     __ptext11:
  4019                           	callstack 0
  4020   002A7A                     _init_config:
  4021                           	callstack 28
  4022   002A7A                     
  4023                           ;main.c: 17:     init_clcd();
  4024   002A7A  ECA3  F015         	call	_init_clcd	;wreg free
  4025                           
  4026                           ;main.c: 18:     init_can();
  4027   002A7E  ECF7  F015         	call	_init_can	;wreg free
  4028   002A82                     
  4029                           ;main.c: 22:     PEIE = 1;
  4030   002A82  8CF2               	bsf	4082,6,c	;volatile
  4031   002A84                     
  4032                           ;main.c: 23:     GIE = 1;
  4033   002A84  8EF2               	bsf	4082,7,c	;volatile
  4034   002A86                     
  4035                           ;main.c: 24:     init_timer0();
  4036   002A86  EC4F  F015         	call	_init_timer0	;wreg free
  4037   002A8A  0012               	return		;funcret
  4038   002A8C                     __end_of_init_config:
  4039                           	callstack 0
  4040                           
  4041 ;; *************** function _init_timer0 *****************
  4042 ;; Defined at:
  4043 ;;		line 4 in file "timer0.c"
  4044 ;; Parameters:    Size  Location     Type
  4045 ;;		None
  4046 ;; Auto vars:     Size  Location     Type
  4047 ;;		None
  4048 ;; Return value:  Size  Location     Type
  4049 ;;                  1    wreg      void 
  4050 ;; Registers used:
  4051 ;;		wreg, status,2
  4052 ;; Tracked objects:
  4053 ;;		On entry : 0/0
  4054 ;;		On exit  : 0/0
  4055 ;;		Unchanged: 0/0
  4056 ;; Data sizes:     COMRAM   BANK0   BANK1   BANK2   BANK3   BANK4   BANK5
  4057 ;;      Params:         0       0       0       0       0       0       0
  4058 ;;      Locals:         0       0       0       0       0       0       0
  4059 ;;      Temps:          0       0       0       0       0       0       0
  4060 ;;      Totals:         0       0       0       0       0       0       0
  4061 ;;Total ram usage:        0 bytes
  4062 ;; Hardware stack levels used: 1
  4063 ;; This function calls:
  4064 ;;		Nothing
  4065 ;; This function is called by:
  4066 ;;		_init_config
  4067 ;; This function uses a non-reentrant model
  4068 ;;
  4069                           
  4070                           	psect	text12
  4071   002A9E                     __ptext12:
  4072                           	callstack 0
  4073   002A9E                     _init_timer0:
  4074                           	callstack 29
  4075   002A9E                     
  4076                           ;timer0.c: 11:     T08BIT = 1;
  4077   002A9E  8CD5               	bsf	4053,6,c	;volatile
  4078                           
  4079                           ;timer0.c: 14:     T0CS = 0;
  4080   002AA0  9AD5               	bcf	4053,5,c	;volatile
  4081                           
  4082                           ;timer0.c: 17:     TMR0ON = 1;
  4083   002AA2  8ED5               	bsf	4053,7,c	;volatile
  4084                           
  4085                           ;timer0.c: 20:     PSA = 1;
  4086   002AA4  86D5               	bsf	4053,3,c	;volatile
  4087   002AA6                     
  4088                           ;timer0.c: 22:     TMR0 = 6;
  4089   002AA6  6AD7               	clrf	215,c	;volatile
  4090   002AA8  0E06               	movlw	6
  4091   002AAA  6ED6               	movwf	214,c	;volatile
  4092   002AAC                     
  4093                           ;timer0.c: 25:     TMR0IF = 0;
  4094   002AAC  94F2               	bcf	4082,2,c	;volatile
  4095   002AAE                     
  4096                           ;timer0.c: 28:     TMR0IE = 1;
  4097   002AAE  8AF2               	bsf	4082,5,c	;volatile
  4098   002AB0  0012               	return		;funcret
  4099   002AB2                     __end_of_init_timer0:
  4100                           	callstack 0
  4101                           
  4102 ;; *************** function _init_clcd *****************
  4103 ;; Defined at:
  4104 ;;		line 28 in file "clcd.c"
  4105 ;; Parameters:    Size  Location     Type
  4106 ;;		None
  4107 ;; Auto vars:     Size  Location     Type
  4108 ;;		None
  4109 ;; Return value:  Size  Location     Type
  4110 ;;                  1    wreg      void 
  4111 ;; Registers used:
  4112 ;;		wreg, status,2, status,0, cstack
  4113 ;; Tracked objects:
  4114 ;;		On entry : 0/0
  4115 ;;		On exit  : 0/0
  4116 ;;		Unchanged: 0/0
  4117 ;; Data sizes:     COMRAM   BANK0   BANK1   BANK2   BANK3   BANK4   BANK5
  4118 ;;      Params:         0       0       0       0       0       0       0
  4119 ;;      Locals:         0       0       0       0       0       0       0
  4120 ;;      Temps:          0       0       0       0       0       0       0
  4121 ;;      Totals:         0       0       0       0       0       0       0
  4122 ;;Total ram usage:        0 bytes
  4123 ;; Hardware stack levels used: 1
  4124 ;; Hardware stack levels required when called: 1
  4125 ;; This function calls:
  4126 ;;		_clcd_write
  4127 ;; This function is called by:
  4128 ;;		_init_config
  4129 ;; This function uses a non-reentrant model
  4130 ;;
  4131                           
  4132                           	psect	text13
  4133   002B46                     __ptext13:
  4134                           	callstack 0
  4135   002B46                     _init_clcd:
  4136                           	callstack 28
  4137   002B46                     
  4138                           ;clcd.c: 31:  TRISD = 0x00;
  4139   002B46  6A95               	clrf	149,c	;volatile
  4140   002B48                     
  4141                           ;clcd.c: 33:  TRISC = TRISC & 0xF8;
  4142   002B48  5094               	movf	148,w,c	;volatile
  4143   002B4A  0BF8               	andlw	248
  4144   002B4C  6E94               	movwf	148,c	;volatile
  4145   002B4E                     
  4146                           ;clcd.c: 35:  RC0 = 0;
  4147   002B4E  9082               	bcf	3970,0,c	;volatile
  4148   002B50                     
  4149                           ;clcd.c: 37:  clcd_write(0x02, 0);
  4150   002B50  0E00               	movlw	0
  4151   002B52  6E01               	movwf	clcd_write@control_bit^0,c
  4152   002B54  0E02               	movlw	2
  4153   002B56  ECBD  F015         	call	_clcd_write
  4154   002B5A                     
  4155                           ;clcd.c: 38:  clcd_write(0x38, 0);
  4156   002B5A  0E00               	movlw	0
  4157   002B5C  6E01               	movwf	clcd_write@control_bit^0,c
  4158   002B5E  0E38               	movlw	56
  4159   002B60  ECBD  F015         	call	_clcd_write
  4160   002B64                     
  4161                           ;clcd.c: 39:  clcd_write(0x0C, 0);
  4162   002B64  0E00               	movlw	0
  4163   002B66  6E01               	movwf	clcd_write@control_bit^0,c
  4164   002B68  0E0C               	movlw	12
  4165   002B6A  ECBD  F015         	call	_clcd_write
  4166   002B6E                     
  4167                           ;clcd.c: 40:  clcd_write(0x01, 0);
  4168   002B6E  0E00               	movlw	0
  4169   002B70  6E01               	movwf	clcd_write@control_bit^0,c
  4170   002B72  0E01               	movlw	1
  4171   002B74  ECBD  F015         	call	_clcd_write
  4172   002B78  0012               	return		;funcret
  4173   002B7A                     __end_of_init_clcd:
  4174                           	callstack 0
  4175                           
  4176 ;; *************** function _clcd_write *****************
  4177 ;; Defined at:
  4178 ;;		line 5 in file "clcd.c"
  4179 ;; Parameters:    Size  Location     Type
  4180 ;;  byte            1    wreg     unsigned char 
  4181 ;;  control_bit     1    0[COMRAM] unsigned char 
  4182 ;; Auto vars:     Size  Location     Type
  4183 ;;  byte            1    1[COMRAM] unsigned char 
  4184 ;; Return value:  Size  Location     Type
  4185 ;;                  1    wreg      void 
  4186 ;; Registers used:
  4187 ;;		wreg
  4188 ;; Tracked objects:
  4189 ;;		On entry : 0/0
  4190 ;;		On exit  : 0/0
  4191 ;;		Unchanged: 0/0
  4192 ;; Data sizes:     COMRAM   BANK0   BANK1   BANK2   BANK3   BANK4   BANK5
  4193 ;;      Params:         1       0       0       0       0       0       0
  4194 ;;      Locals:         1       0       0       0       0       0       0
  4195 ;;      Temps:          0       0       0       0       0       0       0
  4196 ;;      Totals:         2       0       0       0       0       0       0
  4197 ;;Total ram usage:        2 bytes
  4198 ;; Hardware stack levels used: 1
  4199 ;; This function calls:
  4200 ;;		Nothing
  4201 ;; This function is called by:
  4202 ;;		_init_clcd
  4203 ;;		_clcd_print
  4204 ;;		_clcd_putch
  4205 ;; This function uses a non-reentrant model
  4206 ;;
  4207                           
  4208                           	psect	text14
  4209   002B7A                     __ptext14:
  4210                           	callstack 0
  4211   002B7A                     _clcd_write:
  4212                           	callstack 27
  4213                           
  4214                           ;incstack = 0
  4215                           ;clcd_write@byte stored from wreg
  4216   002B7A  6E02               	movwf	clcd_write@byte^0,c
  4217   002B7C                     
  4218                           ;clcd.c: 5: void clcd_write(unsigned char byte, unsigned char control_bit);clcd.c: 6: {;
      +                          clcd.c: 7:  RC1 = control_bit;
  4219   002B7C  B001               	btfsc	clcd_write@control_bit^0,0,c
  4220   002B7E  EFC3  F015         	goto	u261
  4221   002B82  EFC6  F015         	goto	u260
  4222   002B86                     u261:
  4223   002B86  8282               	bsf	3970,1,c	;volatile
  4224   002B88  EFC7  F015         	goto	u275
  4225   002B8C                     u260:
  4226   002B8C  9282               	bcf	3970,1,c	;volatile
  4227   002B8E                     u275:
  4228   002B8E                     
  4229                           ;clcd.c: 8:  PORTD = byte;
  4230   002B8E  C002  FF83         	movff	clcd_write@byte,3971	;volatile
  4231   002B92                     
  4232                           ;clcd.c: 11:  RC2 = 1;
  4233   002B92  8482               	bsf	3970,2,c	;volatile
  4234   002B94                     
  4235                           ;clcd.c: 12:  RC2 = 0;
  4236   002B94  9482               	bcf	3970,2,c	;volatile
  4237   002B96                     
  4238                           ;clcd.c: 14:  TRISD7 = 0xFF;
  4239   002B96  8E95               	bsf	3989,7,c	;volatile
  4240   002B98                     
  4241                           ;clcd.c: 15:  RC0 = 1;
  4242   002B98  8082               	bsf	3970,0,c	;volatile
  4243   002B9A                     
  4244                           ;clcd.c: 16:  RC1 = 0;
  4245   002B9A  9282               	bcf	3970,1,c	;volatile
  4246   002B9C                     l1362:
  4247                           
  4248                           ;clcd.c: 19:  {;clcd.c: 20:   RC2 = 1;
  4249   002B9C  8482               	bsf	3970,2,c	;volatile
  4250   002B9E                     
  4251                           ;clcd.c: 21:   RC2 = 0;
  4252   002B9E  9482               	bcf	3970,2,c	;volatile
  4253   002BA0                     
  4254                           ;clcd.c: 22:  } while (RD7);
  4255   002BA0  BE83               	btfsc	3971,7,c	;volatile
  4256   002BA2  EFD5  F015         	goto	u281
  4257   002BA6  EFD7  F015         	goto	u280
  4258   002BAA                     u281:
  4259   002BAA  EFCE  F015         	goto	l1362
  4260   002BAE                     u280:
  4261   002BAE                     
  4262                           ;clcd.c: 24:  RC0 = 0;
  4263   002BAE  9082               	bcf	3970,0,c	;volatile
  4264                           
  4265                           ;clcd.c: 25:  TRISD7 = 0x00;
  4266   002BB0  9E95               	bcf	3989,7,c	;volatile
  4267   002BB2  0012               	return		;funcret
  4268   002BB4                     __end_of_clcd_write:
  4269                           	callstack 0
  4270                           
  4271 ;; *************** function _init_can *****************
  4272 ;; Defined at:
  4273 ;;		line 15 in file "can.c"
  4274 ;; Parameters:    Size  Location     Type
  4275 ;;		None
  4276 ;; Auto vars:     Size  Location     Type
  4277 ;;		None
  4278 ;; Return value:  Size  Location     Type
  4279 ;;                  1    wreg      void 
  4280 ;; Registers used:
  4281 ;;		wreg, status,2, status,0
  4282 ;; Tracked objects:
  4283 ;;		On entry : 0/0
  4284 ;;		On exit  : 0/0
  4285 ;;		Unchanged: 0/0
  4286 ;; Data sizes:     COMRAM   BANK0   BANK1   BANK2   BANK3   BANK4   BANK5
  4287 ;;      Params:         0       0       0       0       0       0       0
  4288 ;;      Locals:         0       0       0       0       0       0       0
  4289 ;;      Temps:          0       0       0       0       0       0       0
  4290 ;;      Totals:         0       0       0       0       0       0       0
  4291 ;;Total ram usage:        0 bytes
  4292 ;; Hardware stack levels used: 1
  4293 ;; This function calls:
  4294 ;;		Nothing
  4295 ;; This function is called by:
  4296 ;;		_init_config
  4297 ;; This function uses a non-reentrant model
  4298 ;;
  4299                           
  4300                           	psect	text15
  4301   002BEE                     __ptext15:
  4302                           	callstack 0
  4303   002BEE                     _init_can:
  4304                           	callstack 29
  4305   002BEE                     
  4306                           ;can.c: 17:     TRISB2 = 0;
  4307   002BEE  9493               	bcf	3987,2,c	;volatile
  4308                           
  4309                           ;can.c: 18:     TRISB3 = 1;
  4310   002BF0  8693               	bsf	3987,3,c	;volatile
  4311   002BF2                     
  4312                           ;can.c: 22:     { CANCON &= 0x1F; CANCON |= e_can_op_mode_config; };
  4313   002BF2  0E1F               	movlw	31
  4314   002BF4  166F               	andwf	111,f,c	;volatile
  4315   002BF6  8E6F               	bsf	111,7,c	;volatile
  4316   002BF8                     l1120:
  4317   002BF8  0E80               	movlw	128
  4318   002BFA  186E               	xorwf	110,w,c	;volatile
  4319   002BFC  A4D8               	btfss	status,2,c
  4320   002BFE  EF03  F016         	goto	u91
  4321   002C02  EF05  F016         	goto	u90
  4322   002C06                     u91:
  4323   002C06  EFFC  F015         	goto	l1120
  4324   002C0A                     u90:
  4325   002C0A                     
  4326                           ;can.c: 28:     ECANCON = 0x00;
  4327   002C0A  6A77               	clrf	119,c	;volatile
  4328   002C0C                     
  4329                           ;can.c: 33:     BRGCON1 = 0xE1;
  4330   002C0C  0EE1               	movlw	225
  4331   002C0E  6E70               	movwf	112,c	;volatile
  4332                           
  4333                           ;can.c: 34:     BRGCON2 = 0x1B;
  4334   002C10  0E1B               	movlw	27
  4335   002C12  6E71               	movwf	113,c	;volatile
  4336                           
  4337                           ;can.c: 35:     BRGCON3 = 0x03;
  4338   002C14  0E03               	movlw	3
  4339   002C16  6E72               	movwf	114,c	;volatile
  4340   002C18                     
  4341                           ;can.c: 41:     RXFCON0 = 0x00;
  4342   002C18  010D               	movlb	13	; () banked
  4343   002C1A  6BD4               	clrf	212,b	;volatile
  4344   002C1C                     
  4345                           ; BSR set to: 13
  4346                           ;can.c: 44:     { CANCON &= 0x1F; CANCON |= e_can_op_mode_normal; };
  4347   002C1C  0E1F               	movlw	31
  4348   002C1E  166F               	andwf	111,f,c	;volatile
  4349   002C20                     
  4350                           ; BSR set to: 13
  4351   002C20  506F               	movf	111,w,c	;volatile
  4352   002C22                     
  4353                           ; BSR set to: 13
  4354                           ;can.c: 47:     RXB0CON = 0x00;
  4355   002C22  6A60               	clrf	96,c	;volatile
  4356   002C24                     
  4357                           ; BSR set to: 13
  4358                           ;can.c: 49:     RXB0CONbits.RXM1 = 1;
  4359   002C24  8C60               	bsf	96,6,c	;volatile
  4360   002C26                     
  4361                           ; BSR set to: 13
  4362                           ;can.c: 50:     RXB0CONbits.RXM0 = 1;
  4363   002C26  8A60               	bsf	96,5,c	;volatile
  4364   002C28                     
  4365                           ; BSR set to: 13
  4366   002C28  0012               	return		;funcret
  4367   002C2A                     __end_of_init_can:
  4368                           	callstack 0
  4369                           
  4370                           	psect	rparam
  4371   000001                     ___rparam_used  equ	1
  4372   000000                     ___param_bank   equ	0
  4373   000000                     __Lparam        equ	__Lrparam
  4374   000000                     __Hparam        equ	__Hrparam
  4375                           
  4376                           	psect	idloc
  4377                           
  4378                           ;Config register IDLOC0 @ 0x200000
  4379                           ;	unspecified, using default values
  4380   200000                     	org	2097152
  4381   200000  FF                 	db	255
  4382                           
  4383                           ;Config register IDLOC1 @ 0x200001
  4384                           ;	unspecified, using default values
  4385   200001                     	org	2097153
  4386   200001  FF                 	db	255
  4387                           
  4388                           ;Config register IDLOC2 @ 0x200002
  4389                           ;	unspecified, using default values
  4390   200002                     	org	2097154
  4391   200002  FF                 	db	255
  4392                           
  4393                           ;Config register IDLOC3 @ 0x200003
  4394                           ;	unspecified, using default values
  4395   200003                     	org	2097155
  4396   200003  FF                 	db	255
  4397                           
  4398                           ;Config register IDLOC4 @ 0x200004
  4399                           ;	unspecified, using default values
  4400   200004                     	org	2097156
  4401   200004  FF                 	db	255
  4402                           
  4403                           ;Config register IDLOC5 @ 0x200005
  4404                           ;	unspecified, using default values
  4405   200005                     	org	2097157
  4406   200005  FF                 	db	255
  4407                           
  4408                           ;Config register IDLOC6 @ 0x200006
  4409                           ;	unspecified, using default values
  4410   200006                     	org	2097158
  4411   200006  FF                 	db	255
  4412                           
  4413                           ;Config register IDLOC7 @ 0x200007
  4414                           ;	unspecified, using default values
  4415   200007                     	org	2097159
  4416   200007  FF                 	db	255
  4417                           
  4418                           	psect	config
  4419                           
  4420                           ; Padding undefined space
  4421   300000                     	org	3145728
  4422   300000  FF                 	db	255
  4423                           
  4424                           ;Config register CONFIG1H @ 0x300001
  4425                           ;	unspecified, using default values
  4426                           ;	Oscillator Selection bits
  4427                           ;	OSC = 0x7, unprogrammed default
  4428                           ;	Fail-Safe Clock Monitor Enable bit
  4429                           ;	FCMEN = 0x0, unprogrammed default
  4430                           ;	Internal/External Oscillator Switchover bit
  4431                           ;	IESO = 0x0, unprogrammed default
  4432   300001                     	org	3145729
  4433   300001  07                 	db	7
  4434                           
  4435                           ;Config register CONFIG2L @ 0x300002
  4436                           ;	unspecified, using default values
  4437                           ;	Power-up Timer Enable bit
  4438                           ;	PWRT = 0x1, unprogrammed default
  4439                           ;	Brown-out Reset Enable bits
  4440                           ;	BOREN = 0x3, unprogrammed default
  4441                           ;	Brown-out Reset Voltage bits
  4442                           ;	BORV = 0x3, unprogrammed default
  4443   300002                     	org	3145730
  4444   300002  1F                 	db	31
  4445                           
  4446                           ;Config register CONFIG2H @ 0x300003
  4447                           ;	unspecified, using default values
  4448                           ;	Watchdog Timer Enable bit
  4449                           ;	WDT = 0x1, unprogrammed default
  4450                           ;	Watchdog Timer Postscale Select bits
  4451                           ;	WDTPS = 0xF, unprogrammed default
  4452   300003                     	org	3145731
  4453   300003  1F                 	db	31
  4454                           
  4455                           ; Padding undefined space
  4456   300004                     	org	3145732
  4457   300004  FF                 	db	255
  4458                           
  4459                           ;Config register CONFIG3H @ 0x300005
  4460                           ;	unspecified, using default values
  4461                           ;	PORTB A/D Enable bit
  4462                           ;	PBADEN = 0x1, unprogrammed default
  4463                           ;	Low-Power Timer 1 Oscillator Enable bit
  4464                           ;	LPT1OSC = 0x0, unprogrammed default
  4465                           ;	MCLR Pin Enable bit
  4466                           ;	MCLRE = 0x1, unprogrammed default
  4467   300005                     	org	3145733
  4468   300005  82                 	db	130
  4469                           
  4470                           ;Config register CONFIG4L @ 0x300006
  4471                           ;	unspecified, using default values
  4472                           ;	Stack Full/Underflow Reset Enable bit
  4473                           ;	STVREN = 0x1, unprogrammed default
  4474                           ;	Single-Supply ICSP Enable bit
  4475                           ;	LVP = 0x1, unprogrammed default
  4476                           ;	Boot Block Size Select bit
  4477                           ;	BBSIZ = 0x0, unprogrammed default
  4478                           ;	Extended Instruction Set Enable bit
  4479                           ;	XINST = 0x0, unprogrammed default
  4480                           ;	Background Debugger Enable bit
  4481                           ;	DEBUG = 0x1, unprogrammed default
  4482   300006                     	org	3145734
  4483   300006  85                 	db	133
  4484                           
  4485                           ; Padding undefined space
  4486   300007                     	org	3145735
  4487   300007  FF                 	db	255
  4488                           
  4489                           ;Config register CONFIG5L @ 0x300008
  4490                           ;	unspecified, using default values
  4491                           ;	Code Protection bit
  4492                           ;	CP0 = 0x1, unprogrammed default
  4493                           ;	Code Protection bit
  4494                           ;	CP1 = 0x1, unprogrammed default
  4495                           ;	Code Protection bit
  4496                           ;	CP2 = 0x1, unprogrammed default
  4497                           ;	Code Protection bit
  4498                           ;	CP3 = 0x1, unprogrammed default
  4499   300008                     	org	3145736
  4500   300008  0F                 	db	15
  4501                           
  4502                           ;Config register CONFIG5H @ 0x300009
  4503                           ;	unspecified, using default values
  4504                           ;	Boot Block Code Protection bit
  4505                           ;	CPB = 0x1, unprogrammed default
  4506                           ;	Data EEPROM Code Protection bit
  4507                           ;	CPD = 0x1, unprogrammed default
  4508   300009                     	org	3145737
  4509   300009  C0                 	db	192
  4510                           
  4511                           ;Config register CONFIG6L @ 0x30000A
  4512                           ;	unspecified, using default values
  4513                           ;	Write Protection bit
  4514                           ;	WRT0 = 0x1, unprogrammed default
  4515                           ;	Write Protection bit
  4516                           ;	WRT1 = 0x1, unprogrammed default
  4517                           ;	Write Protection bit
  4518                           ;	WRT2 = 0x1, unprogrammed default
  4519                           ;	Write Protection bit
  4520                           ;	WRT3 = 0x1, unprogrammed default
  4521   30000A                     	org	3145738
  4522   30000A  0F                 	db	15
  4523                           
  4524                           ;Config register CONFIG6H @ 0x30000B
  4525                           ;	unspecified, using default values
  4526                           ;	Configuration Register Write Protection bit
  4527                           ;	WRTC = 0x1, unprogrammed default
  4528                           ;	Boot Block Write Protection bit
  4529                           ;	WRTB = 0x1, unprogrammed default
  4530                           ;	Data EEPROM Write Protection bit
  4531                           ;	WRTD = 0x1, unprogrammed default
  4532   30000B                     	org	3145739
  4533   30000B  E0                 	db	224
  4534                           
  4535                           ;Config register CONFIG7L @ 0x30000C
  4536                           ;	unspecified, using default values
  4537                           ;	Table Read Protection bit
  4538                           ;	EBTR0 = 0x1, unprogrammed default
  4539                           ;	Table Read Protection bit
  4540                           ;	EBTR1 = 0x1, unprogrammed default
  4541                           ;	Table Read Protection bit
  4542                           ;	EBTR2 = 0x1, unprogrammed default
  4543                           ;	Table Read Protection bit
  4544                           ;	EBTR3 = 0x1, unprogrammed default
  4545   30000C                     	org	3145740
  4546   30000C  0F                 	db	15
  4547                           
  4548                           ;Config register CONFIG7H @ 0x30000D
  4549                           ;	unspecified, using default values
  4550                           ;	Boot Block Table Read Protection bit
  4551                           ;	EBTRB = 0x1, unprogrammed default
  4552   30000D                     	org	3145741
  4553   30000D  40                 	db	64
  4554                           tosu	equ	0xFFF
  4555                           tosh	equ	0xFFE
  4556                           tosl	equ	0xFFD
  4557                           stkptr	equ	0xFFC
  4558                           pclatu	equ	0xFFB
  4559                           pclath	equ	0xFFA
  4560                           pcl	equ	0xFF9
  4561                           tblptru	equ	0xFF8
  4562                           tblptrh	equ	0xFF7
  4563                           tblptrl	equ	0xFF6
  4564                           tablat	equ	0xFF5
  4565                           prodh	equ	0xFF4
  4566                           prodl	equ	0xFF3
  4567                           indf0	equ	0xFEF
  4568                           postinc0	equ	0xFEE
  4569                           postdec0	equ	0xFED
  4570                           preinc0	equ	0xFEC
  4571                           plusw0	equ	0xFEB
  4572                           fsr0h	equ	0xFEA
  4573                           fsr0l	equ	0xFE9
  4574                           wreg	equ	0xFE8
  4575                           indf1	equ	0xFE7
  4576                           postinc1	equ	0xFE6
  4577                           postdec1	equ	0xFE5
  4578                           preinc1	equ	0xFE4
  4579                           plusw1	equ	0xFE3
  4580                           fsr1h	equ	0xFE2
  4581                           fsr1l	equ	0xFE1
  4582                           bsr	equ	0xFE0
  4583                           indf2	equ	0xFDF
  4584                           postinc2	equ	0xFDE
  4585                           postdec2	equ	0xFDD
  4586                           preinc2	equ	0xFDC
  4587                           plusw2	equ	0xFDB
  4588                           fsr2h	equ	0xFDA
  4589                           fsr2l	equ	0xFD9
  4590                           status	equ	0xFD8

Data Sizes:
    Strings     37
    Constant    0
    Data        1
    BSS         6
    Persistent  0
    Stack       0

Auto Spaces:
    Space          Size  Autos    Used
    COMRAM           95     31      38
    BANK0           160      0       0
    BANK1           256      0       0
    BANK2           256      0       0
    BANK3           256      0       0
    BANK4           256      0       0
    BANK5           256      0       0

Pointer List with Targets:

    can_receive@data	PTR unsigned char  size(1) Largest target is 8
		 -> process_canbus_data@data(COMRAM[8]), 

    can_receive@len	PTR unsigned char  size(1) Largest target is 1
		 -> process_canbus_data@len(COMRAM[1]), 

    can_receive@msg_id	PTR unsigned short  size(1) Largest target is 2
		 -> process_canbus_data@msg_id(COMRAM[2]), 

    can_receive@ptr	PTR unsigned char  size(2) Largest target is 1
		 -> RXB0D0(SFR_3[1]), 

    clcd_print@data	PTR const unsigned char  size(2) Largest target is 17
		 -> process_canbus_data@data(COMRAM[8]), STR_1(CODE[17]), STR_2(CODE[5]), STR_3(CODE[5]), 
		 -> STR_4(CODE[5]), STR_5(CODE[5]), 

    handle_gear_data@data	PTR unsigned char  size(1) Largest target is 8
		 -> process_canbus_data@data(COMRAM[8]), 

    handle_indicator_data@data	PTR unsigned char  size(1) Largest target is 8
		 -> process_canbus_data@data(COMRAM[8]), 

    handle_rpm_data@data	PTR unsigned char  size(1) Largest target is 8
		 -> process_canbus_data@data(COMRAM[8]), 

    handle_speed_data@data	PTR unsigned char  size(1) Largest target is 8
		 -> process_canbus_data@data(COMRAM[8]), 


Critical Paths under _main in COMRAM

    _main->_process_canbus_data
    _process_canbus_data->_can_receive
    _handle_speed_data->_clcd_print
    _handle_rpm_data->_clcd_print
    _handle_indicator_data->_clcd_print
    _clcd_print->_clcd_write
    _handle_gear_data->_clcd_putch
    _clcd_putch->_clcd_write
    _can_receive->_get_msg_id_std
    _init_clcd->_clcd_write

Critical Paths under _main in BANK0

    None.

Critical Paths under _main in BANK1

    None.

Critical Paths under _main in BANK2

    None.

Critical Paths under _main in BANK3

    None.

Critical Paths under _main in BANK4

    None.

Critical Paths under _main in BANK5

    None.

Call Graph Tables:

 ---------------------------------------------------------------------------------
 (Depth) Function   	        Calls       Base Space   Used Autos Params    Refs
 ---------------------------------------------------------------------------------
 (0) _main                                                 0     0      0    1561
                         _clcd_print
                        _init_config
                _process_canbus_data
 ---------------------------------------------------------------------------------
 (1) _process_canbus_data                                 13    13      0    1362
                                             18 COMRAM    13    13      0
                        _can_receive
                   _handle_gear_data
              _handle_indicator_data
                    _handle_rpm_data
                  _handle_speed_data
 ---------------------------------------------------------------------------------
 (2) _handle_speed_data                                    2     0      2     208
                                              5 COMRAM     2     0      2
                         _clcd_print
 ---------------------------------------------------------------------------------
 (2) _handle_rpm_data                                      2     0      2     208
                                              5 COMRAM     2     0      2
                         _clcd_print
 ---------------------------------------------------------------------------------
 (2) _handle_indicator_data                                3     1      2     274
                                              5 COMRAM     3     1      2
                              _blink
                         _clcd_print
 ---------------------------------------------------------------------------------
 (3) _clcd_print                                           3     0      3     140
                                              2 COMRAM     3     0      3
                         _clcd_write
 ---------------------------------------------------------------------------------
 (3) _blink                                                0     0      0       0
 ---------------------------------------------------------------------------------
 (2) _handle_gear_data                                     2     0      2     135
                                              4 COMRAM     2     0      2
                         _clcd_putch
 ---------------------------------------------------------------------------------
 (3) _clcd_putch                                           2     1      1     111
                                              2 COMRAM     2     1      1
                         _clcd_write
 ---------------------------------------------------------------------------------
 (2) _can_receive                                         10     7      3     228
                                              8 COMRAM    10     7      3
                     _get_msg_id_std
 ---------------------------------------------------------------------------------
 (3) _get_msg_id_std                                       8     6      2      24
                                              0 COMRAM     8     6      2
 ---------------------------------------------------------------------------------
 (1) _init_config                                          0     0      0      59
                           _init_can
                          _init_clcd
                        _init_timer0
 ---------------------------------------------------------------------------------
 (2) _init_timer0                                          0     0      0       0
 ---------------------------------------------------------------------------------
 (2) _init_clcd                                            0     0      0      59
                         _clcd_write
 ---------------------------------------------------------------------------------
 (4) _clcd_write                                           2     1      1      59
                                              0 COMRAM     2     1      1
 ---------------------------------------------------------------------------------
 (2) _init_can                                             0     0      0       0
 ---------------------------------------------------------------------------------
 Estimated maximum stack depth 4
 ---------------------------------------------------------------------------------

 Call Graph Graphs:

 _main (ROOT)
   _clcd_print
     _clcd_write
   _init_config
     _init_can
     _init_clcd
       _clcd_write
     _init_timer0
   _process_canbus_data
     _can_receive
       _get_msg_id_std
     _handle_gear_data
       _clcd_putch
         _clcd_write
     _handle_indicator_data
       _blink
       _clcd_print
     _handle_rpm_data
       _clcd_print
     _handle_speed_data
       _clcd_print

Address spaces:
Name               Size   Autos  Total    Usage
BIGRAM            1535      0       0      0.0%
BITBIGSFRllh       410      0       0      0.0%
BITBANK5           256      0       0      0.0%
BANK5              256      0       0      0.0%
BITBANK4           256      0       0      0.0%
BANK4              256      0       0      0.0%
BITBANK3           256      0       0      0.0%
BANK3              256      0       0      0.0%
BITBANK2           256      0       0      0.0%
BANK2              256      0       0      0.0%
BITBANK1           256      0       0      0.0%
BANK1              256      0       0      0.0%
BITBIGSFRlll       212      0       0      0.0%
BITBANK0           160      0       0      0.0%
BANK0              160      0       0      0.0%
BITCOMRAM           95      0       0      0.0%
COMRAM              95     31      38     40.0%
BITBIGSFRh          82      0       0      0.0%
BITBIGSFRlh         61      0       0      0.0%
STACK                0      0       0      0.0%
DATA                 0      0      38      0.0%


Microchip Technology PIC18 Macro Assembler V3.10 build 20250813170317 
Symbol Table                                                                                   Sun Jul 12 16:37:36 2026

               clcd_print@addr 0005                 clcd_print@data 0003                             l53 2C0A  
                           l54 2C28                             l72 2D7C                             l57 2BEC  
                           l74 2D8C                             l98 2A8A                             u70 2C4A  
                           u71 2C46                             u80 2C76                             u81 2C72  
                           u90 2C0A                             u91 2C06                ?_get_msg_id_std 0001  
                          l121 2AFC                            l124 2A9C                            l204 2CF8  
                          l207 2AC8                            l127 2AE2                            l139 2C8C  
                          l164 2FD2                            l174 2E2E                            l280 2AB0  
                          l194 2BAE                            l195 2BB2                            l198 2B78  
                          _GIE 7F97                            _RC0 7C10                            _RC1 7C11  
                          _RC2 7C12                            _RD7 7C1F                            u300 2CE8  
                          u310 2CF8                            u311 2CF4                            u320 2D08  
                          u400 2F62                            u321 2D04                            u401 2F5E  
                          u330 2D7C                            u410 2F84                            u331 2D78  
                          u307 2CDE                            u411 2F80                            u260 2B8C  
                          u340 2E4C                            u420 2DAE                            u261 2B86  
                          u341 2E48                            u421 2DAA                            u350 2E84  
                          u351 2E80                            u280 2BAE                            u360 2EBA  
                          u281 2BAA                            u361 2EB6                            u290 2CC0  
                          u370 2EE0                            u275 2B8E                            u371 2EDC  
                          u380 2F06                            u381 2F02                            u390 2F3C  
                          u391 2F38                            u297 2CB6                            _PSA 7EAB  
                          _RX9 7D5E                            _TX9 7D66          ??_process_canbus_data 0013  
               clcd_putch@addr 0003                 clcd_putch@data 0004              can_receive@msg_id 0009  
                          wreg 0FE8                           l1110 2C76                           l1120 2BF8  
                         l1112 2C86                           l1104 2C2A                           l1130 2C22  
                         l1122 2C0C                           l1114 2BEE                           l1106 2C4A  
                         l1132 2C24                           l1124 2C18                           l1116 2BF2  
                         l1108 2C5A                           l1134 2C26                           l1126 2C1C  
                         l1118 2BF6                           l1128 2C20                           l1400 2D52  
                         l1410 2B50                           l1170 2AA6                           l1402 2D84  
                         l1412 2B5A                           l1404 2B46                           l1172 2AAC  
                         l1420 2AEE                           l1500 2DD2                           l1350 2B8E  
                         l1414 2B64                           l1406 2B48                           l1174 2AAE  
                         l1422 2A8C                           l1430 2E34                           l1502 2DE2  
                         l1360 2B9A                           l1352 2B92                           l1416 2B6E  
                         l1408 2B4E                           l1168 2A9E                           l1440 2E84  
                         l1432 2E4C                           l1424 2ACA                           l1512 2AFE  
                         l1362 2B9C                           l1354 2B94                           l1370 2BB4  
                         l1442 2E94                           l1434 2E5C                           l1426 2AD4  
                         l1418 2AE4                           l1506 2DF2                           l1514 2B02  
                         l1364 2B9E                           l1356 2B96                           l1348 2B7C  
                         l1372 2BE4                           l1380 2CC4                           l1460 2F1C  
                         l1452 2EE4                           l1444 2E9A                           l1436 2E62  
                         l1428 2E30                           l1516 2B12                           l1366 2BA0  
                         l1358 2B98                           l1390 2D1A                           l1382 2CC8  
                         l1470 2F6C                           l1462 2F3C                           l1454 2EEE  
                         l1446 2EBA                           l1438 2E6C                           l1368 2BB4  
                         l1392 2D24                           l1384 2AB4                           l1376 2C8E  
                         l1472 2F84                           l1464 2F46                           l1456 2F06  
                         l1448 2EC4                           l1480 2FC8                           l1482 2A7A  
                         l1394 2D2C                           l1386 2CFA                           l1378 2C9C  
                         l1474 2F94                           l1466 2F62                           l1458 2F16  
                         l1538 2E08                           l1490 2D8E                           l1484 2A82  
                         l1396 2D36                           l1388 2D08                           l1492 2D9E  
                         l1486 2A84                           l1398 2D4E                           l1478 2F9C  
                         l1488 2A86                           l1496 2DB2                           l1498 2DC2  
                         STR_1 2FD5                           STR_2 2FEB                           STR_3 2FE6  
                         STR_4 2FF0                           STR_5 2FF5                           _BRGH 7D62  
                         _CREN 7D5C                           _T0CS 7EAD                           _PEIE 7F96  
                         _RCIF 7CF5                           _TMR0 0FD6                           _SPEN 7D5F  
                         _TXEN 7D65                           _TXIF 7CF4                           _SYNC 7D64  
                         _main 2AFE                           fsr0h 0FEA                           fsr1h 0FE2  
                         indf0 0FEF                           fsr2h 0FDA                           fsr0l 0FE9  
                         indf1 0FE7                           indf2 0FDF                           fsr1l 0FE1  
                         fsr2l 0FD9             handle_rpm_data@len 0007                           start 2FFC  
                 ___param_bank 0000                 clcd_write@byte 0002                          ?_main 0001  
                        _BRG16 7DC3                   ?_init_config 0001                          _RCREG 0FAE  
                        _SENDB 7D63                          _SPBRG 0FAF                          _PORTB 0F81  
                        _PORTD 0F83                          _TRISB 0F93                          _TRISC 0F94  
                        _TRISD 0F95                          _TXREG 0FAD                   ?_init_timer0 0001  
                        _blink 2C2A            handle_rpm_data@data 0006                          tablat 0FF5  
                        status 0FD8                __initialization 2B1E                   __end_of_main 2B1E  
              _handle_rpm_data 2ACA         process_canbus_data@len 001F                         ??_main 0020  
                __activetblptr 0002           handle_speed_data@len 0007                         ?_blink 0001  
                       _CANCON 0F6F                         _T08BIT 7EAE       handle_indicator_data@len 0007  
                       _RXB0D0 0F66                         _RXB0IF 7D20                         _TMR0IE 7F95  
                       _TMR0IF 7F92                         _TXB0D0 0F46                         _TMR0ON 7EAF  
                       _TRISB2 7C9A                         _TRISB3 7C9B                         _TRISC6 7CA6  
                       _TRISC7 7CA7                         _TRISD7 7CAF          _handle_indicator_data 2E30  
             __end_of_init_can 2C2A                         isa$std 0001                         _status 0024  
                 __pdataCOMRAM 0026               _handle_gear_data 2A8C                   __mediumconst 2FD4  
                       tblptrh 0FF7                         tblptrl 0FF6                         tblptru 0FF8  
                   __accesstop 0060        __end_of__initialization 2B3C                 can_receive@len 000B  
               can_receive@ptr 000F                  ___rparam_used 0001               ??_get_msg_id_std 0003  
      __end_of_handle_rpm_data 2AE4                 __pcstackCOMRAM 0001               get_msg_id_std@id 0007  
                __end_of_blink 2C8E        process_canbus_data@data 0015                        ??_blink 0001  
       ?_handle_indicator_data 0006                     _clcd_print 2C8E                     _clcd_putch 2AB2  
                   _clcd_write 2B7A          handle_speed_data@data 0006    __end_of_process_canbus_data 2E30  
                      _ECANCON 0F77                        _CANSTAT 0F6E                        _BRGCON1 0F70  
                      _BRGCON2 0F71                        _BRGCON3 0F72                        _RXB0DLC 0F65  
                      _RXB0CON 0F60                        _RXB0FUL 7B07                        _TXB0DLC 0F45  
                      _TXB0REQ 7A03                        _RXFCON0 0DD4                      ?_init_can 0001  
                      __Hparam 0000                        __Lparam 0000               ?_handle_rpm_data 0006  
                ??_can_receive 000C                        __pcinit 2B1E                        __ramtop 0600  
                      __ptext0 2AFE                        __ptext1 2D8E                        __ptext2 2AE4  
                      __ptext3 2ACA                        __ptext4 2E30                        __ptext5 2C8E  
                      __ptext6 2C2A                        __ptext7 2A8C                        __ptext8 2AB2  
                      __ptext9 2CFA              __end_of_init_clcd 2B7A           end_of_initialization 2B3C  
                   blink@delay 0022                     ??_init_can 0001                  __Lmediumconst 2FD4  
                  ?_clcd_print 0003                    ?_clcd_putch 0003                    ?_clcd_write 0001  
     __end_of_handle_gear_data 2A9E     handle_indicator_data@delay 0020                        postdec2 0FDD  
                      postinc2 0FDE            __end_of_can_receive 2D8E                can_receive@data 000A  
                __pidataCOMRAM 3000            start_initialization 2B1E                   can_receive@i 0011  
      ??_handle_indicator_data 0008              _handle_speed_data 2AE4                    _can_receive 2CFA  
           ?_handle_speed_data 0006                  ??_init_config 0003            ??_handle_speed_data 0008  
                ??_init_timer0 0001                    __pbssCOMRAM 0020      __end_of_handle_speed_data 2AFE  
                __pmediumconst 2FD4                      _led_state 0025                    __smallconst 2FD4  
                    _init_clcd 2B46            __end_of_init_config 2A8C            __end_of_init_timer0 2AB2  
                 ??_clcd_print 0006                   ??_clcd_putch 0004                   ??_clcd_write 0002  
            ?_handle_gear_data 0005                       _RXB0SIDH 0F61                       _RXB0SIDL 0F62  
                     _TXB0EIDH 0F43                       _TXB0EIDL 0F44             ??_handle_gear_data 0007  
                     _TXB0SIDH 0F41                       _TXB0SIDL 0F42          clcd_write@control_bit 0001  
           __end_of_clcd_print 2CFA             __end_of_clcd_putch 2ACA             __end_of_clcd_write 2BB4  
                   ?_init_clcd 0001                       __Hrparam 0000                       __Lrparam 0000  
    process_canbus_data@msg_id 001D                    _init_config 2A7A                    _init_timer0 2A9E  
                     __ptext10 2BB4                       __ptext11 2A7A                       __ptext12 2A9E  
                     __ptext13 2B46                       __ptext14 2B7A                       __ptext15 2BEE  
__end_of_handle_indicator_data 2FD4                       _init_can 2BEE           handle_gear_data@data 0005  
                     isa$xinst 0000                   ?_can_receive 0009                 _get_msg_id_std 2BB4  
                  _RXB0CONbits 0F60                    ??_init_clcd 0003              ??_handle_rpm_data 0008  
          _process_canbus_data 2D8E            handle_gear_data@len 0006      handle_indicator_data@data 0006  
       __end_of_get_msg_id_std 2BEE    handle_indicator_data@status 0026           ?_process_canbus_data 0001  
