

Microchip MPLAB XC8 Assembler V3.10 build 20250813170317 
                                                                                               Fri Jul 10 09:04:04 2026

Microchip MPLAB XC8 C Compiler v3.10 (Free license) build 20250813170317 Og1 
     1                           	processor	18F4580
     2                           	fnconf	rparam,??,?,0
     3                           	pagewidth 120
     4                           	opt	flic
     5                           	psect	idataCOMRAM,global,class=CODE,space=0,delta=1,noexec
     6                           	psect	mediumconst,global,reloc=2,class=MEDIUMCONST,space=0,delta=1,noexec
     7                           	psect	cinit,global,reloc=2,class=CODE,space=0,delta=1
     8                           	psect	bssCOMRAM,global,class=COMRAM,space=1,delta=1,lowdata,noexec
     9                           	psect	dataCOMRAM,global,class=COMRAM,space=1,delta=1,lowdata,noexec
    10                           	psect	cstackCOMRAM,global,class=COMRAM,space=1,delta=1,lowdata,noexec
    11                           	psect	text0,global,reloc=2,class=CODE,space=0,delta=1
    12                           	psect	text1,global,reloc=2,class=CODE,space=0,delta=1
    13                           	psect	text2,global,reloc=2,class=CODE,space=0,delta=1,group=1
    14                           	psect	text3,global,reloc=2,class=CODE,space=0,delta=1,group=1
    15                           	psect	text4,global,reloc=2,class=CODE,space=0,delta=1
    16                           	psect	text5,global,reloc=2,class=CODE,space=0,delta=1
    17                           	psect	text6,global,reloc=2,class=CODE,space=0,delta=1
    18                           	psect	text7,global,reloc=2,class=CODE,space=0,delta=1
    19                           	psect	text8,global,reloc=2,class=CODE,space=0,delta=1,group=1
    20                           	psect	text9,global,reloc=2,class=CODE,space=0,delta=1,group=1
    21                           	psect	text10,global,reloc=2,class=CODE,space=0,delta=1
    22                           	psect	text11,global,reloc=2,class=CODE,space=0,delta=1
    23                           	psect	text12,global,reloc=2,class=CODE,space=0,delta=1
    24                           	psect	text13,global,reloc=2,class=CODE,space=0,delta=1
    25                           	psect	text14,global,reloc=2,class=CODE,space=0,delta=1
    26                           	psect	text15,global,reloc=2,class=CODE,space=0,delta=1
    27                           	psect	intsave_regs,global,class=BIGRAM,space=1,delta=1,noexec
    28                           	psect	rparam,global,class=COMRAM,space=1,delta=1,noexec
    29                           	psect	idloc,global,abs,ovrld,class=IDLOC,space=5,delta=1,noexec
    30                           	psect	config,global,abs,ovrld,class=CONFIG,space=4,delta=1,noexec
    31   000000                     
    32                           ; Version 2.20
    33                           ; Generated 12/02/2020 GMT
    34                           ; 
    35                           ; Copyright © 2020, Microchip Technology Inc. and its subsidiaries ("Microchip")
    36                           ; All rights reserved.
    37                           ; 
    38                           ; This software is developed by Microchip Technology Inc. and its subsidiaries ("Microch
      +                          ip").
    39                           ; 
    40                           ; Redistribution and use in source and binary forms, with or without modification, are
    41                           ; permitted provided that the following conditions are met:
    42                           ; 
    43                           ;     1. Redistributions of source code must retain the above copyright notice, this lis
      +                          t of
    44                           ;        conditions and the following disclaimer.
    45                           ; 
    46                           ;     2. Redistributions in binary form must reproduce the above copyright notice, this 
      +                          list
    47                           ;        of conditions and the following disclaimer in the documentation and/or other
    48                           ;        materials provided with the distribution.
    49                           ; 
    50                           ;     3. Microchip's name may not be used to endorse or promote products derived from th
      +                          is
    51                           ;        software without specific prior written permission.
    52                           ; 
    53                           ; THIS SOFTWARE IS PROVIDED BY MICROCHIP "AS IS" AND ANY EXPRESS OR IMPLIED WARRANTIES,
    54                           ; INCLUDING, BUT NOT LIMITED TO, THE IMPLIED WARRANTIES OF MERCHANTABILITY AND FITNESS F
      +                          OR
    55                           ; PURPOSE ARE DISCLAIMED.  IN NO EVENT SHALL MICROCHIP BE LIABLE FOR ANY DIRECT, INDIREC
      +                          T,
    56                           ; INCIDENTAL, SPECIAL, EXEMPLARY, OR CONSEQUENTIAL DAMAGES (INCLUDING BUT NOT LIMITED TO
    57                           ; PROCUREMENT OF SUBSTITUTE GOODS OR SERVICES; LOSS OF USE, DATA OR PROFITS; OR BUSINESS
    58                           ; INTERRUPTION) HOWSOEVER CAUSED AND ON ANY THEORY OF LIABILITY, WHETHER IN CONTRACT, ST
      +                          RICT
    59                           ; LIABILITY, OR TORT (INCLUDING NEGLIGENCE OR OTHERWISE) ARISING IN ANY WAY OUT OF THE U
      +                          SE OF
    60                           ; THIS SOFTWARE, EVEN IF ADVISED OF THE POSSIBILITY OF SUCH DAMAGE.
    61                           ; 
    62                           ; 
    63                           ; Code-generator required, PIC18F4580 Definitions
    64                           ; 
    65                           ; SFR Addresses
    66   000FE0                     bsr             equ	4064
    67   000FE9                     fsr0            equ	4073
    68   000FEA                     fsr0h           equ	4074
    69   000FE9                     fsr0l           equ	4073
    70   000FE1                     fsr1            equ	4065
    71   000FE2                     fsr1h           equ	4066
    72   000FE1                     fsr1l           equ	4065
    73   000FD9                     fsr2            equ	4057
    74   000FDA                     fsr2h           equ	4058
    75   000FD9                     fsr2l           equ	4057
    76   000FEF                     indf0           equ	4079
    77   000FE7                     indf1           equ	4071
    78   000FDF                     indf2           equ	4063
    79   000FF2                     intcon          equ	4082
    80   000000                     nvmcon          equ	0
    81   000FF9                     pcl             equ	4089
    82   000FFA                     pclath          equ	4090
    83   000FFB                     pclatu          equ	4091
    84   000FEB                     plusw0          equ	4075
    85   000FE3                     plusw1          equ	4067
    86   000FDB                     plusw2          equ	4059
    87   000FED                     postdec0        equ	4077
    88   000FE5                     postdec1        equ	4069
    89   000FDD                     postdec2        equ	4061
    90   000FEE                     postinc0        equ	4078
    91   000FE6                     postinc1        equ	4070
    92   000FDE                     postinc2        equ	4062
    93   000FEC                     preinc0         equ	4076
    94   000FE4                     preinc1         equ	4068
    95   000FDC                     preinc2         equ	4060
    96   000FF3                     prod            equ	4083
    97   000FF4                     prodh           equ	4084
    98   000FF3                     prodl           equ	4083
    99   000FD8                     status          equ	4056
   100   000FF5                     tablat          equ	4085
   101   000FF6                     tblptr          equ	4086
   102   000FF7                     tblptrh         equ	4087
   103   000FF6                     tblptrl         equ	4086
   104   000FF8                     tblptru         equ	4088
   105   000FFD                     tosl            equ	4093
   106   000FE8                     wreg            equ	4072
   107   000D60                     RXF6SIDH        equ	3424	;# 
   108   000D61                     RXF6SIDL        equ	3425	;# 
   109   000D62                     RXF6EIDH        equ	3426	;# 
   110   000D63                     RXF6EIDL        equ	3427	;# 
   111   000D64                     RXF7SIDH        equ	3428	;# 
   112   000D65                     RXF7SIDL        equ	3429	;# 
   113   000D66                     RXF7EIDH        equ	3430	;# 
   114   000D67                     RXF7EIDL        equ	3431	;# 
   115   000D68                     RXF8SIDH        equ	3432	;# 
   116   000D69                     RXF8SIDL        equ	3433	;# 
   117   000D6A                     RXF8EIDH        equ	3434	;# 
   118   000D6B                     RXF8EIDL        equ	3435	;# 
   119   000D70                     RXF9SIDH        equ	3440	;# 
   120   000D71                     RXF9SIDL        equ	3441	;# 
   121   000D72                     RXF9EIDH        equ	3442	;# 
   122   000D73                     RXF9EIDL        equ	3443	;# 
   123   000D74                     RXF10SIDH       equ	3444	;# 
   124   000D75                     RXF10SIDL       equ	3445	;# 
   125   000D76                     RXF10EIDH       equ	3446	;# 
   126   000D77                     RXF10EIDL       equ	3447	;# 
   127   000D78                     RXF11SIDH       equ	3448	;# 
   128   000D79                     RXF11SIDL       equ	3449	;# 
   129   000D7A                     RXF11EIDH       equ	3450	;# 
   130   000D7B                     RXF11EIDL       equ	3451	;# 
   131   000D80                     RXF12SIDH       equ	3456	;# 
   132   000D81                     RXF12SIDL       equ	3457	;# 
   133   000D82                     RXF12EIDH       equ	3458	;# 
   134   000D83                     RXF12EIDL       equ	3459	;# 
   135   000D84                     RXF13SIDH       equ	3460	;# 
   136   000D85                     RXF13SIDL       equ	3461	;# 
   137   000D86                     RXF13EIDH       equ	3462	;# 
   138   000D87                     RXF13EIDL       equ	3463	;# 
   139   000D88                     RXF14SIDH       equ	3464	;# 
   140   000D89                     RXF14SIDL       equ	3465	;# 
   141   000D8A                     RXF14EIDH       equ	3466	;# 
   142   000D8B                     RXF14EIDL       equ	3467	;# 
   143   000D90                     RXF15SIDH       equ	3472	;# 
   144   000D91                     RXF15SIDL       equ	3473	;# 
   145   000D92                     RXF15EIDH       equ	3474	;# 
   146   000D93                     RXF15EIDL       equ	3475	;# 
   147   000DD4                     RXFCON0         equ	3540	;# 
   148   000DD5                     RXFCON1         equ	3541	;# 
   149   000DD8                     SDFLC           equ	3544	;# 
   150   000DE0                     RXFBCON0        equ	3552	;# 
   151   000DE1                     RXFBCON1        equ	3553	;# 
   152   000DE2                     RXFBCON2        equ	3554	;# 
   153   000DE3                     RXFBCON3        equ	3555	;# 
   154   000DE4                     RXFBCON4        equ	3556	;# 
   155   000DE5                     RXFBCON5        equ	3557	;# 
   156   000DE6                     RXFBCON6        equ	3558	;# 
   157   000DE7                     RXFBCON7        equ	3559	;# 
   158   000DF0                     MSEL0           equ	3568	;# 
   159   000DF1                     MSEL1           equ	3569	;# 
   160   000DF2                     MSEL2           equ	3570	;# 
   161   000DF3                     MSEL3           equ	3571	;# 
   162   000DF8                     BSEL0           equ	3576	;# 
   163   000DFA                     BIE0            equ	3578	;# 
   164   000DFC                     TXBIE           equ	3580	;# 
   165   000E20                     B0CON           equ	3616	;# 
   166   000E21                     B0SIDH          equ	3617	;# 
   167   000E22                     B0SIDL          equ	3618	;# 
   168   000E23                     B0EIDH          equ	3619	;# 
   169   000E24                     B0EIDL          equ	3620	;# 
   170   000E25                     B0DLC           equ	3621	;# 
   171   000E26                     B0D0            equ	3622	;# 
   172   000E27                     B0D1            equ	3623	;# 
   173   000E28                     B0D2            equ	3624	;# 
   174   000E29                     B0D3            equ	3625	;# 
   175   000E2A                     B0D4            equ	3626	;# 
   176   000E2B                     B0D5            equ	3627	;# 
   177   000E2C                     B0D6            equ	3628	;# 
   178   000E2D                     B0D7            equ	3629	;# 
   179   000E2E                     CANSTAT_RO9     equ	3630	;# 
   180   000E2F                     CANCON_RO9      equ	3631	;# 
   181   000E30                     B1CON           equ	3632	;# 
   182   000E31                     B1SIDH          equ	3633	;# 
   183   000E32                     B1SIDL          equ	3634	;# 
   184   000E33                     B1EIDH          equ	3635	;# 
   185   000E34                     B1EIDL          equ	3636	;# 
   186   000E35                     B1DLC           equ	3637	;# 
   187   000E36                     B1D0            equ	3638	;# 
   188   000E37                     B1D1            equ	3639	;# 
   189   000E38                     B1D2            equ	3640	;# 
   190   000E39                     B1D3            equ	3641	;# 
   191   000E3A                     B1D4            equ	3642	;# 
   192   000E3B                     B1D5            equ	3643	;# 
   193   000E3C                     B1D6            equ	3644	;# 
   194   000E3D                     B1D7            equ	3645	;# 
   195   000E3E                     CANSTAT_RO8     equ	3646	;# 
   196   000E3F                     CANCON_RO8      equ	3647	;# 
   197   000E40                     B2CON           equ	3648	;# 
   198   000E41                     B2SIDH          equ	3649	;# 
   199   000E42                     B2SIDL          equ	3650	;# 
   200   000E43                     B2EIDH          equ	3651	;# 
   201   000E44                     B2EIDL          equ	3652	;# 
   202   000E45                     B2DLC           equ	3653	;# 
   203   000E46                     B2D0            equ	3654	;# 
   204   000E47                     B2D1            equ	3655	;# 
   205   000E48                     B2D2            equ	3656	;# 
   206   000E49                     B2D3            equ	3657	;# 
   207   000E4A                     B2D4            equ	3658	;# 
   208   000E4B                     B2D5            equ	3659	;# 
   209   000E4C                     B2D6            equ	3660	;# 
   210   000E4D                     B2D7            equ	3661	;# 
   211   000E4E                     CANSTAT_RO7     equ	3662	;# 
   212   000E4F                     CANCON_RO7      equ	3663	;# 
   213   000E50                     B3CON           equ	3664	;# 
   214   000E51                     B3SIDH          equ	3665	;# 
   215   000E52                     B3SIDL          equ	3666	;# 
   216   000E53                     B3EIDH          equ	3667	;# 
   217   000E54                     B3EIDL          equ	3668	;# 
   218   000E55                     B3DLC           equ	3669	;# 
   219   000E56                     B3D0            equ	3670	;# 
   220   000E57                     B3D1            equ	3671	;# 
   221   000E58                     B3D2            equ	3672	;# 
   222   000E59                     B3D3            equ	3673	;# 
   223   000E5A                     B3D4            equ	3674	;# 
   224   000E5B                     B3D5            equ	3675	;# 
   225   000E5C                     B3D6            equ	3676	;# 
   226   000E5D                     B3D7            equ	3677	;# 
   227   000E5E                     CANSTAT_RO6     equ	3678	;# 
   228   000E5F                     CANCON_RO6      equ	3679	;# 
   229   000E60                     B4CON           equ	3680	;# 
   230   000E61                     B4SIDH          equ	3681	;# 
   231   000E62                     B4SIDL          equ	3682	;# 
   232   000E63                     B4EIDH          equ	3683	;# 
   233   000E64                     B4EIDL          equ	3684	;# 
   234   000E65                     B4DLC           equ	3685	;# 
   235   000E66                     B4D0            equ	3686	;# 
   236   000E67                     B4D1            equ	3687	;# 
   237   000E68                     B4D2            equ	3688	;# 
   238   000E69                     B4D3            equ	3689	;# 
   239   000E6A                     B4D4            equ	3690	;# 
   240   000E6B                     B4D5            equ	3691	;# 
   241   000E6C                     B4D6            equ	3692	;# 
   242   000E6D                     B4D7            equ	3693	;# 
   243   000E6E                     CANSTAT_RO5     equ	3694	;# 
   244   000E6F                     CANCON_RO5      equ	3695	;# 
   245   000E70                     B5CON           equ	3696	;# 
   246   000E71                     B5SIDH          equ	3697	;# 
   247   000E72                     B5SIDL          equ	3698	;# 
   248   000E73                     B5EIDH          equ	3699	;# 
   249   000E74                     B5EIDL          equ	3700	;# 
   250   000E75                     B5DLC           equ	3701	;# 
   251   000E76                     B5D0            equ	3702	;# 
   252   000E77                     B5D1            equ	3703	;# 
   253   000E78                     B5D2            equ	3704	;# 
   254   000E79                     B5D3            equ	3705	;# 
   255   000E7A                     B5D4            equ	3706	;# 
   256   000E7B                     B5D5            equ	3707	;# 
   257   000E7C                     B5D6            equ	3708	;# 
   258   000E7D                     B5D7            equ	3709	;# 
   259   000E7E                     CANSTAT_RO4     equ	3710	;# 
   260   000E7F                     CANCON_RO4      equ	3711	;# 
   261   000F00                     RXF0SIDH        equ	3840	;# 
   262   000F01                     RXF0SIDL        equ	3841	;# 
   263   000F02                     RXF0EIDH        equ	3842	;# 
   264   000F03                     RXF0EIDL        equ	3843	;# 
   265   000F04                     RXF1SIDH        equ	3844	;# 
   266   000F05                     RXF1SIDL        equ	3845	;# 
   267   000F06                     RXF1EIDH        equ	3846	;# 
   268   000F07                     RXF1EIDL        equ	3847	;# 
   269   000F08                     RXF2SIDH        equ	3848	;# 
   270   000F09                     RXF2SIDL        equ	3849	;# 
   271   000F0A                     RXF2EIDH        equ	3850	;# 
   272   000F0B                     RXF2EIDL        equ	3851	;# 
   273   000F0C                     RXF3SIDH        equ	3852	;# 
   274   000F0D                     RXF3SIDL        equ	3853	;# 
   275   000F0E                     RXF3EIDH        equ	3854	;# 
   276   000F0F                     RXF3EIDL        equ	3855	;# 
   277   000F10                     RXF4SIDH        equ	3856	;# 
   278   000F11                     RXF4SIDL        equ	3857	;# 
   279   000F12                     RXF4EIDH        equ	3858	;# 
   280   000F13                     RXF4EIDL        equ	3859	;# 
   281   000F14                     RXF5SIDH        equ	3860	;# 
   282   000F15                     RXF5SIDL        equ	3861	;# 
   283   000F16                     RXF5EIDH        equ	3862	;# 
   284   000F17                     RXF5EIDL        equ	3863	;# 
   285   000F18                     RXM0SIDH        equ	3864	;# 
   286   000F19                     RXM0SIDL        equ	3865	;# 
   287   000F1A                     RXM0EIDH        equ	3866	;# 
   288   000F1B                     RXM0EIDL        equ	3867	;# 
   289   000F1C                     RXM1SIDH        equ	3868	;# 
   290   000F1D                     RXM1SIDL        equ	3869	;# 
   291   000F1E                     RXM1EIDH        equ	3870	;# 
   292   000F1F                     RXM1EIDL        equ	3871	;# 
   293   000F20                     TXB2CON         equ	3872	;# 
   294   000F21                     TXB2SIDH        equ	3873	;# 
   295   000F22                     TXB2SIDL        equ	3874	;# 
   296   000F23                     TXB2EIDH        equ	3875	;# 
   297   000F24                     TXB2EIDL        equ	3876	;# 
   298   000F25                     TXB2DLC         equ	3877	;# 
   299   000F26                     TXB2D0          equ	3878	;# 
   300   000F27                     TXB2D1          equ	3879	;# 
   301   000F28                     TXB2D2          equ	3880	;# 
   302   000F29                     TXB2D3          equ	3881	;# 
   303   000F2A                     TXB2D4          equ	3882	;# 
   304   000F2B                     TXB2D5          equ	3883	;# 
   305   000F2C                     TXB2D6          equ	3884	;# 
   306   000F2D                     TXB2D7          equ	3885	;# 
   307   000F2E                     CANSTAT_RO3     equ	3886	;# 
   308   000F2F                     CANCON_RO3      equ	3887	;# 
   309   000F30                     TXB1CON         equ	3888	;# 
   310   000F31                     TXB1SIDH        equ	3889	;# 
   311   000F32                     TXB1SIDL        equ	3890	;# 
   312   000F33                     TXB1EIDH        equ	3891	;# 
   313   000F34                     TXB1EIDL        equ	3892	;# 
   314   000F35                     TXB1DLC         equ	3893	;# 
   315   000F36                     TXB1D0          equ	3894	;# 
   316   000F37                     TXB1D1          equ	3895	;# 
   317   000F38                     TXB1D2          equ	3896	;# 
   318   000F39                     TXB1D3          equ	3897	;# 
   319   000F3A                     TXB1D4          equ	3898	;# 
   320   000F3B                     TXB1D5          equ	3899	;# 
   321   000F3C                     TXB1D6          equ	3900	;# 
   322   000F3D                     TXB1D7          equ	3901	;# 
   323   000F3E                     CANSTAT_RO2     equ	3902	;# 
   324   000F3F                     CANCON_RO2      equ	3903	;# 
   325   000F40                     TXB0CON         equ	3904	;# 
   326   000F41                     TXB0SIDH        equ	3905	;# 
   327   000F42                     TXB0SIDL        equ	3906	;# 
   328   000F43                     TXB0EIDH        equ	3907	;# 
   329   000F44                     TXB0EIDL        equ	3908	;# 
   330   000F45                     TXB0DLC         equ	3909	;# 
   331   000F46                     TXB0D0          equ	3910	;# 
   332   000F47                     TXB0D1          equ	3911	;# 
   333   000F48                     TXB0D2          equ	3912	;# 
   334   000F49                     TXB0D3          equ	3913	;# 
   335   000F4A                     TXB0D4          equ	3914	;# 
   336   000F4B                     TXB0D5          equ	3915	;# 
   337   000F4C                     TXB0D6          equ	3916	;# 
   338   000F4D                     TXB0D7          equ	3917	;# 
   339   000F4E                     CANSTAT_RO1     equ	3918	;# 
   340   000F4F                     CANCON_RO1      equ	3919	;# 
   341   000F50                     RXB1CON         equ	3920	;# 
   342   000F51                     RXB1SIDH        equ	3921	;# 
   343   000F52                     RXB1SIDL        equ	3922	;# 
   344   000F53                     RXB1EIDH        equ	3923	;# 
   345   000F54                     RXB1EIDL        equ	3924	;# 
   346   000F55                     RXB1DLC         equ	3925	;# 
   347   000F56                     RXB1D0          equ	3926	;# 
   348   000F57                     RXB1D1          equ	3927	;# 
   349   000F58                     RXB1D2          equ	3928	;# 
   350   000F59                     RXB1D3          equ	3929	;# 
   351   000F5A                     RXB1D4          equ	3930	;# 
   352   000F5B                     RXB1D5          equ	3931	;# 
   353   000F5C                     RXB1D6          equ	3932	;# 
   354   000F5D                     RXB1D7          equ	3933	;# 
   355   000F5E                     CANSTAT_RO0     equ	3934	;# 
   356   000F5F                     CANCON_RO0      equ	3935	;# 
   357   000F60                     RXB0CON         equ	3936	;# 
   358   000F61                     RXB0SIDH        equ	3937	;# 
   359   000F62                     RXB0SIDL        equ	3938	;# 
   360   000F63                     RXB0EIDH        equ	3939	;# 
   361   000F64                     RXB0EIDL        equ	3940	;# 
   362   000F65                     RXB0DLC         equ	3941	;# 
   363   000F66                     RXB0D0          equ	3942	;# 
   364   000F67                     RXB0D1          equ	3943	;# 
   365   000F68                     RXB0D2          equ	3944	;# 
   366   000F69                     RXB0D3          equ	3945	;# 
   367   000F6A                     RXB0D4          equ	3946	;# 
   368   000F6B                     RXB0D5          equ	3947	;# 
   369   000F6C                     RXB0D6          equ	3948	;# 
   370   000F6D                     RXB0D7          equ	3949	;# 
   371   000F6E                     CANSTAT         equ	3950	;# 
   372   000F6F                     CANCON          equ	3951	;# 
   373   000F70                     BRGCON1         equ	3952	;# 
   374   000F71                     BRGCON2         equ	3953	;# 
   375   000F72                     BRGCON3         equ	3954	;# 
   376   000F73                     CIOCON          equ	3955	;# 
   377   000F74                     COMSTAT         equ	3956	;# 
   378   000F75                     RXERRCNT        equ	3957	;# 
   379   000F76                     TXERRCNT        equ	3958	;# 
   380   000F77                     ECANCON         equ	3959	;# 
   381   000F80                     PORTA           equ	3968	;# 
   382   000F81                     PORTB           equ	3969	;# 
   383   000F82                     PORTC           equ	3970	;# 
   384   000F83                     PORTD           equ	3971	;# 
   385   000F84                     PORTE           equ	3972	;# 
   386   000F89                     LATA            equ	3977	;# 
   387   000F8A                     LATB            equ	3978	;# 
   388   000F8B                     LATC            equ	3979	;# 
   389   000F8C                     LATD            equ	3980	;# 
   390   000F8D                     LATE            equ	3981	;# 
   391   000F92                     TRISA           equ	3986	;# 
   392   000F92                     DDRA            equ	3986	;# 
   393   000F93                     TRISB           equ	3987	;# 
   394   000F93                     DDRB            equ	3987	;# 
   395   000F94                     TRISC           equ	3988	;# 
   396   000F94                     DDRC            equ	3988	;# 
   397   000F95                     TRISD           equ	3989	;# 
   398   000F95                     DDRD            equ	3989	;# 
   399   000F96                     TRISE           equ	3990	;# 
   400   000F96                     DDRE            equ	3990	;# 
   401   000F9B                     OSCTUNE         equ	3995	;# 
   402   000F9D                     PIE1            equ	3997	;# 
   403   000F9E                     PIR1            equ	3998	;# 
   404   000F9F                     IPR1            equ	3999	;# 
   405   000FA0                     PIE2            equ	4000	;# 
   406   000FA1                     PIR2            equ	4001	;# 
   407   000FA2                     IPR2            equ	4002	;# 
   408   000FA3                     PIE3            equ	4003	;# 
   409   000FA4                     PIR3            equ	4004	;# 
   410   000FA5                     IPR3            equ	4005	;# 
   411   000FA6                     EECON1          equ	4006	;# 
   412   000FA7                     EECON2          equ	4007	;# 
   413   000FA8                     EEDATA          equ	4008	;# 
   414   000FA9                     EEADR           equ	4009	;# 
   415   000FAB                     RCSTA           equ	4011	;# 
   416   000FAB                     RCSTA1          equ	4011	;# 
   417   000FAC                     TXSTA           equ	4012	;# 
   418   000FAC                     TXSTA1          equ	4012	;# 
   419   000FAD                     TXREG           equ	4013	;# 
   420   000FAD                     TXREG1          equ	4013	;# 
   421   000FAE                     RCREG           equ	4014	;# 
   422   000FAE                     RCREG1          equ	4014	;# 
   423   000FAF                     SPBRG           equ	4015	;# 
   424   000FAF                     SPBRG1          equ	4015	;# 
   425   000FB0                     SPBRGH          equ	4016	;# 
   426   000FB1                     T3CON           equ	4017	;# 
   427   000FB2                     TMR3            equ	4018	;# 
   428   000FB2                     TMR3L           equ	4018	;# 
   429   000FB3                     TMR3H           equ	4019	;# 
   430   000FB4                     CMCON           equ	4020	;# 
   431   000FB5                     CVRCON          equ	4021	;# 
   432   000FB6                     ECCP1AS         equ	4022	;# 
   433   000FB7                     ECCP1DEL        equ	4023	;# 
   434   000FB8                     BAUDCON         equ	4024	;# 
   435   000FB8                     BAUDCTL         equ	4024	;# 
   436   000FBA                     ECCP1CON        equ	4026	;# 
   437   000FBB                     ECCPR1          equ	4027	;# 
   438   000FBB                     ECCPR1L         equ	4027	;# 
   439   000FBC                     ECCPR1H         equ	4028	;# 
   440   000FBD                     CCP1CON         equ	4029	;# 
   441   000FBE                     CCPR1           equ	4030	;# 
   442   000FBE                     CCPR1L          equ	4030	;# 
   443   000FBF                     CCPR1H          equ	4031	;# 
   444   000FC0                     ADCON2          equ	4032	;# 
   445   000FC1                     ADCON1          equ	4033	;# 
   446   000FC2                     ADCON0          equ	4034	;# 
   447   000FC3                     ADRES           equ	4035	;# 
   448   000FC3                     ADRESL          equ	4035	;# 
   449   000FC4                     ADRESH          equ	4036	;# 
   450   000FC5                     SSPCON2         equ	4037	;# 
   451   000FC6                     SSPCON1         equ	4038	;# 
   452   000FC7                     SSPSTAT         equ	4039	;# 
   453   000FC8                     SSPADD          equ	4040	;# 
   454   000FC9                     SSPBUF          equ	4041	;# 
   455   000FCA                     T2CON           equ	4042	;# 
   456   000FCB                     PR2             equ	4043	;# 
   457   000FCB                     MEMCON          equ	4043	;# 
   458   000FCC                     TMR2            equ	4044	;# 
   459   000FCD                     T1CON           equ	4045	;# 
   460   000FCE                     TMR1            equ	4046	;# 
   461   000FCE                     TMR1L           equ	4046	;# 
   462   000FCF                     TMR1H           equ	4047	;# 
   463   000FD0                     RCON            equ	4048	;# 
   464   000FD1                     WDTCON          equ	4049	;# 
   465   000FD2                     HLVDCON         equ	4050	;# 
   466   000FD2                     LVDCON          equ	4050	;# 
   467   000FD3                     OSCCON          equ	4051	;# 
   468   000FD5                     T0CON           equ	4053	;# 
   469   000FD6                     TMR0            equ	4054	;# 
   470   000FD6                     TMR0L           equ	4054	;# 
   471   000FD7                     TMR0H           equ	4055	;# 
   472   000FD8                     STATUS          equ	4056	;# 
   473   000FD9                     FSR2            equ	4057	;# 
   474   000FD9                     FSR2L           equ	4057	;# 
   475   000FDA                     FSR2H           equ	4058	;# 
   476   000FDB                     PLUSW2          equ	4059	;# 
   477   000FDC                     PREINC2         equ	4060	;# 
   478   000FDD                     POSTDEC2        equ	4061	;# 
   479   000FDE                     POSTINC2        equ	4062	;# 
   480   000FDF                     INDF2           equ	4063	;# 
   481   000FE0                     BSR             equ	4064	;# 
   482   000FE1                     FSR1            equ	4065	;# 
   483   000FE1                     FSR1L           equ	4065	;# 
   484   000FE2                     FSR1H           equ	4066	;# 
   485   000FE3                     PLUSW1          equ	4067	;# 
   486   000FE4                     PREINC1         equ	4068	;# 
   487   000FE5                     POSTDEC1        equ	4069	;# 
   488   000FE6                     POSTINC1        equ	4070	;# 
   489   000FE7                     INDF1           equ	4071	;# 
   490   000FE8                     WREG            equ	4072	;# 
   491   000FE9                     FSR0            equ	4073	;# 
   492   000FE9                     FSR0L           equ	4073	;# 
   493   000FEA                     FSR0H           equ	4074	;# 
   494   000FEB                     PLUSW0          equ	4075	;# 
   495   000FEC                     PREINC0         equ	4076	;# 
   496   000FED                     POSTDEC0        equ	4077	;# 
   497   000FEE                     POSTINC0        equ	4078	;# 
   498   000FEF                     INDF0           equ	4079	;# 
   499   000FF0                     INTCON3         equ	4080	;# 
   500   000FF1                     INTCON2         equ	4081	;# 
   501   000FF2                     INTCON          equ	4082	;# 
   502   000FF3                     PROD            equ	4083	;# 
   503   000FF3                     PRODL           equ	4083	;# 
   504   000FF4                     PRODH           equ	4084	;# 
   505   000FF5                     TABLAT          equ	4085	;# 
   506   000FF6                     TBLPTR          equ	4086	;# 
   507   000FF6                     TBLPTRL         equ	4086	;# 
   508   000FF7                     TBLPTRH         equ	4087	;# 
   509   000FF8                     TBLPTRU         equ	4088	;# 
   510   000FF9                     PCLAT           equ	4089	;# 
   511   000FF9                     PC              equ	4089	;# 
   512   000FF9                     PCL             equ	4089	;# 
   513   000FFA                     PCLATH          equ	4090	;# 
   514   000FFB                     PCLATU          equ	4091	;# 
   515   000FFC                     STKPTR          equ	4092	;# 
   516   000FFD                     TOS             equ	4093	;# 
   517   000FFD                     TOSL            equ	4093	;# 
   518   000FFE                     TOSH            equ	4094	;# 
   519   000FFF                     TOSU            equ	4095	;# 
   520   000D60                     RXF6SIDH        equ	3424	;# 
   521   000D61                     RXF6SIDL        equ	3425	;# 
   522   000D62                     RXF6EIDH        equ	3426	;# 
   523   000D63                     RXF6EIDL        equ	3427	;# 
   524   000D64                     RXF7SIDH        equ	3428	;# 
   525   000D65                     RXF7SIDL        equ	3429	;# 
   526   000D66                     RXF7EIDH        equ	3430	;# 
   527   000D67                     RXF7EIDL        equ	3431	;# 
   528   000D68                     RXF8SIDH        equ	3432	;# 
   529   000D69                     RXF8SIDL        equ	3433	;# 
   530   000D6A                     RXF8EIDH        equ	3434	;# 
   531   000D6B                     RXF8EIDL        equ	3435	;# 
   532   000D70                     RXF9SIDH        equ	3440	;# 
   533   000D71                     RXF9SIDL        equ	3441	;# 
   534   000D72                     RXF9EIDH        equ	3442	;# 
   535   000D73                     RXF9EIDL        equ	3443	;# 
   536   000D74                     RXF10SIDH       equ	3444	;# 
   537   000D75                     RXF10SIDL       equ	3445	;# 
   538   000D76                     RXF10EIDH       equ	3446	;# 
   539   000D77                     RXF10EIDL       equ	3447	;# 
   540   000D78                     RXF11SIDH       equ	3448	;# 
   541   000D79                     RXF11SIDL       equ	3449	;# 
   542   000D7A                     RXF11EIDH       equ	3450	;# 
   543   000D7B                     RXF11EIDL       equ	3451	;# 
   544   000D80                     RXF12SIDH       equ	3456	;# 
   545   000D81                     RXF12SIDL       equ	3457	;# 
   546   000D82                     RXF12EIDH       equ	3458	;# 
   547   000D83                     RXF12EIDL       equ	3459	;# 
   548   000D84                     RXF13SIDH       equ	3460	;# 
   549   000D85                     RXF13SIDL       equ	3461	;# 
   550   000D86                     RXF13EIDH       equ	3462	;# 
   551   000D87                     RXF13EIDL       equ	3463	;# 
   552   000D88                     RXF14SIDH       equ	3464	;# 
   553   000D89                     RXF14SIDL       equ	3465	;# 
   554   000D8A                     RXF14EIDH       equ	3466	;# 
   555   000D8B                     RXF14EIDL       equ	3467	;# 
   556   000D90                     RXF15SIDH       equ	3472	;# 
   557   000D91                     RXF15SIDL       equ	3473	;# 
   558   000D92                     RXF15EIDH       equ	3474	;# 
   559   000D93                     RXF15EIDL       equ	3475	;# 
   560   000DD4                     RXFCON0         equ	3540	;# 
   561   000DD5                     RXFCON1         equ	3541	;# 
   562   000DD8                     SDFLC           equ	3544	;# 
   563   000DE0                     RXFBCON0        equ	3552	;# 
   564   000DE1                     RXFBCON1        equ	3553	;# 
   565   000DE2                     RXFBCON2        equ	3554	;# 
   566   000DE3                     RXFBCON3        equ	3555	;# 
   567   000DE4                     RXFBCON4        equ	3556	;# 
   568   000DE5                     RXFBCON5        equ	3557	;# 
   569   000DE6                     RXFBCON6        equ	3558	;# 
   570   000DE7                     RXFBCON7        equ	3559	;# 
   571   000DF0                     MSEL0           equ	3568	;# 
   572   000DF1                     MSEL1           equ	3569	;# 
   573   000DF2                     MSEL2           equ	3570	;# 
   574   000DF3                     MSEL3           equ	3571	;# 
   575   000DF8                     BSEL0           equ	3576	;# 
   576   000DFA                     BIE0            equ	3578	;# 
   577   000DFC                     TXBIE           equ	3580	;# 
   578   000E20                     B0CON           equ	3616	;# 
   579   000E21                     B0SIDH          equ	3617	;# 
   580   000E22                     B0SIDL          equ	3618	;# 
   581   000E23                     B0EIDH          equ	3619	;# 
   582   000E24                     B0EIDL          equ	3620	;# 
   583   000E25                     B0DLC           equ	3621	;# 
   584   000E26                     B0D0            equ	3622	;# 
   585   000E27                     B0D1            equ	3623	;# 
   586   000E28                     B0D2            equ	3624	;# 
   587   000E29                     B0D3            equ	3625	;# 
   588   000E2A                     B0D4            equ	3626	;# 
   589   000E2B                     B0D5            equ	3627	;# 
   590   000E2C                     B0D6            equ	3628	;# 
   591   000E2D                     B0D7            equ	3629	;# 
   592   000E2E                     CANSTAT_RO9     equ	3630	;# 
   593   000E2F                     CANCON_RO9      equ	3631	;# 
   594   000E30                     B1CON           equ	3632	;# 
   595   000E31                     B1SIDH          equ	3633	;# 
   596   000E32                     B1SIDL          equ	3634	;# 
   597   000E33                     B1EIDH          equ	3635	;# 
   598   000E34                     B1EIDL          equ	3636	;# 
   599   000E35                     B1DLC           equ	3637	;# 
   600   000E36                     B1D0            equ	3638	;# 
   601   000E37                     B1D1            equ	3639	;# 
   602   000E38                     B1D2            equ	3640	;# 
   603   000E39                     B1D3            equ	3641	;# 
   604   000E3A                     B1D4            equ	3642	;# 
   605   000E3B                     B1D5            equ	3643	;# 
   606   000E3C                     B1D6            equ	3644	;# 
   607   000E3D                     B1D7            equ	3645	;# 
   608   000E3E                     CANSTAT_RO8     equ	3646	;# 
   609   000E3F                     CANCON_RO8      equ	3647	;# 
   610   000E40                     B2CON           equ	3648	;# 
   611   000E41                     B2SIDH          equ	3649	;# 
   612   000E42                     B2SIDL          equ	3650	;# 
   613   000E43                     B2EIDH          equ	3651	;# 
   614   000E44                     B2EIDL          equ	3652	;# 
   615   000E45                     B2DLC           equ	3653	;# 
   616   000E46                     B2D0            equ	3654	;# 
   617   000E47                     B2D1            equ	3655	;# 
   618   000E48                     B2D2            equ	3656	;# 
   619   000E49                     B2D3            equ	3657	;# 
   620   000E4A                     B2D4            equ	3658	;# 
   621   000E4B                     B2D5            equ	3659	;# 
   622   000E4C                     B2D6            equ	3660	;# 
   623   000E4D                     B2D7            equ	3661	;# 
   624   000E4E                     CANSTAT_RO7     equ	3662	;# 
   625   000E4F                     CANCON_RO7      equ	3663	;# 
   626   000E50                     B3CON           equ	3664	;# 
   627   000E51                     B3SIDH          equ	3665	;# 
   628   000E52                     B3SIDL          equ	3666	;# 
   629   000E53                     B3EIDH          equ	3667	;# 
   630   000E54                     B3EIDL          equ	3668	;# 
   631   000E55                     B3DLC           equ	3669	;# 
   632   000E56                     B3D0            equ	3670	;# 
   633   000E57                     B3D1            equ	3671	;# 
   634   000E58                     B3D2            equ	3672	;# 
   635   000E59                     B3D3            equ	3673	;# 
   636   000E5A                     B3D4            equ	3674	;# 
   637   000E5B                     B3D5            equ	3675	;# 
   638   000E5C                     B3D6            equ	3676	;# 
   639   000E5D                     B3D7            equ	3677	;# 
   640   000E5E                     CANSTAT_RO6     equ	3678	;# 
   641   000E5F                     CANCON_RO6      equ	3679	;# 
   642   000E60                     B4CON           equ	3680	;# 
   643   000E61                     B4SIDH          equ	3681	;# 
   644   000E62                     B4SIDL          equ	3682	;# 
   645   000E63                     B4EIDH          equ	3683	;# 
   646   000E64                     B4EIDL          equ	3684	;# 
   647   000E65                     B4DLC           equ	3685	;# 
   648   000E66                     B4D0            equ	3686	;# 
   649   000E67                     B4D1            equ	3687	;# 
   650   000E68                     B4D2            equ	3688	;# 
   651   000E69                     B4D3            equ	3689	;# 
   652   000E6A                     B4D4            equ	3690	;# 
   653   000E6B                     B4D5            equ	3691	;# 
   654   000E6C                     B4D6            equ	3692	;# 
   655   000E6D                     B4D7            equ	3693	;# 
   656   000E6E                     CANSTAT_RO5     equ	3694	;# 
   657   000E6F                     CANCON_RO5      equ	3695	;# 
   658   000E70                     B5CON           equ	3696	;# 
   659   000E71                     B5SIDH          equ	3697	;# 
   660   000E72                     B5SIDL          equ	3698	;# 
   661   000E73                     B5EIDH          equ	3699	;# 
   662   000E74                     B5EIDL          equ	3700	;# 
   663   000E75                     B5DLC           equ	3701	;# 
   664   000E76                     B5D0            equ	3702	;# 
   665   000E77                     B5D1            equ	3703	;# 
   666   000E78                     B5D2            equ	3704	;# 
   667   000E79                     B5D3            equ	3705	;# 
   668   000E7A                     B5D4            equ	3706	;# 
   669   000E7B                     B5D5            equ	3707	;# 
   670   000E7C                     B5D6            equ	3708	;# 
   671   000E7D                     B5D7            equ	3709	;# 
   672   000E7E                     CANSTAT_RO4     equ	3710	;# 
   673   000E7F                     CANCON_RO4      equ	3711	;# 
   674   000F00                     RXF0SIDH        equ	3840	;# 
   675   000F01                     RXF0SIDL        equ	3841	;# 
   676   000F02                     RXF0EIDH        equ	3842	;# 
   677   000F03                     RXF0EIDL        equ	3843	;# 
   678   000F04                     RXF1SIDH        equ	3844	;# 
   679   000F05                     RXF1SIDL        equ	3845	;# 
   680   000F06                     RXF1EIDH        equ	3846	;# 
   681   000F07                     RXF1EIDL        equ	3847	;# 
   682   000F08                     RXF2SIDH        equ	3848	;# 
   683   000F09                     RXF2SIDL        equ	3849	;# 
   684   000F0A                     RXF2EIDH        equ	3850	;# 
   685   000F0B                     RXF2EIDL        equ	3851	;# 
   686   000F0C                     RXF3SIDH        equ	3852	;# 
   687   000F0D                     RXF3SIDL        equ	3853	;# 
   688   000F0E                     RXF3EIDH        equ	3854	;# 
   689   000F0F                     RXF3EIDL        equ	3855	;# 
   690   000F10                     RXF4SIDH        equ	3856	;# 
   691   000F11                     RXF4SIDL        equ	3857	;# 
   692   000F12                     RXF4EIDH        equ	3858	;# 
   693   000F13                     RXF4EIDL        equ	3859	;# 
   694   000F14                     RXF5SIDH        equ	3860	;# 
   695   000F15                     RXF5SIDL        equ	3861	;# 
   696   000F16                     RXF5EIDH        equ	3862	;# 
   697   000F17                     RXF5EIDL        equ	3863	;# 
   698   000F18                     RXM0SIDH        equ	3864	;# 
   699   000F19                     RXM0SIDL        equ	3865	;# 
   700   000F1A                     RXM0EIDH        equ	3866	;# 
   701   000F1B                     RXM0EIDL        equ	3867	;# 
   702   000F1C                     RXM1SIDH        equ	3868	;# 
   703   000F1D                     RXM1SIDL        equ	3869	;# 
   704   000F1E                     RXM1EIDH        equ	3870	;# 
   705   000F1F                     RXM1EIDL        equ	3871	;# 
   706   000F20                     TXB2CON         equ	3872	;# 
   707   000F21                     TXB2SIDH        equ	3873	;# 
   708   000F22                     TXB2SIDL        equ	3874	;# 
   709   000F23                     TXB2EIDH        equ	3875	;# 
   710   000F24                     TXB2EIDL        equ	3876	;# 
   711   000F25                     TXB2DLC         equ	3877	;# 
   712   000F26                     TXB2D0          equ	3878	;# 
   713   000F27                     TXB2D1          equ	3879	;# 
   714   000F28                     TXB2D2          equ	3880	;# 
   715   000F29                     TXB2D3          equ	3881	;# 
   716   000F2A                     TXB2D4          equ	3882	;# 
   717   000F2B                     TXB2D5          equ	3883	;# 
   718   000F2C                     TXB2D6          equ	3884	;# 
   719   000F2D                     TXB2D7          equ	3885	;# 
   720   000F2E                     CANSTAT_RO3     equ	3886	;# 
   721   000F2F                     CANCON_RO3      equ	3887	;# 
   722   000F30                     TXB1CON         equ	3888	;# 
   723   000F31                     TXB1SIDH        equ	3889	;# 
   724   000F32                     TXB1SIDL        equ	3890	;# 
   725   000F33                     TXB1EIDH        equ	3891	;# 
   726   000F34                     TXB1EIDL        equ	3892	;# 
   727   000F35                     TXB1DLC         equ	3893	;# 
   728   000F36                     TXB1D0          equ	3894	;# 
   729   000F37                     TXB1D1          equ	3895	;# 
   730   000F38                     TXB1D2          equ	3896	;# 
   731   000F39                     TXB1D3          equ	3897	;# 
   732   000F3A                     TXB1D4          equ	3898	;# 
   733   000F3B                     TXB1D5          equ	3899	;# 
   734   000F3C                     TXB1D6          equ	3900	;# 
   735   000F3D                     TXB1D7          equ	3901	;# 
   736   000F3E                     CANSTAT_RO2     equ	3902	;# 
   737   000F3F                     CANCON_RO2      equ	3903	;# 
   738   000F40                     TXB0CON         equ	3904	;# 
   739   000F41                     TXB0SIDH        equ	3905	;# 
   740   000F42                     TXB0SIDL        equ	3906	;# 
   741   000F43                     TXB0EIDH        equ	3907	;# 
   742   000F44                     TXB0EIDL        equ	3908	;# 
   743   000F45                     TXB0DLC         equ	3909	;# 
   744   000F46                     TXB0D0          equ	3910	;# 
   745   000F47                     TXB0D1          equ	3911	;# 
   746   000F48                     TXB0D2          equ	3912	;# 
   747   000F49                     TXB0D3          equ	3913	;# 
   748   000F4A                     TXB0D4          equ	3914	;# 
   749   000F4B                     TXB0D5          equ	3915	;# 
   750   000F4C                     TXB0D6          equ	3916	;# 
   751   000F4D                     TXB0D7          equ	3917	;# 
   752   000F4E                     CANSTAT_RO1     equ	3918	;# 
   753   000F4F                     CANCON_RO1      equ	3919	;# 
   754   000F50                     RXB1CON         equ	3920	;# 
   755   000F51                     RXB1SIDH        equ	3921	;# 
   756   000F52                     RXB1SIDL        equ	3922	;# 
   757   000F53                     RXB1EIDH        equ	3923	;# 
   758   000F54                     RXB1EIDL        equ	3924	;# 
   759   000F55                     RXB1DLC         equ	3925	;# 
   760   000F56                     RXB1D0          equ	3926	;# 
   761   000F57                     RXB1D1          equ	3927	;# 
   762   000F58                     RXB1D2          equ	3928	;# 
   763   000F59                     RXB1D3          equ	3929	;# 
   764   000F5A                     RXB1D4          equ	3930	;# 
   765   000F5B                     RXB1D5          equ	3931	;# 
   766   000F5C                     RXB1D6          equ	3932	;# 
   767   000F5D                     RXB1D7          equ	3933	;# 
   768   000F5E                     CANSTAT_RO0     equ	3934	;# 
   769   000F5F                     CANCON_RO0      equ	3935	;# 
   770   000F60                     RXB0CON         equ	3936	;# 
   771   000F61                     RXB0SIDH        equ	3937	;# 
   772   000F62                     RXB0SIDL        equ	3938	;# 
   773   000F63                     RXB0EIDH        equ	3939	;# 
   774   000F64                     RXB0EIDL        equ	3940	;# 
   775   000F65                     RXB0DLC         equ	3941	;# 
   776   000F66                     RXB0D0          equ	3942	;# 
   777   000F67                     RXB0D1          equ	3943	;# 
   778   000F68                     RXB0D2          equ	3944	;# 
   779   000F69                     RXB0D3          equ	3945	;# 
   780   000F6A                     RXB0D4          equ	3946	;# 
   781   000F6B                     RXB0D5          equ	3947	;# 
   782   000F6C                     RXB0D6          equ	3948	;# 
   783   000F6D                     RXB0D7          equ	3949	;# 
   784   000F6E                     CANSTAT         equ	3950	;# 
   785   000F6F                     CANCON          equ	3951	;# 
   786   000F70                     BRGCON1         equ	3952	;# 
   787   000F71                     BRGCON2         equ	3953	;# 
   788   000F72                     BRGCON3         equ	3954	;# 
   789   000F73                     CIOCON          equ	3955	;# 
   790   000F74                     COMSTAT         equ	3956	;# 
   791   000F75                     RXERRCNT        equ	3957	;# 
   792   000F76                     TXERRCNT        equ	3958	;# 
   793   000F77                     ECANCON         equ	3959	;# 
   794   000F80                     PORTA           equ	3968	;# 
   795   000F81                     PORTB           equ	3969	;# 
   796   000F82                     PORTC           equ	3970	;# 
   797   000F83                     PORTD           equ	3971	;# 
   798   000F84                     PORTE           equ	3972	;# 
   799   000F89                     LATA            equ	3977	;# 
   800   000F8A                     LATB            equ	3978	;# 
   801   000F8B                     LATC            equ	3979	;# 
   802   000F8C                     LATD            equ	3980	;# 
   803   000F8D                     LATE            equ	3981	;# 
   804   000F92                     TRISA           equ	3986	;# 
   805   000F92                     DDRA            equ	3986	;# 
   806   000F93                     TRISB           equ	3987	;# 
   807   000F93                     DDRB            equ	3987	;# 
   808   000F94                     TRISC           equ	3988	;# 
   809   000F94                     DDRC            equ	3988	;# 
   810   000F95                     TRISD           equ	3989	;# 
   811   000F95                     DDRD            equ	3989	;# 
   812   000F96                     TRISE           equ	3990	;# 
   813   000F96                     DDRE            equ	3990	;# 
   814   000F9B                     OSCTUNE         equ	3995	;# 
   815   000F9D                     PIE1            equ	3997	;# 
   816   000F9E                     PIR1            equ	3998	;# 
   817   000F9F                     IPR1            equ	3999	;# 
   818   000FA0                     PIE2            equ	4000	;# 
   819   000FA1                     PIR2            equ	4001	;# 
   820   000FA2                     IPR2            equ	4002	;# 
   821   000FA3                     PIE3            equ	4003	;# 
   822   000FA4                     PIR3            equ	4004	;# 
   823   000FA5                     IPR3            equ	4005	;# 
   824   000FA6                     EECON1          equ	4006	;# 
   825   000FA7                     EECON2          equ	4007	;# 
   826   000FA8                     EEDATA          equ	4008	;# 
   827   000FA9                     EEADR           equ	4009	;# 
   828   000FAB                     RCSTA           equ	4011	;# 
   829   000FAB                     RCSTA1          equ	4011	;# 
   830   000FAC                     TXSTA           equ	4012	;# 
   831   000FAC                     TXSTA1          equ	4012	;# 
   832   000FAD                     TXREG           equ	4013	;# 
   833   000FAD                     TXREG1          equ	4013	;# 
   834   000FAE                     RCREG           equ	4014	;# 
   835   000FAE                     RCREG1          equ	4014	;# 
   836   000FAF                     SPBRG           equ	4015	;# 
   837   000FAF                     SPBRG1          equ	4015	;# 
   838   000FB0                     SPBRGH          equ	4016	;# 
   839   000FB1                     T3CON           equ	4017	;# 
   840   000FB2                     TMR3            equ	4018	;# 
   841   000FB2                     TMR3L           equ	4018	;# 
   842   000FB3                     TMR3H           equ	4019	;# 
   843   000FB4                     CMCON           equ	4020	;# 
   844   000FB5                     CVRCON          equ	4021	;# 
   845   000FB6                     ECCP1AS         equ	4022	;# 
   846   000FB7                     ECCP1DEL        equ	4023	;# 
   847   000FB8                     BAUDCON         equ	4024	;# 
   848   000FB8                     BAUDCTL         equ	4024	;# 
   849   000FBA                     ECCP1CON        equ	4026	;# 
   850   000FBB                     ECCPR1          equ	4027	;# 
   851   000FBB                     ECCPR1L         equ	4027	;# 
   852   000FBC                     ECCPR1H         equ	4028	;# 
   853   000FBD                     CCP1CON         equ	4029	;# 
   854   000FBE                     CCPR1           equ	4030	;# 
   855   000FBE                     CCPR1L          equ	4030	;# 
   856   000FBF                     CCPR1H          equ	4031	;# 
   857   000FC0                     ADCON2          equ	4032	;# 
   858   000FC1                     ADCON1          equ	4033	;# 
   859   000FC2                     ADCON0          equ	4034	;# 
   860   000FC3                     ADRES           equ	4035	;# 
   861   000FC3                     ADRESL          equ	4035	;# 
   862   000FC4                     ADRESH          equ	4036	;# 
   863   000FC5                     SSPCON2         equ	4037	;# 
   864   000FC6                     SSPCON1         equ	4038	;# 
   865   000FC7                     SSPSTAT         equ	4039	;# 
   866   000FC8                     SSPADD          equ	4040	;# 
   867   000FC9                     SSPBUF          equ	4041	;# 
   868   000FCA                     T2CON           equ	4042	;# 
   869   000FCB                     PR2             equ	4043	;# 
   870   000FCB                     MEMCON          equ	4043	;# 
   871   000FCC                     TMR2            equ	4044	;# 
   872   000FCD                     T1CON           equ	4045	;# 
   873   000FCE                     TMR1            equ	4046	;# 
   874   000FCE                     TMR1L           equ	4046	;# 
   875   000FCF                     TMR1H           equ	4047	;# 
   876   000FD0                     RCON            equ	4048	;# 
   877   000FD1                     WDTCON          equ	4049	;# 
   878   000FD2                     HLVDCON         equ	4050	;# 
   879   000FD2                     LVDCON          equ	4050	;# 
   880   000FD3                     OSCCON          equ	4051	;# 
   881   000FD5                     T0CON           equ	4053	;# 
   882   000FD6                     TMR0            equ	4054	;# 
   883   000FD6                     TMR0L           equ	4054	;# 
   884   000FD7                     TMR0H           equ	4055	;# 
   885   000FD8                     STATUS          equ	4056	;# 
   886   000FD9                     FSR2            equ	4057	;# 
   887   000FD9                     FSR2L           equ	4057	;# 
   888   000FDA                     FSR2H           equ	4058	;# 
   889   000FDB                     PLUSW2          equ	4059	;# 
   890   000FDC                     PREINC2         equ	4060	;# 
   891   000FDD                     POSTDEC2        equ	4061	;# 
   892   000FDE                     POSTINC2        equ	4062	;# 
   893   000FDF                     INDF2           equ	4063	;# 
   894   000FE0                     BSR             equ	4064	;# 
   895   000FE1                     FSR1            equ	4065	;# 
   896   000FE1                     FSR1L           equ	4065	;# 
   897   000FE2                     FSR1H           equ	4066	;# 
   898   000FE3                     PLUSW1          equ	4067	;# 
   899   000FE4                     PREINC1         equ	4068	;# 
   900   000FE5                     POSTDEC1        equ	4069	;# 
   901   000FE6                     POSTINC1        equ	4070	;# 
   902   000FE7                     INDF1           equ	4071	;# 
   903   000FE8                     WREG            equ	4072	;# 
   904   000FE9                     FSR0            equ	4073	;# 
   905   000FE9                     FSR0L           equ	4073	;# 
   906   000FEA                     FSR0H           equ	4074	;# 
   907   000FEB                     PLUSW0          equ	4075	;# 
   908   000FEC                     PREINC0         equ	4076	;# 
   909   000FED                     POSTDEC0        equ	4077	;# 
   910   000FEE                     POSTINC0        equ	4078	;# 
   911   000FEF                     INDF0           equ	4079	;# 
   912   000FF0                     INTCON3         equ	4080	;# 
   913   000FF1                     INTCON2         equ	4081	;# 
   914   000FF2                     INTCON          equ	4082	;# 
   915   000FF3                     PROD            equ	4083	;# 
   916   000FF3                     PRODL           equ	4083	;# 
   917   000FF4                     PRODH           equ	4084	;# 
   918   000FF5                     TABLAT          equ	4085	;# 
   919   000FF6                     TBLPTR          equ	4086	;# 
   920   000FF6                     TBLPTRL         equ	4086	;# 
   921   000FF7                     TBLPTRH         equ	4087	;# 
   922   000FF8                     TBLPTRU         equ	4088	;# 
   923   000FF9                     PCLAT           equ	4089	;# 
   924   000FF9                     PC              equ	4089	;# 
   925   000FF9                     PCL             equ	4089	;# 
   926   000FFA                     PCLATH          equ	4090	;# 
   927   000FFB                     PCLATU          equ	4091	;# 
   928   000FFC                     STKPTR          equ	4092	;# 
   929   000FFD                     TOS             equ	4093	;# 
   930   000FFD                     TOSL            equ	4093	;# 
   931   000FFE                     TOSH            equ	4094	;# 
   932   000FFF                     TOSU            equ	4095	;# 
   933   000D60                     RXF6SIDH        equ	3424	;# 
   934   000D61                     RXF6SIDL        equ	3425	;# 
   935   000D62                     RXF6EIDH        equ	3426	;# 
   936   000D63                     RXF6EIDL        equ	3427	;# 
   937   000D64                     RXF7SIDH        equ	3428	;# 
   938   000D65                     RXF7SIDL        equ	3429	;# 
   939   000D66                     RXF7EIDH        equ	3430	;# 
   940   000D67                     RXF7EIDL        equ	3431	;# 
   941   000D68                     RXF8SIDH        equ	3432	;# 
   942   000D69                     RXF8SIDL        equ	3433	;# 
   943   000D6A                     RXF8EIDH        equ	3434	;# 
   944   000D6B                     RXF8EIDL        equ	3435	;# 
   945   000D70                     RXF9SIDH        equ	3440	;# 
   946   000D71                     RXF9SIDL        equ	3441	;# 
   947   000D72                     RXF9EIDH        equ	3442	;# 
   948   000D73                     RXF9EIDL        equ	3443	;# 
   949   000D74                     RXF10SIDH       equ	3444	;# 
   950   000D75                     RXF10SIDL       equ	3445	;# 
   951   000D76                     RXF10EIDH       equ	3446	;# 
   952   000D77                     RXF10EIDL       equ	3447	;# 
   953   000D78                     RXF11SIDH       equ	3448	;# 
   954   000D79                     RXF11SIDL       equ	3449	;# 
   955   000D7A                     RXF11EIDH       equ	3450	;# 
   956   000D7B                     RXF11EIDL       equ	3451	;# 
   957   000D80                     RXF12SIDH       equ	3456	;# 
   958   000D81                     RXF12SIDL       equ	3457	;# 
   959   000D82                     RXF12EIDH       equ	3458	;# 
   960   000D83                     RXF12EIDL       equ	3459	;# 
   961   000D84                     RXF13SIDH       equ	3460	;# 
   962   000D85                     RXF13SIDL       equ	3461	;# 
   963   000D86                     RXF13EIDH       equ	3462	;# 
   964   000D87                     RXF13EIDL       equ	3463	;# 
   965   000D88                     RXF14SIDH       equ	3464	;# 
   966   000D89                     RXF14SIDL       equ	3465	;# 
   967   000D8A                     RXF14EIDH       equ	3466	;# 
   968   000D8B                     RXF14EIDL       equ	3467	;# 
   969   000D90                     RXF15SIDH       equ	3472	;# 
   970   000D91                     RXF15SIDL       equ	3473	;# 
   971   000D92                     RXF15EIDH       equ	3474	;# 
   972   000D93                     RXF15EIDL       equ	3475	;# 
   973   000DD4                     RXFCON0         equ	3540	;# 
   974   000DD5                     RXFCON1         equ	3541	;# 
   975   000DD8                     SDFLC           equ	3544	;# 
   976   000DE0                     RXFBCON0        equ	3552	;# 
   977   000DE1                     RXFBCON1        equ	3553	;# 
   978   000DE2                     RXFBCON2        equ	3554	;# 
   979   000DE3                     RXFBCON3        equ	3555	;# 
   980   000DE4                     RXFBCON4        equ	3556	;# 
   981   000DE5                     RXFBCON5        equ	3557	;# 
   982   000DE6                     RXFBCON6        equ	3558	;# 
   983   000DE7                     RXFBCON7        equ	3559	;# 
   984   000DF0                     MSEL0           equ	3568	;# 
   985   000DF1                     MSEL1           equ	3569	;# 
   986   000DF2                     MSEL2           equ	3570	;# 
   987   000DF3                     MSEL3           equ	3571	;# 
   988   000DF8                     BSEL0           equ	3576	;# 
   989   000DFA                     BIE0            equ	3578	;# 
   990   000DFC                     TXBIE           equ	3580	;# 
   991   000E20                     B0CON           equ	3616	;# 
   992   000E21                     B0SIDH          equ	3617	;# 
   993   000E22                     B0SIDL          equ	3618	;# 
   994   000E23                     B0EIDH          equ	3619	;# 
   995   000E24                     B0EIDL          equ	3620	;# 
   996   000E25                     B0DLC           equ	3621	;# 
   997   000E26                     B0D0            equ	3622	;# 
   998   000E27                     B0D1            equ	3623	;# 
   999   000E28                     B0D2            equ	3624	;# 
  1000   000E29                     B0D3            equ	3625	;# 
  1001   000E2A                     B0D4            equ	3626	;# 
  1002   000E2B                     B0D5            equ	3627	;# 
  1003   000E2C                     B0D6            equ	3628	;# 
  1004   000E2D                     B0D7            equ	3629	;# 
  1005   000E2E                     CANSTAT_RO9     equ	3630	;# 
  1006   000E2F                     CANCON_RO9      equ	3631	;# 
  1007   000E30                     B1CON           equ	3632	;# 
  1008   000E31                     B1SIDH          equ	3633	;# 
  1009   000E32                     B1SIDL          equ	3634	;# 
  1010   000E33                     B1EIDH          equ	3635	;# 
  1011   000E34                     B1EIDL          equ	3636	;# 
  1012   000E35                     B1DLC           equ	3637	;# 
  1013   000E36                     B1D0            equ	3638	;# 
  1014   000E37                     B1D1            equ	3639	;# 
  1015   000E38                     B1D2            equ	3640	;# 
  1016   000E39                     B1D3            equ	3641	;# 
  1017   000E3A                     B1D4            equ	3642	;# 
  1018   000E3B                     B1D5            equ	3643	;# 
  1019   000E3C                     B1D6            equ	3644	;# 
  1020   000E3D                     B1D7            equ	3645	;# 
  1021   000E3E                     CANSTAT_RO8     equ	3646	;# 
  1022   000E3F                     CANCON_RO8      equ	3647	;# 
  1023   000E40                     B2CON           equ	3648	;# 
  1024   000E41                     B2SIDH          equ	3649	;# 
  1025   000E42                     B2SIDL          equ	3650	;# 
  1026   000E43                     B2EIDH          equ	3651	;# 
  1027   000E44                     B2EIDL          equ	3652	;# 
  1028   000E45                     B2DLC           equ	3653	;# 
  1029   000E46                     B2D0            equ	3654	;# 
  1030   000E47                     B2D1            equ	3655	;# 
  1031   000E48                     B2D2            equ	3656	;# 
  1032   000E49                     B2D3            equ	3657	;# 
  1033   000E4A                     B2D4            equ	3658	;# 
  1034   000E4B                     B2D5            equ	3659	;# 
  1035   000E4C                     B2D6            equ	3660	;# 
  1036   000E4D                     B2D7            equ	3661	;# 
  1037   000E4E                     CANSTAT_RO7     equ	3662	;# 
  1038   000E4F                     CANCON_RO7      equ	3663	;# 
  1039   000E50                     B3CON           equ	3664	;# 
  1040   000E51                     B3SIDH          equ	3665	;# 
  1041   000E52                     B3SIDL          equ	3666	;# 
  1042   000E53                     B3EIDH          equ	3667	;# 
  1043   000E54                     B3EIDL          equ	3668	;# 
  1044   000E55                     B3DLC           equ	3669	;# 
  1045   000E56                     B3D0            equ	3670	;# 
  1046   000E57                     B3D1            equ	3671	;# 
  1047   000E58                     B3D2            equ	3672	;# 
  1048   000E59                     B3D3            equ	3673	;# 
  1049   000E5A                     B3D4            equ	3674	;# 
  1050   000E5B                     B3D5            equ	3675	;# 
  1051   000E5C                     B3D6            equ	3676	;# 
  1052   000E5D                     B3D7            equ	3677	;# 
  1053   000E5E                     CANSTAT_RO6     equ	3678	;# 
  1054   000E5F                     CANCON_RO6      equ	3679	;# 
  1055   000E60                     B4CON           equ	3680	;# 
  1056   000E61                     B4SIDH          equ	3681	;# 
  1057   000E62                     B4SIDL          equ	3682	;# 
  1058   000E63                     B4EIDH          equ	3683	;# 
  1059   000E64                     B4EIDL          equ	3684	;# 
  1060   000E65                     B4DLC           equ	3685	;# 
  1061   000E66                     B4D0            equ	3686	;# 
  1062   000E67                     B4D1            equ	3687	;# 
  1063   000E68                     B4D2            equ	3688	;# 
  1064   000E69                     B4D3            equ	3689	;# 
  1065   000E6A                     B4D4            equ	3690	;# 
  1066   000E6B                     B4D5            equ	3691	;# 
  1067   000E6C                     B4D6            equ	3692	;# 
  1068   000E6D                     B4D7            equ	3693	;# 
  1069   000E6E                     CANSTAT_RO5     equ	3694	;# 
  1070   000E6F                     CANCON_RO5      equ	3695	;# 
  1071   000E70                     B5CON           equ	3696	;# 
  1072   000E71                     B5SIDH          equ	3697	;# 
  1073   000E72                     B5SIDL          equ	3698	;# 
  1074   000E73                     B5EIDH          equ	3699	;# 
  1075   000E74                     B5EIDL          equ	3700	;# 
  1076   000E75                     B5DLC           equ	3701	;# 
  1077   000E76                     B5D0            equ	3702	;# 
  1078   000E77                     B5D1            equ	3703	;# 
  1079   000E78                     B5D2            equ	3704	;# 
  1080   000E79                     B5D3            equ	3705	;# 
  1081   000E7A                     B5D4            equ	3706	;# 
  1082   000E7B                     B5D5            equ	3707	;# 
  1083   000E7C                     B5D6            equ	3708	;# 
  1084   000E7D                     B5D7            equ	3709	;# 
  1085   000E7E                     CANSTAT_RO4     equ	3710	;# 
  1086   000E7F                     CANCON_RO4      equ	3711	;# 
  1087   000F00                     RXF0SIDH        equ	3840	;# 
  1088   000F01                     RXF0SIDL        equ	3841	;# 
  1089   000F02                     RXF0EIDH        equ	3842	;# 
  1090   000F03                     RXF0EIDL        equ	3843	;# 
  1091   000F04                     RXF1SIDH        equ	3844	;# 
  1092   000F05                     RXF1SIDL        equ	3845	;# 
  1093   000F06                     RXF1EIDH        equ	3846	;# 
  1094   000F07                     RXF1EIDL        equ	3847	;# 
  1095   000F08                     RXF2SIDH        equ	3848	;# 
  1096   000F09                     RXF2SIDL        equ	3849	;# 
  1097   000F0A                     RXF2EIDH        equ	3850	;# 
  1098   000F0B                     RXF2EIDL        equ	3851	;# 
  1099   000F0C                     RXF3SIDH        equ	3852	;# 
  1100   000F0D                     RXF3SIDL        equ	3853	;# 
  1101   000F0E                     RXF3EIDH        equ	3854	;# 
  1102   000F0F                     RXF3EIDL        equ	3855	;# 
  1103   000F10                     RXF4SIDH        equ	3856	;# 
  1104   000F11                     RXF4SIDL        equ	3857	;# 
  1105   000F12                     RXF4EIDH        equ	3858	;# 
  1106   000F13                     RXF4EIDL        equ	3859	;# 
  1107   000F14                     RXF5SIDH        equ	3860	;# 
  1108   000F15                     RXF5SIDL        equ	3861	;# 
  1109   000F16                     RXF5EIDH        equ	3862	;# 
  1110   000F17                     RXF5EIDL        equ	3863	;# 
  1111   000F18                     RXM0SIDH        equ	3864	;# 
  1112   000F19                     RXM0SIDL        equ	3865	;# 
  1113   000F1A                     RXM0EIDH        equ	3866	;# 
  1114   000F1B                     RXM0EIDL        equ	3867	;# 
  1115   000F1C                     RXM1SIDH        equ	3868	;# 
  1116   000F1D                     RXM1SIDL        equ	3869	;# 
  1117   000F1E                     RXM1EIDH        equ	3870	;# 
  1118   000F1F                     RXM1EIDL        equ	3871	;# 
  1119   000F20                     TXB2CON         equ	3872	;# 
  1120   000F21                     TXB2SIDH        equ	3873	;# 
  1121   000F22                     TXB2SIDL        equ	3874	;# 
  1122   000F23                     TXB2EIDH        equ	3875	;# 
  1123   000F24                     TXB2EIDL        equ	3876	;# 
  1124   000F25                     TXB2DLC         equ	3877	;# 
  1125   000F26                     TXB2D0          equ	3878	;# 
  1126   000F27                     TXB2D1          equ	3879	;# 
  1127   000F28                     TXB2D2          equ	3880	;# 
  1128   000F29                     TXB2D3          equ	3881	;# 
  1129   000F2A                     TXB2D4          equ	3882	;# 
  1130   000F2B                     TXB2D5          equ	3883	;# 
  1131   000F2C                     TXB2D6          equ	3884	;# 
  1132   000F2D                     TXB2D7          equ	3885	;# 
  1133   000F2E                     CANSTAT_RO3     equ	3886	;# 
  1134   000F2F                     CANCON_RO3      equ	3887	;# 
  1135   000F30                     TXB1CON         equ	3888	;# 
  1136   000F31                     TXB1SIDH        equ	3889	;# 
  1137   000F32                     TXB1SIDL        equ	3890	;# 
  1138   000F33                     TXB1EIDH        equ	3891	;# 
  1139   000F34                     TXB1EIDL        equ	3892	;# 
  1140   000F35                     TXB1DLC         equ	3893	;# 
  1141   000F36                     TXB1D0          equ	3894	;# 
  1142   000F37                     TXB1D1          equ	3895	;# 
  1143   000F38                     TXB1D2          equ	3896	;# 
  1144   000F39                     TXB1D3          equ	3897	;# 
  1145   000F3A                     TXB1D4          equ	3898	;# 
  1146   000F3B                     TXB1D5          equ	3899	;# 
  1147   000F3C                     TXB1D6          equ	3900	;# 
  1148   000F3D                     TXB1D7          equ	3901	;# 
  1149   000F3E                     CANSTAT_RO2     equ	3902	;# 
  1150   000F3F                     CANCON_RO2      equ	3903	;# 
  1151   000F40                     TXB0CON         equ	3904	;# 
  1152   000F41                     TXB0SIDH        equ	3905	;# 
  1153   000F42                     TXB0SIDL        equ	3906	;# 
  1154   000F43                     TXB0EIDH        equ	3907	;# 
  1155   000F44                     TXB0EIDL        equ	3908	;# 
  1156   000F45                     TXB0DLC         equ	3909	;# 
  1157   000F46                     TXB0D0          equ	3910	;# 
  1158   000F47                     TXB0D1          equ	3911	;# 
  1159   000F48                     TXB0D2          equ	3912	;# 
  1160   000F49                     TXB0D3          equ	3913	;# 
  1161   000F4A                     TXB0D4          equ	3914	;# 
  1162   000F4B                     TXB0D5          equ	3915	;# 
  1163   000F4C                     TXB0D6          equ	3916	;# 
  1164   000F4D                     TXB0D7          equ	3917	;# 
  1165   000F4E                     CANSTAT_RO1     equ	3918	;# 
  1166   000F4F                     CANCON_RO1      equ	3919	;# 
  1167   000F50                     RXB1CON         equ	3920	;# 
  1168   000F51                     RXB1SIDH        equ	3921	;# 
  1169   000F52                     RXB1SIDL        equ	3922	;# 
  1170   000F53                     RXB1EIDH        equ	3923	;# 
  1171   000F54                     RXB1EIDL        equ	3924	;# 
  1172   000F55                     RXB1DLC         equ	3925	;# 
  1173   000F56                     RXB1D0          equ	3926	;# 
  1174   000F57                     RXB1D1          equ	3927	;# 
  1175   000F58                     RXB1D2          equ	3928	;# 
  1176   000F59                     RXB1D3          equ	3929	;# 
  1177   000F5A                     RXB1D4          equ	3930	;# 
  1178   000F5B                     RXB1D5          equ	3931	;# 
  1179   000F5C                     RXB1D6          equ	3932	;# 
  1180   000F5D                     RXB1D7          equ	3933	;# 
  1181   000F5E                     CANSTAT_RO0     equ	3934	;# 
  1182   000F5F                     CANCON_RO0      equ	3935	;# 
  1183   000F60                     RXB0CON         equ	3936	;# 
  1184   000F61                     RXB0SIDH        equ	3937	;# 
  1185   000F62                     RXB0SIDL        equ	3938	;# 
  1186   000F63                     RXB0EIDH        equ	3939	;# 
  1187   000F64                     RXB0EIDL        equ	3940	;# 
  1188   000F65                     RXB0DLC         equ	3941	;# 
  1189   000F66                     RXB0D0          equ	3942	;# 
  1190   000F67                     RXB0D1          equ	3943	;# 
  1191   000F68                     RXB0D2          equ	3944	;# 
  1192   000F69                     RXB0D3          equ	3945	;# 
  1193   000F6A                     RXB0D4          equ	3946	;# 
  1194   000F6B                     RXB0D5          equ	3947	;# 
  1195   000F6C                     RXB0D6          equ	3948	;# 
  1196   000F6D                     RXB0D7          equ	3949	;# 
  1197   000F6E                     CANSTAT         equ	3950	;# 
  1198   000F6F                     CANCON          equ	3951	;# 
  1199   000F70                     BRGCON1         equ	3952	;# 
  1200   000F71                     BRGCON2         equ	3953	;# 
  1201   000F72                     BRGCON3         equ	3954	;# 
  1202   000F73                     CIOCON          equ	3955	;# 
  1203   000F74                     COMSTAT         equ	3956	;# 
  1204   000F75                     RXERRCNT        equ	3957	;# 
  1205   000F76                     TXERRCNT        equ	3958	;# 
  1206   000F77                     ECANCON         equ	3959	;# 
  1207   000F80                     PORTA           equ	3968	;# 
  1208   000F81                     PORTB           equ	3969	;# 
  1209   000F82                     PORTC           equ	3970	;# 
  1210   000F83                     PORTD           equ	3971	;# 
  1211   000F84                     PORTE           equ	3972	;# 
  1212   000F89                     LATA            equ	3977	;# 
  1213   000F8A                     LATB            equ	3978	;# 
  1214   000F8B                     LATC            equ	3979	;# 
  1215   000F8C                     LATD            equ	3980	;# 
  1216   000F8D                     LATE            equ	3981	;# 
  1217   000F92                     TRISA           equ	3986	;# 
  1218   000F92                     DDRA            equ	3986	;# 
  1219   000F93                     TRISB           equ	3987	;# 
  1220   000F93                     DDRB            equ	3987	;# 
  1221   000F94                     TRISC           equ	3988	;# 
  1222   000F94                     DDRC            equ	3988	;# 
  1223   000F95                     TRISD           equ	3989	;# 
  1224   000F95                     DDRD            equ	3989	;# 
  1225   000F96                     TRISE           equ	3990	;# 
  1226   000F96                     DDRE            equ	3990	;# 
  1227   000F9B                     OSCTUNE         equ	3995	;# 
  1228   000F9D                     PIE1            equ	3997	;# 
  1229   000F9E                     PIR1            equ	3998	;# 
  1230   000F9F                     IPR1            equ	3999	;# 
  1231   000FA0                     PIE2            equ	4000	;# 
  1232   000FA1                     PIR2            equ	4001	;# 
  1233   000FA2                     IPR2            equ	4002	;# 
  1234   000FA3                     PIE3            equ	4003	;# 
  1235   000FA4                     PIR3            equ	4004	;# 
  1236   000FA5                     IPR3            equ	4005	;# 
  1237   000FA6                     EECON1          equ	4006	;# 
  1238   000FA7                     EECON2          equ	4007	;# 
  1239   000FA8                     EEDATA          equ	4008	;# 
  1240   000FA9                     EEADR           equ	4009	;# 
  1241   000FAB                     RCSTA           equ	4011	;# 
  1242   000FAB                     RCSTA1          equ	4011	;# 
  1243   000FAC                     TXSTA           equ	4012	;# 
  1244   000FAC                     TXSTA1          equ	4012	;# 
  1245   000FAD                     TXREG           equ	4013	;# 
  1246   000FAD                     TXREG1          equ	4013	;# 
  1247   000FAE                     RCREG           equ	4014	;# 
  1248   000FAE                     RCREG1          equ	4014	;# 
  1249   000FAF                     SPBRG           equ	4015	;# 
  1250   000FAF                     SPBRG1          equ	4015	;# 
  1251   000FB0                     SPBRGH          equ	4016	;# 
  1252   000FB1                     T3CON           equ	4017	;# 
  1253   000FB2                     TMR3            equ	4018	;# 
  1254   000FB2                     TMR3L           equ	4018	;# 
  1255   000FB3                     TMR3H           equ	4019	;# 
  1256   000FB4                     CMCON           equ	4020	;# 
  1257   000FB5                     CVRCON          equ	4021	;# 
  1258   000FB6                     ECCP1AS         equ	4022	;# 
  1259   000FB7                     ECCP1DEL        equ	4023	;# 
  1260   000FB8                     BAUDCON         equ	4024	;# 
  1261   000FB8                     BAUDCTL         equ	4024	;# 
  1262   000FBA                     ECCP1CON        equ	4026	;# 
  1263   000FBB                     ECCPR1          equ	4027	;# 
  1264   000FBB                     ECCPR1L         equ	4027	;# 
  1265   000FBC                     ECCPR1H         equ	4028	;# 
  1266   000FBD                     CCP1CON         equ	4029	;# 
  1267   000FBE                     CCPR1           equ	4030	;# 
  1268   000FBE                     CCPR1L          equ	4030	;# 
  1269   000FBF                     CCPR1H          equ	4031	;# 
  1270   000FC0                     ADCON2          equ	4032	;# 
  1271   000FC1                     ADCON1          equ	4033	;# 
  1272   000FC2                     ADCON0          equ	4034	;# 
  1273   000FC3                     ADRES           equ	4035	;# 
  1274   000FC3                     ADRESL          equ	4035	;# 
  1275   000FC4                     ADRESH          equ	4036	;# 
  1276   000FC5                     SSPCON2         equ	4037	;# 
  1277   000FC6                     SSPCON1         equ	4038	;# 
  1278   000FC7                     SSPSTAT         equ	4039	;# 
  1279   000FC8                     SSPADD          equ	4040	;# 
  1280   000FC9                     SSPBUF          equ	4041	;# 
  1281   000FCA                     T2CON           equ	4042	;# 
  1282   000FCB                     PR2             equ	4043	;# 
  1283   000FCB                     MEMCON          equ	4043	;# 
  1284   000FCC                     TMR2            equ	4044	;# 
  1285   000FCD                     T1CON           equ	4045	;# 
  1286   000FCE                     TMR1            equ	4046	;# 
  1287   000FCE                     TMR1L           equ	4046	;# 
  1288   000FCF                     TMR1H           equ	4047	;# 
  1289   000FD0                     RCON            equ	4048	;# 
  1290   000FD1                     WDTCON          equ	4049	;# 
  1291   000FD2                     HLVDCON         equ	4050	;# 
  1292   000FD2                     LVDCON          equ	4050	;# 
  1293   000FD3                     OSCCON          equ	4051	;# 
  1294   000FD5                     T0CON           equ	4053	;# 
  1295   000FD6                     TMR0            equ	4054	;# 
  1296   000FD6                     TMR0L           equ	4054	;# 
  1297   000FD7                     TMR0H           equ	4055	;# 
  1298   000FD8                     STATUS          equ	4056	;# 
  1299   000FD9                     FSR2            equ	4057	;# 
  1300   000FD9                     FSR2L           equ	4057	;# 
  1301   000FDA                     FSR2H           equ	4058	;# 
  1302   000FDB                     PLUSW2          equ	4059	;# 
  1303   000FDC                     PREINC2         equ	4060	;# 
  1304   000FDD                     POSTDEC2        equ	4061	;# 
  1305   000FDE                     POSTINC2        equ	4062	;# 
  1306   000FDF                     INDF2           equ	4063	;# 
  1307   000FE0                     BSR             equ	4064	;# 
  1308   000FE1                     FSR1            equ	4065	;# 
  1309   000FE1                     FSR1L           equ	4065	;# 
  1310   000FE2                     FSR1H           equ	4066	;# 
  1311   000FE3                     PLUSW1          equ	4067	;# 
  1312   000FE4                     PREINC1         equ	4068	;# 
  1313   000FE5                     POSTDEC1        equ	4069	;# 
  1314   000FE6                     POSTINC1        equ	4070	;# 
  1315   000FE7                     INDF1           equ	4071	;# 
  1316   000FE8                     WREG            equ	4072	;# 
  1317   000FE9                     FSR0            equ	4073	;# 
  1318   000FE9                     FSR0L           equ	4073	;# 
  1319   000FEA                     FSR0H           equ	4074	;# 
  1320   000FEB                     PLUSW0          equ	4075	;# 
  1321   000FEC                     PREINC0         equ	4076	;# 
  1322   000FED                     POSTDEC0        equ	4077	;# 
  1323   000FEE                     POSTINC0        equ	4078	;# 
  1324   000FEF                     INDF0           equ	4079	;# 
  1325   000FF0                     INTCON3         equ	4080	;# 
  1326   000FF1                     INTCON2         equ	4081	;# 
  1327   000FF2                     INTCON          equ	4082	;# 
  1328   000FF3                     PROD            equ	4083	;# 
  1329   000FF3                     PRODL           equ	4083	;# 
  1330   000FF4                     PRODH           equ	4084	;# 
  1331   000FF5                     TABLAT          equ	4085	;# 
  1332   000FF6                     TBLPTR          equ	4086	;# 
  1333   000FF6                     TBLPTRL         equ	4086	;# 
  1334   000FF7                     TBLPTRH         equ	4087	;# 
  1335   000FF8                     TBLPTRU         equ	4088	;# 
  1336   000FF9                     PCLAT           equ	4089	;# 
  1337   000FF9                     PC              equ	4089	;# 
  1338   000FF9                     PCL             equ	4089	;# 
  1339   000FFA                     PCLATH          equ	4090	;# 
  1340   000FFB                     PCLATU          equ	4091	;# 
  1341   000FFC                     STKPTR          equ	4092	;# 
  1342   000FFD                     TOS             equ	4093	;# 
  1343   000FFD                     TOSL            equ	4093	;# 
  1344   000FFE                     TOSH            equ	4094	;# 
  1345   000FFF                     TOSU            equ	4095	;# 
  1346   000D60                     RXF6SIDH        equ	3424	;# 
  1347   000D61                     RXF6SIDL        equ	3425	;# 
  1348   000D62                     RXF6EIDH        equ	3426	;# 
  1349   000D63                     RXF6EIDL        equ	3427	;# 
  1350   000D64                     RXF7SIDH        equ	3428	;# 
  1351   000D65                     RXF7SIDL        equ	3429	;# 
  1352   000D66                     RXF7EIDH        equ	3430	;# 
  1353   000D67                     RXF7EIDL        equ	3431	;# 
  1354   000D68                     RXF8SIDH        equ	3432	;# 
  1355   000D69                     RXF8SIDL        equ	3433	;# 
  1356   000D6A                     RXF8EIDH        equ	3434	;# 
  1357   000D6B                     RXF8EIDL        equ	3435	;# 
  1358   000D70                     RXF9SIDH        equ	3440	;# 
  1359   000D71                     RXF9SIDL        equ	3441	;# 
  1360   000D72                     RXF9EIDH        equ	3442	;# 
  1361   000D73                     RXF9EIDL        equ	3443	;# 
  1362   000D74                     RXF10SIDH       equ	3444	;# 
  1363   000D75                     RXF10SIDL       equ	3445	;# 
  1364   000D76                     RXF10EIDH       equ	3446	;# 
  1365   000D77                     RXF10EIDL       equ	3447	;# 
  1366   000D78                     RXF11SIDH       equ	3448	;# 
  1367   000D79                     RXF11SIDL       equ	3449	;# 
  1368   000D7A                     RXF11EIDH       equ	3450	;# 
  1369   000D7B                     RXF11EIDL       equ	3451	;# 
  1370   000D80                     RXF12SIDH       equ	3456	;# 
  1371   000D81                     RXF12SIDL       equ	3457	;# 
  1372   000D82                     RXF12EIDH       equ	3458	;# 
  1373   000D83                     RXF12EIDL       equ	3459	;# 
  1374   000D84                     RXF13SIDH       equ	3460	;# 
  1375   000D85                     RXF13SIDL       equ	3461	;# 
  1376   000D86                     RXF13EIDH       equ	3462	;# 
  1377   000D87                     RXF13EIDL       equ	3463	;# 
  1378   000D88                     RXF14SIDH       equ	3464	;# 
  1379   000D89                     RXF14SIDL       equ	3465	;# 
  1380   000D8A                     RXF14EIDH       equ	3466	;# 
  1381   000D8B                     RXF14EIDL       equ	3467	;# 
  1382   000D90                     RXF15SIDH       equ	3472	;# 
  1383   000D91                     RXF15SIDL       equ	3473	;# 
  1384   000D92                     RXF15EIDH       equ	3474	;# 
  1385   000D93                     RXF15EIDL       equ	3475	;# 
  1386   000DD4                     RXFCON0         equ	3540	;# 
  1387   000DD5                     RXFCON1         equ	3541	;# 
  1388   000DD8                     SDFLC           equ	3544	;# 
  1389   000DE0                     RXFBCON0        equ	3552	;# 
  1390   000DE1                     RXFBCON1        equ	3553	;# 
  1391   000DE2                     RXFBCON2        equ	3554	;# 
  1392   000DE3                     RXFBCON3        equ	3555	;# 
  1393   000DE4                     RXFBCON4        equ	3556	;# 
  1394   000DE5                     RXFBCON5        equ	3557	;# 
  1395   000DE6                     RXFBCON6        equ	3558	;# 
  1396   000DE7                     RXFBCON7        equ	3559	;# 
  1397   000DF0                     MSEL0           equ	3568	;# 
  1398   000DF1                     MSEL1           equ	3569	;# 
  1399   000DF2                     MSEL2           equ	3570	;# 
  1400   000DF3                     MSEL3           equ	3571	;# 
  1401   000DF8                     BSEL0           equ	3576	;# 
  1402   000DFA                     BIE0            equ	3578	;# 
  1403   000DFC                     TXBIE           equ	3580	;# 
  1404   000E20                     B0CON           equ	3616	;# 
  1405   000E21                     B0SIDH          equ	3617	;# 
  1406   000E22                     B0SIDL          equ	3618	;# 
  1407   000E23                     B0EIDH          equ	3619	;# 
  1408   000E24                     B0EIDL          equ	3620	;# 
  1409   000E25                     B0DLC           equ	3621	;# 
  1410   000E26                     B0D0            equ	3622	;# 
  1411   000E27                     B0D1            equ	3623	;# 
  1412   000E28                     B0D2            equ	3624	;# 
  1413   000E29                     B0D3            equ	3625	;# 
  1414   000E2A                     B0D4            equ	3626	;# 
  1415   000E2B                     B0D5            equ	3627	;# 
  1416   000E2C                     B0D6            equ	3628	;# 
  1417   000E2D                     B0D7            equ	3629	;# 
  1418   000E2E                     CANSTAT_RO9     equ	3630	;# 
  1419   000E2F                     CANCON_RO9      equ	3631	;# 
  1420   000E30                     B1CON           equ	3632	;# 
  1421   000E31                     B1SIDH          equ	3633	;# 
  1422   000E32                     B1SIDL          equ	3634	;# 
  1423   000E33                     B1EIDH          equ	3635	;# 
  1424   000E34                     B1EIDL          equ	3636	;# 
  1425   000E35                     B1DLC           equ	3637	;# 
  1426   000E36                     B1D0            equ	3638	;# 
  1427   000E37                     B1D1            equ	3639	;# 
  1428   000E38                     B1D2            equ	3640	;# 
  1429   000E39                     B1D3            equ	3641	;# 
  1430   000E3A                     B1D4            equ	3642	;# 
  1431   000E3B                     B1D5            equ	3643	;# 
  1432   000E3C                     B1D6            equ	3644	;# 
  1433   000E3D                     B1D7            equ	3645	;# 
  1434   000E3E                     CANSTAT_RO8     equ	3646	;# 
  1435   000E3F                     CANCON_RO8      equ	3647	;# 
  1436   000E40                     B2CON           equ	3648	;# 
  1437   000E41                     B2SIDH          equ	3649	;# 
  1438   000E42                     B2SIDL          equ	3650	;# 
  1439   000E43                     B2EIDH          equ	3651	;# 
  1440   000E44                     B2EIDL          equ	3652	;# 
  1441   000E45                     B2DLC           equ	3653	;# 
  1442   000E46                     B2D0            equ	3654	;# 
  1443   000E47                     B2D1            equ	3655	;# 
  1444   000E48                     B2D2            equ	3656	;# 
  1445   000E49                     B2D3            equ	3657	;# 
  1446   000E4A                     B2D4            equ	3658	;# 
  1447   000E4B                     B2D5            equ	3659	;# 
  1448   000E4C                     B2D6            equ	3660	;# 
  1449   000E4D                     B2D7            equ	3661	;# 
  1450   000E4E                     CANSTAT_RO7     equ	3662	;# 
  1451   000E4F                     CANCON_RO7      equ	3663	;# 
  1452   000E50                     B3CON           equ	3664	;# 
  1453   000E51                     B3SIDH          equ	3665	;# 
  1454   000E52                     B3SIDL          equ	3666	;# 
  1455   000E53                     B3EIDH          equ	3667	;# 
  1456   000E54                     B3EIDL          equ	3668	;# 
  1457   000E55                     B3DLC           equ	3669	;# 
  1458   000E56                     B3D0            equ	3670	;# 
  1459   000E57                     B3D1            equ	3671	;# 
  1460   000E58                     B3D2            equ	3672	;# 
  1461   000E59                     B3D3            equ	3673	;# 
  1462   000E5A                     B3D4            equ	3674	;# 
  1463   000E5B                     B3D5            equ	3675	;# 
  1464   000E5C                     B3D6            equ	3676	;# 
  1465   000E5D                     B3D7            equ	3677	;# 
  1466   000E5E                     CANSTAT_RO6     equ	3678	;# 
  1467   000E5F                     CANCON_RO6      equ	3679	;# 
  1468   000E60                     B4CON           equ	3680	;# 
  1469   000E61                     B4SIDH          equ	3681	;# 
  1470   000E62                     B4SIDL          equ	3682	;# 
  1471   000E63                     B4EIDH          equ	3683	;# 
  1472   000E64                     B4EIDL          equ	3684	;# 
  1473   000E65                     B4DLC           equ	3685	;# 
  1474   000E66                     B4D0            equ	3686	;# 
  1475   000E67                     B4D1            equ	3687	;# 
  1476   000E68                     B4D2            equ	3688	;# 
  1477   000E69                     B4D3            equ	3689	;# 
  1478   000E6A                     B4D4            equ	3690	;# 
  1479   000E6B                     B4D5            equ	3691	;# 
  1480   000E6C                     B4D6            equ	3692	;# 
  1481   000E6D                     B4D7            equ	3693	;# 
  1482   000E6E                     CANSTAT_RO5     equ	3694	;# 
  1483   000E6F                     CANCON_RO5      equ	3695	;# 
  1484   000E70                     B5CON           equ	3696	;# 
  1485   000E71                     B5SIDH          equ	3697	;# 
  1486   000E72                     B5SIDL          equ	3698	;# 
  1487   000E73                     B5EIDH          equ	3699	;# 
  1488   000E74                     B5EIDL          equ	3700	;# 
  1489   000E75                     B5DLC           equ	3701	;# 
  1490   000E76                     B5D0            equ	3702	;# 
  1491   000E77                     B5D1            equ	3703	;# 
  1492   000E78                     B5D2            equ	3704	;# 
  1493   000E79                     B5D3            equ	3705	;# 
  1494   000E7A                     B5D4            equ	3706	;# 
  1495   000E7B                     B5D5            equ	3707	;# 
  1496   000E7C                     B5D6            equ	3708	;# 
  1497   000E7D                     B5D7            equ	3709	;# 
  1498   000E7E                     CANSTAT_RO4     equ	3710	;# 
  1499   000E7F                     CANCON_RO4      equ	3711	;# 
  1500   000F00                     RXF0SIDH        equ	3840	;# 
  1501   000F01                     RXF0SIDL        equ	3841	;# 
  1502   000F02                     RXF0EIDH        equ	3842	;# 
  1503   000F03                     RXF0EIDL        equ	3843	;# 
  1504   000F04                     RXF1SIDH        equ	3844	;# 
  1505   000F05                     RXF1SIDL        equ	3845	;# 
  1506   000F06                     RXF1EIDH        equ	3846	;# 
  1507   000F07                     RXF1EIDL        equ	3847	;# 
  1508   000F08                     RXF2SIDH        equ	3848	;# 
  1509   000F09                     RXF2SIDL        equ	3849	;# 
  1510   000F0A                     RXF2EIDH        equ	3850	;# 
  1511   000F0B                     RXF2EIDL        equ	3851	;# 
  1512   000F0C                     RXF3SIDH        equ	3852	;# 
  1513   000F0D                     RXF3SIDL        equ	3853	;# 
  1514   000F0E                     RXF3EIDH        equ	3854	;# 
  1515   000F0F                     RXF3EIDL        equ	3855	;# 
  1516   000F10                     RXF4SIDH        equ	3856	;# 
  1517   000F11                     RXF4SIDL        equ	3857	;# 
  1518   000F12                     RXF4EIDH        equ	3858	;# 
  1519   000F13                     RXF4EIDL        equ	3859	;# 
  1520   000F14                     RXF5SIDH        equ	3860	;# 
  1521   000F15                     RXF5SIDL        equ	3861	;# 
  1522   000F16                     RXF5EIDH        equ	3862	;# 
  1523   000F17                     RXF5EIDL        equ	3863	;# 
  1524   000F18                     RXM0SIDH        equ	3864	;# 
  1525   000F19                     RXM0SIDL        equ	3865	;# 
  1526   000F1A                     RXM0EIDH        equ	3866	;# 
  1527   000F1B                     RXM0EIDL        equ	3867	;# 
  1528   000F1C                     RXM1SIDH        equ	3868	;# 
  1529   000F1D                     RXM1SIDL        equ	3869	;# 
  1530   000F1E                     RXM1EIDH        equ	3870	;# 
  1531   000F1F                     RXM1EIDL        equ	3871	;# 
  1532   000F20                     TXB2CON         equ	3872	;# 
  1533   000F21                     TXB2SIDH        equ	3873	;# 
  1534   000F22                     TXB2SIDL        equ	3874	;# 
  1535   000F23                     TXB2EIDH        equ	3875	;# 
  1536   000F24                     TXB2EIDL        equ	3876	;# 
  1537   000F25                     TXB2DLC         equ	3877	;# 
  1538   000F26                     TXB2D0          equ	3878	;# 
  1539   000F27                     TXB2D1          equ	3879	;# 
  1540   000F28                     TXB2D2          equ	3880	;# 
  1541   000F29                     TXB2D3          equ	3881	;# 
  1542   000F2A                     TXB2D4          equ	3882	;# 
  1543   000F2B                     TXB2D5          equ	3883	;# 
  1544   000F2C                     TXB2D6          equ	3884	;# 
  1545   000F2D                     TXB2D7          equ	3885	;# 
  1546   000F2E                     CANSTAT_RO3     equ	3886	;# 
  1547   000F2F                     CANCON_RO3      equ	3887	;# 
  1548   000F30                     TXB1CON         equ	3888	;# 
  1549   000F31                     TXB1SIDH        equ	3889	;# 
  1550   000F32                     TXB1SIDL        equ	3890	;# 
  1551   000F33                     TXB1EIDH        equ	3891	;# 
  1552   000F34                     TXB1EIDL        equ	3892	;# 
  1553   000F35                     TXB1DLC         equ	3893	;# 
  1554   000F36                     TXB1D0          equ	3894	;# 
  1555   000F37                     TXB1D1          equ	3895	;# 
  1556   000F38                     TXB1D2          equ	3896	;# 
  1557   000F39                     TXB1D3          equ	3897	;# 
  1558   000F3A                     TXB1D4          equ	3898	;# 
  1559   000F3B                     TXB1D5          equ	3899	;# 
  1560   000F3C                     TXB1D6          equ	3900	;# 
  1561   000F3D                     TXB1D7          equ	3901	;# 
  1562   000F3E                     CANSTAT_RO2     equ	3902	;# 
  1563   000F3F                     CANCON_RO2      equ	3903	;# 
  1564   000F40                     TXB0CON         equ	3904	;# 
  1565   000F41                     TXB0SIDH        equ	3905	;# 
  1566   000F42                     TXB0SIDL        equ	3906	;# 
  1567   000F43                     TXB0EIDH        equ	3907	;# 
  1568   000F44                     TXB0EIDL        equ	3908	;# 
  1569   000F45                     TXB0DLC         equ	3909	;# 
  1570   000F46                     TXB0D0          equ	3910	;# 
  1571   000F47                     TXB0D1          equ	3911	;# 
  1572   000F48                     TXB0D2          equ	3912	;# 
  1573   000F49                     TXB0D3          equ	3913	;# 
  1574   000F4A                     TXB0D4          equ	3914	;# 
  1575   000F4B                     TXB0D5          equ	3915	;# 
  1576   000F4C                     TXB0D6          equ	3916	;# 
  1577   000F4D                     TXB0D7          equ	3917	;# 
  1578   000F4E                     CANSTAT_RO1     equ	3918	;# 
  1579   000F4F                     CANCON_RO1      equ	3919	;# 
  1580   000F50                     RXB1CON         equ	3920	;# 
  1581   000F51                     RXB1SIDH        equ	3921	;# 
  1582   000F52                     RXB1SIDL        equ	3922	;# 
  1583   000F53                     RXB1EIDH        equ	3923	;# 
  1584   000F54                     RXB1EIDL        equ	3924	;# 
  1585   000F55                     RXB1DLC         equ	3925	;# 
  1586   000F56                     RXB1D0          equ	3926	;# 
  1587   000F57                     RXB1D1          equ	3927	;# 
  1588   000F58                     RXB1D2          equ	3928	;# 
  1589   000F59                     RXB1D3          equ	3929	;# 
  1590   000F5A                     RXB1D4          equ	3930	;# 
  1591   000F5B                     RXB1D5          equ	3931	;# 
  1592   000F5C                     RXB1D6          equ	3932	;# 
  1593   000F5D                     RXB1D7          equ	3933	;# 
  1594   000F5E                     CANSTAT_RO0     equ	3934	;# 
  1595   000F5F                     CANCON_RO0      equ	3935	;# 
  1596   000F60                     RXB0CON         equ	3936	;# 
  1597   000F61                     RXB0SIDH        equ	3937	;# 
  1598   000F62                     RXB0SIDL        equ	3938	;# 
  1599   000F63                     RXB0EIDH        equ	3939	;# 
  1600   000F64                     RXB0EIDL        equ	3940	;# 
  1601   000F65                     RXB0DLC         equ	3941	;# 
  1602   000F66                     RXB0D0          equ	3942	;# 
  1603   000F67                     RXB0D1          equ	3943	;# 
  1604   000F68                     RXB0D2          equ	3944	;# 
  1605   000F69                     RXB0D3          equ	3945	;# 
  1606   000F6A                     RXB0D4          equ	3946	;# 
  1607   000F6B                     RXB0D5          equ	3947	;# 
  1608   000F6C                     RXB0D6          equ	3948	;# 
  1609   000F6D                     RXB0D7          equ	3949	;# 
  1610   000F6E                     CANSTAT         equ	3950	;# 
  1611   000F6F                     CANCON          equ	3951	;# 
  1612   000F70                     BRGCON1         equ	3952	;# 
  1613   000F71                     BRGCON2         equ	3953	;# 
  1614   000F72                     BRGCON3         equ	3954	;# 
  1615   000F73                     CIOCON          equ	3955	;# 
  1616   000F74                     COMSTAT         equ	3956	;# 
  1617   000F75                     RXERRCNT        equ	3957	;# 
  1618   000F76                     TXERRCNT        equ	3958	;# 
  1619   000F77                     ECANCON         equ	3959	;# 
  1620   000F80                     PORTA           equ	3968	;# 
  1621   000F81                     PORTB           equ	3969	;# 
  1622   000F82                     PORTC           equ	3970	;# 
  1623   000F83                     PORTD           equ	3971	;# 
  1624   000F84                     PORTE           equ	3972	;# 
  1625   000F89                     LATA            equ	3977	;# 
  1626   000F8A                     LATB            equ	3978	;# 
  1627   000F8B                     LATC            equ	3979	;# 
  1628   000F8C                     LATD            equ	3980	;# 
  1629   000F8D                     LATE            equ	3981	;# 
  1630   000F92                     TRISA           equ	3986	;# 
  1631   000F92                     DDRA            equ	3986	;# 
  1632   000F93                     TRISB           equ	3987	;# 
  1633   000F93                     DDRB            equ	3987	;# 
  1634   000F94                     TRISC           equ	3988	;# 
  1635   000F94                     DDRC            equ	3988	;# 
  1636   000F95                     TRISD           equ	3989	;# 
  1637   000F95                     DDRD            equ	3989	;# 
  1638   000F96                     TRISE           equ	3990	;# 
  1639   000F96                     DDRE            equ	3990	;# 
  1640   000F9B                     OSCTUNE         equ	3995	;# 
  1641   000F9D                     PIE1            equ	3997	;# 
  1642   000F9E                     PIR1            equ	3998	;# 
  1643   000F9F                     IPR1            equ	3999	;# 
  1644   000FA0                     PIE2            equ	4000	;# 
  1645   000FA1                     PIR2            equ	4001	;# 
  1646   000FA2                     IPR2            equ	4002	;# 
  1647   000FA3                     PIE3            equ	4003	;# 
  1648   000FA4                     PIR3            equ	4004	;# 
  1649   000FA5                     IPR3            equ	4005	;# 
  1650   000FA6                     EECON1          equ	4006	;# 
  1651   000FA7                     EECON2          equ	4007	;# 
  1652   000FA8                     EEDATA          equ	4008	;# 
  1653   000FA9                     EEADR           equ	4009	;# 
  1654   000FAB                     RCSTA           equ	4011	;# 
  1655   000FAB                     RCSTA1          equ	4011	;# 
  1656   000FAC                     TXSTA           equ	4012	;# 
  1657   000FAC                     TXSTA1          equ	4012	;# 
  1658   000FAD                     TXREG           equ	4013	;# 
  1659   000FAD                     TXREG1          equ	4013	;# 
  1660   000FAE                     RCREG           equ	4014	;# 
  1661   000FAE                     RCREG1          equ	4014	;# 
  1662   000FAF                     SPBRG           equ	4015	;# 
  1663   000FAF                     SPBRG1          equ	4015	;# 
  1664   000FB0                     SPBRGH          equ	4016	;# 
  1665   000FB1                     T3CON           equ	4017	;# 
  1666   000FB2                     TMR3            equ	4018	;# 
  1667   000FB2                     TMR3L           equ	4018	;# 
  1668   000FB3                     TMR3H           equ	4019	;# 
  1669   000FB4                     CMCON           equ	4020	;# 
  1670   000FB5                     CVRCON          equ	4021	;# 
  1671   000FB6                     ECCP1AS         equ	4022	;# 
  1672   000FB7                     ECCP1DEL        equ	4023	;# 
  1673   000FB8                     BAUDCON         equ	4024	;# 
  1674   000FB8                     BAUDCTL         equ	4024	;# 
  1675   000FBA                     ECCP1CON        equ	4026	;# 
  1676   000FBB                     ECCPR1          equ	4027	;# 
  1677   000FBB                     ECCPR1L         equ	4027	;# 
  1678   000FBC                     ECCPR1H         equ	4028	;# 
  1679   000FBD                     CCP1CON         equ	4029	;# 
  1680   000FBE                     CCPR1           equ	4030	;# 
  1681   000FBE                     CCPR1L          equ	4030	;# 
  1682   000FBF                     CCPR1H          equ	4031	;# 
  1683   000FC0                     ADCON2          equ	4032	;# 
  1684   000FC1                     ADCON1          equ	4033	;# 
  1685   000FC2                     ADCON0          equ	4034	;# 
  1686   000FC3                     ADRES           equ	4035	;# 
  1687   000FC3                     ADRESL          equ	4035	;# 
  1688   000FC4                     ADRESH          equ	4036	;# 
  1689   000FC5                     SSPCON2         equ	4037	;# 
  1690   000FC6                     SSPCON1         equ	4038	;# 
  1691   000FC7                     SSPSTAT         equ	4039	;# 
  1692   000FC8                     SSPADD          equ	4040	;# 
  1693   000FC9                     SSPBUF          equ	4041	;# 
  1694   000FCA                     T2CON           equ	4042	;# 
  1695   000FCB                     PR2             equ	4043	;# 
  1696   000FCB                     MEMCON          equ	4043	;# 
  1697   000FCC                     TMR2            equ	4044	;# 
  1698   000FCD                     T1CON           equ	4045	;# 
  1699   000FCE                     TMR1            equ	4046	;# 
  1700   000FCE                     TMR1L           equ	4046	;# 
  1701   000FCF                     TMR1H           equ	4047	;# 
  1702   000FD0                     RCON            equ	4048	;# 
  1703   000FD1                     WDTCON          equ	4049	;# 
  1704   000FD2                     HLVDCON         equ	4050	;# 
  1705   000FD2                     LVDCON          equ	4050	;# 
  1706   000FD3                     OSCCON          equ	4051	;# 
  1707   000FD5                     T0CON           equ	4053	;# 
  1708   000FD6                     TMR0            equ	4054	;# 
  1709   000FD6                     TMR0L           equ	4054	;# 
  1710   000FD7                     TMR0H           equ	4055	;# 
  1711   000FD8                     STATUS          equ	4056	;# 
  1712   000FD9                     FSR2            equ	4057	;# 
  1713   000FD9                     FSR2L           equ	4057	;# 
  1714   000FDA                     FSR2H           equ	4058	;# 
  1715   000FDB                     PLUSW2          equ	4059	;# 
  1716   000FDC                     PREINC2         equ	4060	;# 
  1717   000FDD                     POSTDEC2        equ	4061	;# 
  1718   000FDE                     POSTINC2        equ	4062	;# 
  1719   000FDF                     INDF2           equ	4063	;# 
  1720   000FE0                     BSR             equ	4064	;# 
  1721   000FE1                     FSR1            equ	4065	;# 
  1722   000FE1                     FSR1L           equ	4065	;# 
  1723   000FE2                     FSR1H           equ	4066	;# 
  1724   000FE3                     PLUSW1          equ	4067	;# 
  1725   000FE4                     PREINC1         equ	4068	;# 
  1726   000FE5                     POSTDEC1        equ	4069	;# 
  1727   000FE6                     POSTINC1        equ	4070	;# 
  1728   000FE7                     INDF1           equ	4071	;# 
  1729   000FE8                     WREG            equ	4072	;# 
  1730   000FE9                     FSR0            equ	4073	;# 
  1731   000FE9                     FSR0L           equ	4073	;# 
  1732   000FEA                     FSR0H           equ	4074	;# 
  1733   000FEB                     PLUSW0          equ	4075	;# 
  1734   000FEC                     PREINC0         equ	4076	;# 
  1735   000FED                     POSTDEC0        equ	4077	;# 
  1736   000FEE                     POSTINC0        equ	4078	;# 
  1737   000FEF                     INDF0           equ	4079	;# 
  1738   000FF0                     INTCON3         equ	4080	;# 
  1739   000FF1                     INTCON2         equ	4081	;# 
  1740   000FF2                     INTCON          equ	4082	;# 
  1741   000FF3                     PROD            equ	4083	;# 
  1742   000FF3                     PRODL           equ	4083	;# 
  1743   000FF4                     PRODH           equ	4084	;# 
  1744   000FF5                     TABLAT          equ	4085	;# 
  1745   000FF6                     TBLPTR          equ	4086	;# 
  1746   000FF6                     TBLPTRL         equ	4086	;# 
  1747   000FF7                     TBLPTRH         equ	4087	;# 
  1748   000FF8                     TBLPTRU         equ	4088	;# 
  1749   000FF9                     PCLAT           equ	4089	;# 
  1750   000FF9                     PC              equ	4089	;# 
  1751   000FF9                     PCL             equ	4089	;# 
  1752   000FFA                     PCLATH          equ	4090	;# 
  1753   000FFB                     PCLATU          equ	4091	;# 
  1754   000FFC                     STKPTR          equ	4092	;# 
  1755   000FFD                     TOS             equ	4093	;# 
  1756   000FFD                     TOSL            equ	4093	;# 
  1757   000FFE                     TOSH            equ	4094	;# 
  1758   000FFF                     TOSU            equ	4095	;# 
  1759   000D60                     RXF6SIDH        equ	3424	;# 
  1760   000D61                     RXF6SIDL        equ	3425	;# 
  1761   000D62                     RXF6EIDH        equ	3426	;# 
  1762   000D63                     RXF6EIDL        equ	3427	;# 
  1763   000D64                     RXF7SIDH        equ	3428	;# 
  1764   000D65                     RXF7SIDL        equ	3429	;# 
  1765   000D66                     RXF7EIDH        equ	3430	;# 
  1766   000D67                     RXF7EIDL        equ	3431	;# 
  1767   000D68                     RXF8SIDH        equ	3432	;# 
  1768   000D69                     RXF8SIDL        equ	3433	;# 
  1769   000D6A                     RXF8EIDH        equ	3434	;# 
  1770   000D6B                     RXF8EIDL        equ	3435	;# 
  1771   000D70                     RXF9SIDH        equ	3440	;# 
  1772   000D71                     RXF9SIDL        equ	3441	;# 
  1773   000D72                     RXF9EIDH        equ	3442	;# 
  1774   000D73                     RXF9EIDL        equ	3443	;# 
  1775   000D74                     RXF10SIDH       equ	3444	;# 
  1776   000D75                     RXF10SIDL       equ	3445	;# 
  1777   000D76                     RXF10EIDH       equ	3446	;# 
  1778   000D77                     RXF10EIDL       equ	3447	;# 
  1779   000D78                     RXF11SIDH       equ	3448	;# 
  1780   000D79                     RXF11SIDL       equ	3449	;# 
  1781   000D7A                     RXF11EIDH       equ	3450	;# 
  1782   000D7B                     RXF11EIDL       equ	3451	;# 
  1783   000D80                     RXF12SIDH       equ	3456	;# 
  1784   000D81                     RXF12SIDL       equ	3457	;# 
  1785   000D82                     RXF12EIDH       equ	3458	;# 
  1786   000D83                     RXF12EIDL       equ	3459	;# 
  1787   000D84                     RXF13SIDH       equ	3460	;# 
  1788   000D85                     RXF13SIDL       equ	3461	;# 
  1789   000D86                     RXF13EIDH       equ	3462	;# 
  1790   000D87                     RXF13EIDL       equ	3463	;# 
  1791   000D88                     RXF14SIDH       equ	3464	;# 
  1792   000D89                     RXF14SIDL       equ	3465	;# 
  1793   000D8A                     RXF14EIDH       equ	3466	;# 
  1794   000D8B                     RXF14EIDL       equ	3467	;# 
  1795   000D90                     RXF15SIDH       equ	3472	;# 
  1796   000D91                     RXF15SIDL       equ	3473	;# 
  1797   000D92                     RXF15EIDH       equ	3474	;# 
  1798   000D93                     RXF15EIDL       equ	3475	;# 
  1799   000DD4                     RXFCON0         equ	3540	;# 
  1800   000DD5                     RXFCON1         equ	3541	;# 
  1801   000DD8                     SDFLC           equ	3544	;# 
  1802   000DE0                     RXFBCON0        equ	3552	;# 
  1803   000DE1                     RXFBCON1        equ	3553	;# 
  1804   000DE2                     RXFBCON2        equ	3554	;# 
  1805   000DE3                     RXFBCON3        equ	3555	;# 
  1806   000DE4                     RXFBCON4        equ	3556	;# 
  1807   000DE5                     RXFBCON5        equ	3557	;# 
  1808   000DE6                     RXFBCON6        equ	3558	;# 
  1809   000DE7                     RXFBCON7        equ	3559	;# 
  1810   000DF0                     MSEL0           equ	3568	;# 
  1811   000DF1                     MSEL1           equ	3569	;# 
  1812   000DF2                     MSEL2           equ	3570	;# 
  1813   000DF3                     MSEL3           equ	3571	;# 
  1814   000DF8                     BSEL0           equ	3576	;# 
  1815   000DFA                     BIE0            equ	3578	;# 
  1816   000DFC                     TXBIE           equ	3580	;# 
  1817   000E20                     B0CON           equ	3616	;# 
  1818   000E21                     B0SIDH          equ	3617	;# 
  1819   000E22                     B0SIDL          equ	3618	;# 
  1820   000E23                     B0EIDH          equ	3619	;# 
  1821   000E24                     B0EIDL          equ	3620	;# 
  1822   000E25                     B0DLC           equ	3621	;# 
  1823   000E26                     B0D0            equ	3622	;# 
  1824   000E27                     B0D1            equ	3623	;# 
  1825   000E28                     B0D2            equ	3624	;# 
  1826   000E29                     B0D3            equ	3625	;# 
  1827   000E2A                     B0D4            equ	3626	;# 
  1828   000E2B                     B0D5            equ	3627	;# 
  1829   000E2C                     B0D6            equ	3628	;# 
  1830   000E2D                     B0D7            equ	3629	;# 
  1831   000E2E                     CANSTAT_RO9     equ	3630	;# 
  1832   000E2F                     CANCON_RO9      equ	3631	;# 
  1833   000E30                     B1CON           equ	3632	;# 
  1834   000E31                     B1SIDH          equ	3633	;# 
  1835   000E32                     B1SIDL          equ	3634	;# 
  1836   000E33                     B1EIDH          equ	3635	;# 
  1837   000E34                     B1EIDL          equ	3636	;# 
  1838   000E35                     B1DLC           equ	3637	;# 
  1839   000E36                     B1D0            equ	3638	;# 
  1840   000E37                     B1D1            equ	3639	;# 
  1841   000E38                     B1D2            equ	3640	;# 
  1842   000E39                     B1D3            equ	3641	;# 
  1843   000E3A                     B1D4            equ	3642	;# 
  1844   000E3B                     B1D5            equ	3643	;# 
  1845   000E3C                     B1D6            equ	3644	;# 
  1846   000E3D                     B1D7            equ	3645	;# 
  1847   000E3E                     CANSTAT_RO8     equ	3646	;# 
  1848   000E3F                     CANCON_RO8      equ	3647	;# 
  1849   000E40                     B2CON           equ	3648	;# 
  1850   000E41                     B2SIDH          equ	3649	;# 
  1851   000E42                     B2SIDL          equ	3650	;# 
  1852   000E43                     B2EIDH          equ	3651	;# 
  1853   000E44                     B2EIDL          equ	3652	;# 
  1854   000E45                     B2DLC           equ	3653	;# 
  1855   000E46                     B2D0            equ	3654	;# 
  1856   000E47                     B2D1            equ	3655	;# 
  1857   000E48                     B2D2            equ	3656	;# 
  1858   000E49                     B2D3            equ	3657	;# 
  1859   000E4A                     B2D4            equ	3658	;# 
  1860   000E4B                     B2D5            equ	3659	;# 
  1861   000E4C                     B2D6            equ	3660	;# 
  1862   000E4D                     B2D7            equ	3661	;# 
  1863   000E4E                     CANSTAT_RO7     equ	3662	;# 
  1864   000E4F                     CANCON_RO7      equ	3663	;# 
  1865   000E50                     B3CON           equ	3664	;# 
  1866   000E51                     B3SIDH          equ	3665	;# 
  1867   000E52                     B3SIDL          equ	3666	;# 
  1868   000E53                     B3EIDH          equ	3667	;# 
  1869   000E54                     B3EIDL          equ	3668	;# 
  1870   000E55                     B3DLC           equ	3669	;# 
  1871   000E56                     B3D0            equ	3670	;# 
  1872   000E57                     B3D1            equ	3671	;# 
  1873   000E58                     B3D2            equ	3672	;# 
  1874   000E59                     B3D3            equ	3673	;# 
  1875   000E5A                     B3D4            equ	3674	;# 
  1876   000E5B                     B3D5            equ	3675	;# 
  1877   000E5C                     B3D6            equ	3676	;# 
  1878   000E5D                     B3D7            equ	3677	;# 
  1879   000E5E                     CANSTAT_RO6     equ	3678	;# 
  1880   000E5F                     CANCON_RO6      equ	3679	;# 
  1881   000E60                     B4CON           equ	3680	;# 
  1882   000E61                     B4SIDH          equ	3681	;# 
  1883   000E62                     B4SIDL          equ	3682	;# 
  1884   000E63                     B4EIDH          equ	3683	;# 
  1885   000E64                     B4EIDL          equ	3684	;# 
  1886   000E65                     B4DLC           equ	3685	;# 
  1887   000E66                     B4D0            equ	3686	;# 
  1888   000E67                     B4D1            equ	3687	;# 
  1889   000E68                     B4D2            equ	3688	;# 
  1890   000E69                     B4D3            equ	3689	;# 
  1891   000E6A                     B4D4            equ	3690	;# 
  1892   000E6B                     B4D5            equ	3691	;# 
  1893   000E6C                     B4D6            equ	3692	;# 
  1894   000E6D                     B4D7            equ	3693	;# 
  1895   000E6E                     CANSTAT_RO5     equ	3694	;# 
  1896   000E6F                     CANCON_RO5      equ	3695	;# 
  1897   000E70                     B5CON           equ	3696	;# 
  1898   000E71                     B5SIDH          equ	3697	;# 
  1899   000E72                     B5SIDL          equ	3698	;# 
  1900   000E73                     B5EIDH          equ	3699	;# 
  1901   000E74                     B5EIDL          equ	3700	;# 
  1902   000E75                     B5DLC           equ	3701	;# 
  1903   000E76                     B5D0            equ	3702	;# 
  1904   000E77                     B5D1            equ	3703	;# 
  1905   000E78                     B5D2            equ	3704	;# 
  1906   000E79                     B5D3            equ	3705	;# 
  1907   000E7A                     B5D4            equ	3706	;# 
  1908   000E7B                     B5D5            equ	3707	;# 
  1909   000E7C                     B5D6            equ	3708	;# 
  1910   000E7D                     B5D7            equ	3709	;# 
  1911   000E7E                     CANSTAT_RO4     equ	3710	;# 
  1912   000E7F                     CANCON_RO4      equ	3711	;# 
  1913   000F00                     RXF0SIDH        equ	3840	;# 
  1914   000F01                     RXF0SIDL        equ	3841	;# 
  1915   000F02                     RXF0EIDH        equ	3842	;# 
  1916   000F03                     RXF0EIDL        equ	3843	;# 
  1917   000F04                     RXF1SIDH        equ	3844	;# 
  1918   000F05                     RXF1SIDL        equ	3845	;# 
  1919   000F06                     RXF1EIDH        equ	3846	;# 
  1920   000F07                     RXF1EIDL        equ	3847	;# 
  1921   000F08                     RXF2SIDH        equ	3848	;# 
  1922   000F09                     RXF2SIDL        equ	3849	;# 
  1923   000F0A                     RXF2EIDH        equ	3850	;# 
  1924   000F0B                     RXF2EIDL        equ	3851	;# 
  1925   000F0C                     RXF3SIDH        equ	3852	;# 
  1926   000F0D                     RXF3SIDL        equ	3853	;# 
  1927   000F0E                     RXF3EIDH        equ	3854	;# 
  1928   000F0F                     RXF3EIDL        equ	3855	;# 
  1929   000F10                     RXF4SIDH        equ	3856	;# 
  1930   000F11                     RXF4SIDL        equ	3857	;# 
  1931   000F12                     RXF4EIDH        equ	3858	;# 
  1932   000F13                     RXF4EIDL        equ	3859	;# 
  1933   000F14                     RXF5SIDH        equ	3860	;# 
  1934   000F15                     RXF5SIDL        equ	3861	;# 
  1935   000F16                     RXF5EIDH        equ	3862	;# 
  1936   000F17                     RXF5EIDL        equ	3863	;# 
  1937   000F18                     RXM0SIDH        equ	3864	;# 
  1938   000F19                     RXM0SIDL        equ	3865	;# 
  1939   000F1A                     RXM0EIDH        equ	3866	;# 
  1940   000F1B                     RXM0EIDL        equ	3867	;# 
  1941   000F1C                     RXM1SIDH        equ	3868	;# 
  1942   000F1D                     RXM1SIDL        equ	3869	;# 
  1943   000F1E                     RXM1EIDH        equ	3870	;# 
  1944   000F1F                     RXM1EIDL        equ	3871	;# 
  1945   000F20                     TXB2CON         equ	3872	;# 
  1946   000F21                     TXB2SIDH        equ	3873	;# 
  1947   000F22                     TXB2SIDL        equ	3874	;# 
  1948   000F23                     TXB2EIDH        equ	3875	;# 
  1949   000F24                     TXB2EIDL        equ	3876	;# 
  1950   000F25                     TXB2DLC         equ	3877	;# 
  1951   000F26                     TXB2D0          equ	3878	;# 
  1952   000F27                     TXB2D1          equ	3879	;# 
  1953   000F28                     TXB2D2          equ	3880	;# 
  1954   000F29                     TXB2D3          equ	3881	;# 
  1955   000F2A                     TXB2D4          equ	3882	;# 
  1956   000F2B                     TXB2D5          equ	3883	;# 
  1957   000F2C                     TXB2D6          equ	3884	;# 
  1958   000F2D                     TXB2D7          equ	3885	;# 
  1959   000F2E                     CANSTAT_RO3     equ	3886	;# 
  1960   000F2F                     CANCON_RO3      equ	3887	;# 
  1961   000F30                     TXB1CON         equ	3888	;# 
  1962   000F31                     TXB1SIDH        equ	3889	;# 
  1963   000F32                     TXB1SIDL        equ	3890	;# 
  1964   000F33                     TXB1EIDH        equ	3891	;# 
  1965   000F34                     TXB1EIDL        equ	3892	;# 
  1966   000F35                     TXB1DLC         equ	3893	;# 
  1967   000F36                     TXB1D0          equ	3894	;# 
  1968   000F37                     TXB1D1          equ	3895	;# 
  1969   000F38                     TXB1D2          equ	3896	;# 
  1970   000F39                     TXB1D3          equ	3897	;# 
  1971   000F3A                     TXB1D4          equ	3898	;# 
  1972   000F3B                     TXB1D5          equ	3899	;# 
  1973   000F3C                     TXB1D6          equ	3900	;# 
  1974   000F3D                     TXB1D7          equ	3901	;# 
  1975   000F3E                     CANSTAT_RO2     equ	3902	;# 
  1976   000F3F                     CANCON_RO2      equ	3903	;# 
  1977   000F40                     TXB0CON         equ	3904	;# 
  1978   000F41                     TXB0SIDH        equ	3905	;# 
  1979   000F42                     TXB0SIDL        equ	3906	;# 
  1980   000F43                     TXB0EIDH        equ	3907	;# 
  1981   000F44                     TXB0EIDL        equ	3908	;# 
  1982   000F45                     TXB0DLC         equ	3909	;# 
  1983   000F46                     TXB0D0          equ	3910	;# 
  1984   000F47                     TXB0D1          equ	3911	;# 
  1985   000F48                     TXB0D2          equ	3912	;# 
  1986   000F49                     TXB0D3          equ	3913	;# 
  1987   000F4A                     TXB0D4          equ	3914	;# 
  1988   000F4B                     TXB0D5          equ	3915	;# 
  1989   000F4C                     TXB0D6          equ	3916	;# 
  1990   000F4D                     TXB0D7          equ	3917	;# 
  1991   000F4E                     CANSTAT_RO1     equ	3918	;# 
  1992   000F4F                     CANCON_RO1      equ	3919	;# 
  1993   000F50                     RXB1CON         equ	3920	;# 
  1994   000F51                     RXB1SIDH        equ	3921	;# 
  1995   000F52                     RXB1SIDL        equ	3922	;# 
  1996   000F53                     RXB1EIDH        equ	3923	;# 
  1997   000F54                     RXB1EIDL        equ	3924	;# 
  1998   000F55                     RXB1DLC         equ	3925	;# 
  1999   000F56                     RXB1D0          equ	3926	;# 
  2000   000F57                     RXB1D1          equ	3927	;# 
  2001   000F58                     RXB1D2          equ	3928	;# 
  2002   000F59                     RXB1D3          equ	3929	;# 
  2003   000F5A                     RXB1D4          equ	3930	;# 
  2004   000F5B                     RXB1D5          equ	3931	;# 
  2005   000F5C                     RXB1D6          equ	3932	;# 
  2006   000F5D                     RXB1D7          equ	3933	;# 
  2007   000F5E                     CANSTAT_RO0     equ	3934	;# 
  2008   000F5F                     CANCON_RO0      equ	3935	;# 
  2009   000F60                     RXB0CON         equ	3936	;# 
  2010   000F61                     RXB0SIDH        equ	3937	;# 
  2011   000F62                     RXB0SIDL        equ	3938	;# 
  2012   000F63                     RXB0EIDH        equ	3939	;# 
  2013   000F64                     RXB0EIDL        equ	3940	;# 
  2014   000F65                     RXB0DLC         equ	3941	;# 
  2015   000F66                     RXB0D0          equ	3942	;# 
  2016   000F67                     RXB0D1          equ	3943	;# 
  2017   000F68                     RXB0D2          equ	3944	;# 
  2018   000F69                     RXB0D3          equ	3945	;# 
  2019   000F6A                     RXB0D4          equ	3946	;# 
  2020   000F6B                     RXB0D5          equ	3947	;# 
  2021   000F6C                     RXB0D6          equ	3948	;# 
  2022   000F6D                     RXB0D7          equ	3949	;# 
  2023   000F6E                     CANSTAT         equ	3950	;# 
  2024   000F6F                     CANCON          equ	3951	;# 
  2025   000F70                     BRGCON1         equ	3952	;# 
  2026   000F71                     BRGCON2         equ	3953	;# 
  2027   000F72                     BRGCON3         equ	3954	;# 
  2028   000F73                     CIOCON          equ	3955	;# 
  2029   000F74                     COMSTAT         equ	3956	;# 
  2030   000F75                     RXERRCNT        equ	3957	;# 
  2031   000F76                     TXERRCNT        equ	3958	;# 
  2032   000F77                     ECANCON         equ	3959	;# 
  2033   000F80                     PORTA           equ	3968	;# 
  2034   000F81                     PORTB           equ	3969	;# 
  2035   000F82                     PORTC           equ	3970	;# 
  2036   000F83                     PORTD           equ	3971	;# 
  2037   000F84                     PORTE           equ	3972	;# 
  2038   000F89                     LATA            equ	3977	;# 
  2039   000F8A                     LATB            equ	3978	;# 
  2040   000F8B                     LATC            equ	3979	;# 
  2041   000F8C                     LATD            equ	3980	;# 
  2042   000F8D                     LATE            equ	3981	;# 
  2043   000F92                     TRISA           equ	3986	;# 
  2044   000F92                     DDRA            equ	3986	;# 
  2045   000F93                     TRISB           equ	3987	;# 
  2046   000F93                     DDRB            equ	3987	;# 
  2047   000F94                     TRISC           equ	3988	;# 
  2048   000F94                     DDRC            equ	3988	;# 
  2049   000F95                     TRISD           equ	3989	;# 
  2050   000F95                     DDRD            equ	3989	;# 
  2051   000F96                     TRISE           equ	3990	;# 
  2052   000F96                     DDRE            equ	3990	;# 
  2053   000F9B                     OSCTUNE         equ	3995	;# 
  2054   000F9D                     PIE1            equ	3997	;# 
  2055   000F9E                     PIR1            equ	3998	;# 
  2056   000F9F                     IPR1            equ	3999	;# 
  2057   000FA0                     PIE2            equ	4000	;# 
  2058   000FA1                     PIR2            equ	4001	;# 
  2059   000FA2                     IPR2            equ	4002	;# 
  2060   000FA3                     PIE3            equ	4003	;# 
  2061   000FA4                     PIR3            equ	4004	;# 
  2062   000FA5                     IPR3            equ	4005	;# 
  2063   000FA6                     EECON1          equ	4006	;# 
  2064   000FA7                     EECON2          equ	4007	;# 
  2065   000FA8                     EEDATA          equ	4008	;# 
  2066   000FA9                     EEADR           equ	4009	;# 
  2067   000FAB                     RCSTA           equ	4011	;# 
  2068   000FAB                     RCSTA1          equ	4011	;# 
  2069   000FAC                     TXSTA           equ	4012	;# 
  2070   000FAC                     TXSTA1          equ	4012	;# 
  2071   000FAD                     TXREG           equ	4013	;# 
  2072   000FAD                     TXREG1          equ	4013	;# 
  2073   000FAE                     RCREG           equ	4014	;# 
  2074   000FAE                     RCREG1          equ	4014	;# 
  2075   000FAF                     SPBRG           equ	4015	;# 
  2076   000FAF                     SPBRG1          equ	4015	;# 
  2077   000FB0                     SPBRGH          equ	4016	;# 
  2078   000FB1                     T3CON           equ	4017	;# 
  2079   000FB2                     TMR3            equ	4018	;# 
  2080   000FB2                     TMR3L           equ	4018	;# 
  2081   000FB3                     TMR3H           equ	4019	;# 
  2082   000FB4                     CMCON           equ	4020	;# 
  2083   000FB5                     CVRCON          equ	4021	;# 
  2084   000FB6                     ECCP1AS         equ	4022	;# 
  2085   000FB7                     ECCP1DEL        equ	4023	;# 
  2086   000FB8                     BAUDCON         equ	4024	;# 
  2087   000FB8                     BAUDCTL         equ	4024	;# 
  2088   000FBA                     ECCP1CON        equ	4026	;# 
  2089   000FBB                     ECCPR1          equ	4027	;# 
  2090   000FBB                     ECCPR1L         equ	4027	;# 
  2091   000FBC                     ECCPR1H         equ	4028	;# 
  2092   000FBD                     CCP1CON         equ	4029	;# 
  2093   000FBE                     CCPR1           equ	4030	;# 
  2094   000FBE                     CCPR1L          equ	4030	;# 
  2095   000FBF                     CCPR1H          equ	4031	;# 
  2096   000FC0                     ADCON2          equ	4032	;# 
  2097   000FC1                     ADCON1          equ	4033	;# 
  2098   000FC2                     ADCON0          equ	4034	;# 
  2099   000FC3                     ADRES           equ	4035	;# 
  2100   000FC3                     ADRESL          equ	4035	;# 
  2101   000FC4                     ADRESH          equ	4036	;# 
  2102   000FC5                     SSPCON2         equ	4037	;# 
  2103   000FC6                     SSPCON1         equ	4038	;# 
  2104   000FC7                     SSPSTAT         equ	4039	;# 
  2105   000FC8                     SSPADD          equ	4040	;# 
  2106   000FC9                     SSPBUF          equ	4041	;# 
  2107   000FCA                     T2CON           equ	4042	;# 
  2108   000FCB                     PR2             equ	4043	;# 
  2109   000FCB                     MEMCON          equ	4043	;# 
  2110   000FCC                     TMR2            equ	4044	;# 
  2111   000FCD                     T1CON           equ	4045	;# 
  2112   000FCE                     TMR1            equ	4046	;# 
  2113   000FCE                     TMR1L           equ	4046	;# 
  2114   000FCF                     TMR1H           equ	4047	;# 
  2115   000FD0                     RCON            equ	4048	;# 
  2116   000FD1                     WDTCON          equ	4049	;# 
  2117   000FD2                     HLVDCON         equ	4050	;# 
  2118   000FD2                     LVDCON          equ	4050	;# 
  2119   000FD3                     OSCCON          equ	4051	;# 
  2120   000FD5                     T0CON           equ	4053	;# 
  2121   000FD6                     TMR0            equ	4054	;# 
  2122   000FD6                     TMR0L           equ	4054	;# 
  2123   000FD7                     TMR0H           equ	4055	;# 
  2124   000FD8                     STATUS          equ	4056	;# 
  2125   000FD9                     FSR2            equ	4057	;# 
  2126   000FD9                     FSR2L           equ	4057	;# 
  2127   000FDA                     FSR2H           equ	4058	;# 
  2128   000FDB                     PLUSW2          equ	4059	;# 
  2129   000FDC                     PREINC2         equ	4060	;# 
  2130   000FDD                     POSTDEC2        equ	4061	;# 
  2131   000FDE                     POSTINC2        equ	4062	;# 
  2132   000FDF                     INDF2           equ	4063	;# 
  2133   000FE0                     BSR             equ	4064	;# 
  2134   000FE1                     FSR1            equ	4065	;# 
  2135   000FE1                     FSR1L           equ	4065	;# 
  2136   000FE2                     FSR1H           equ	4066	;# 
  2137   000FE3                     PLUSW1          equ	4067	;# 
  2138   000FE4                     PREINC1         equ	4068	;# 
  2139   000FE5                     POSTDEC1        equ	4069	;# 
  2140   000FE6                     POSTINC1        equ	4070	;# 
  2141   000FE7                     INDF1           equ	4071	;# 
  2142   000FE8                     WREG            equ	4072	;# 
  2143   000FE9                     FSR0            equ	4073	;# 
  2144   000FE9                     FSR0L           equ	4073	;# 
  2145   000FEA                     FSR0H           equ	4074	;# 
  2146   000FEB                     PLUSW0          equ	4075	;# 
  2147   000FEC                     PREINC0         equ	4076	;# 
  2148   000FED                     POSTDEC0        equ	4077	;# 
  2149   000FEE                     POSTINC0        equ	4078	;# 
  2150   000FEF                     INDF0           equ	4079	;# 
  2151   000FF0                     INTCON3         equ	4080	;# 
  2152   000FF1                     INTCON2         equ	4081	;# 
  2153   000FF2                     INTCON          equ	4082	;# 
  2154   000FF3                     PROD            equ	4083	;# 
  2155   000FF3                     PRODL           equ	4083	;# 
  2156   000FF4                     PRODH           equ	4084	;# 
  2157   000FF5                     TABLAT          equ	4085	;# 
  2158   000FF6                     TBLPTR          equ	4086	;# 
  2159   000FF6                     TBLPTRL         equ	4086	;# 
  2160   000FF7                     TBLPTRH         equ	4087	;# 
  2161   000FF8                     TBLPTRU         equ	4088	;# 
  2162   000FF9                     PCLAT           equ	4089	;# 
  2163   000FF9                     PC              equ	4089	;# 
  2164   000FF9                     PCL             equ	4089	;# 
  2165   000FFA                     PCLATH          equ	4090	;# 
  2166   000FFB                     PCLATU          equ	4091	;# 
  2167   000FFC                     STKPTR          equ	4092	;# 
  2168   000FFD                     TOS             equ	4093	;# 
  2169   000FFD                     TOSL            equ	4093	;# 
  2170   000FFE                     TOSH            equ	4094	;# 
  2171   000FFF                     TOSU            equ	4095	;# 
  2172   000D60                     RXF6SIDH        equ	3424	;# 
  2173   000D61                     RXF6SIDL        equ	3425	;# 
  2174   000D62                     RXF6EIDH        equ	3426	;# 
  2175   000D63                     RXF6EIDL        equ	3427	;# 
  2176   000D64                     RXF7SIDH        equ	3428	;# 
  2177   000D65                     RXF7SIDL        equ	3429	;# 
  2178   000D66                     RXF7EIDH        equ	3430	;# 
  2179   000D67                     RXF7EIDL        equ	3431	;# 
  2180   000D68                     RXF8SIDH        equ	3432	;# 
  2181   000D69                     RXF8SIDL        equ	3433	;# 
  2182   000D6A                     RXF8EIDH        equ	3434	;# 
  2183   000D6B                     RXF8EIDL        equ	3435	;# 
  2184   000D70                     RXF9SIDH        equ	3440	;# 
  2185   000D71                     RXF9SIDL        equ	3441	;# 
  2186   000D72                     RXF9EIDH        equ	3442	;# 
  2187   000D73                     RXF9EIDL        equ	3443	;# 
  2188   000D74                     RXF10SIDH       equ	3444	;# 
  2189   000D75                     RXF10SIDL       equ	3445	;# 
  2190   000D76                     RXF10EIDH       equ	3446	;# 
  2191   000D77                     RXF10EIDL       equ	3447	;# 
  2192   000D78                     RXF11SIDH       equ	3448	;# 
  2193   000D79                     RXF11SIDL       equ	3449	;# 
  2194   000D7A                     RXF11EIDH       equ	3450	;# 
  2195   000D7B                     RXF11EIDL       equ	3451	;# 
  2196   000D80                     RXF12SIDH       equ	3456	;# 
  2197   000D81                     RXF12SIDL       equ	3457	;# 
  2198   000D82                     RXF12EIDH       equ	3458	;# 
  2199   000D83                     RXF12EIDL       equ	3459	;# 
  2200   000D84                     RXF13SIDH       equ	3460	;# 
  2201   000D85                     RXF13SIDL       equ	3461	;# 
  2202   000D86                     RXF13EIDH       equ	3462	;# 
  2203   000D87                     RXF13EIDL       equ	3463	;# 
  2204   000D88                     RXF14SIDH       equ	3464	;# 
  2205   000D89                     RXF14SIDL       equ	3465	;# 
  2206   000D8A                     RXF14EIDH       equ	3466	;# 
  2207   000D8B                     RXF14EIDL       equ	3467	;# 
  2208   000D90                     RXF15SIDH       equ	3472	;# 
  2209   000D91                     RXF15SIDL       equ	3473	;# 
  2210   000D92                     RXF15EIDH       equ	3474	;# 
  2211   000D93                     RXF15EIDL       equ	3475	;# 
  2212   000DD4                     RXFCON0         equ	3540	;# 
  2213   000DD5                     RXFCON1         equ	3541	;# 
  2214   000DD8                     SDFLC           equ	3544	;# 
  2215   000DE0                     RXFBCON0        equ	3552	;# 
  2216   000DE1                     RXFBCON1        equ	3553	;# 
  2217   000DE2                     RXFBCON2        equ	3554	;# 
  2218   000DE3                     RXFBCON3        equ	3555	;# 
  2219   000DE4                     RXFBCON4        equ	3556	;# 
  2220   000DE5                     RXFBCON5        equ	3557	;# 
  2221   000DE6                     RXFBCON6        equ	3558	;# 
  2222   000DE7                     RXFBCON7        equ	3559	;# 
  2223   000DF0                     MSEL0           equ	3568	;# 
  2224   000DF1                     MSEL1           equ	3569	;# 
  2225   000DF2                     MSEL2           equ	3570	;# 
  2226   000DF3                     MSEL3           equ	3571	;# 
  2227   000DF8                     BSEL0           equ	3576	;# 
  2228   000DFA                     BIE0            equ	3578	;# 
  2229   000DFC                     TXBIE           equ	3580	;# 
  2230   000E20                     B0CON           equ	3616	;# 
  2231   000E21                     B0SIDH          equ	3617	;# 
  2232   000E22                     B0SIDL          equ	3618	;# 
  2233   000E23                     B0EIDH          equ	3619	;# 
  2234   000E24                     B0EIDL          equ	3620	;# 
  2235   000E25                     B0DLC           equ	3621	;# 
  2236   000E26                     B0D0            equ	3622	;# 
  2237   000E27                     B0D1            equ	3623	;# 
  2238   000E28                     B0D2            equ	3624	;# 
  2239   000E29                     B0D3            equ	3625	;# 
  2240   000E2A                     B0D4            equ	3626	;# 
  2241   000E2B                     B0D5            equ	3627	;# 
  2242   000E2C                     B0D6            equ	3628	;# 
  2243   000E2D                     B0D7            equ	3629	;# 
  2244   000E2E                     CANSTAT_RO9     equ	3630	;# 
  2245   000E2F                     CANCON_RO9      equ	3631	;# 
  2246   000E30                     B1CON           equ	3632	;# 
  2247   000E31                     B1SIDH          equ	3633	;# 
  2248   000E32                     B1SIDL          equ	3634	;# 
  2249   000E33                     B1EIDH          equ	3635	;# 
  2250   000E34                     B1EIDL          equ	3636	;# 
  2251   000E35                     B1DLC           equ	3637	;# 
  2252   000E36                     B1D0            equ	3638	;# 
  2253   000E37                     B1D1            equ	3639	;# 
  2254   000E38                     B1D2            equ	3640	;# 
  2255   000E39                     B1D3            equ	3641	;# 
  2256   000E3A                     B1D4            equ	3642	;# 
  2257   000E3B                     B1D5            equ	3643	;# 
  2258   000E3C                     B1D6            equ	3644	;# 
  2259   000E3D                     B1D7            equ	3645	;# 
  2260   000E3E                     CANSTAT_RO8     equ	3646	;# 
  2261   000E3F                     CANCON_RO8      equ	3647	;# 
  2262   000E40                     B2CON           equ	3648	;# 
  2263   000E41                     B2SIDH          equ	3649	;# 
  2264   000E42                     B2SIDL          equ	3650	;# 
  2265   000E43                     B2EIDH          equ	3651	;# 
  2266   000E44                     B2EIDL          equ	3652	;# 
  2267   000E45                     B2DLC           equ	3653	;# 
  2268   000E46                     B2D0            equ	3654	;# 
  2269   000E47                     B2D1            equ	3655	;# 
  2270   000E48                     B2D2            equ	3656	;# 
  2271   000E49                     B2D3            equ	3657	;# 
  2272   000E4A                     B2D4            equ	3658	;# 
  2273   000E4B                     B2D5            equ	3659	;# 
  2274   000E4C                     B2D6            equ	3660	;# 
  2275   000E4D                     B2D7            equ	3661	;# 
  2276   000E4E                     CANSTAT_RO7     equ	3662	;# 
  2277   000E4F                     CANCON_RO7      equ	3663	;# 
  2278   000E50                     B3CON           equ	3664	;# 
  2279   000E51                     B3SIDH          equ	3665	;# 
  2280   000E52                     B3SIDL          equ	3666	;# 
  2281   000E53                     B3EIDH          equ	3667	;# 
  2282   000E54                     B3EIDL          equ	3668	;# 
  2283   000E55                     B3DLC           equ	3669	;# 
  2284   000E56                     B3D0            equ	3670	;# 
  2285   000E57                     B3D1            equ	3671	;# 
  2286   000E58                     B3D2            equ	3672	;# 
  2287   000E59                     B3D3            equ	3673	;# 
  2288   000E5A                     B3D4            equ	3674	;# 
  2289   000E5B                     B3D5            equ	3675	;# 
  2290   000E5C                     B3D6            equ	3676	;# 
  2291   000E5D                     B3D7            equ	3677	;# 
  2292   000E5E                     CANSTAT_RO6     equ	3678	;# 
  2293   000E5F                     CANCON_RO6      equ	3679	;# 
  2294   000E60                     B4CON           equ	3680	;# 
  2295   000E61                     B4SIDH          equ	3681	;# 
  2296   000E62                     B4SIDL          equ	3682	;# 
  2297   000E63                     B4EIDH          equ	3683	;# 
  2298   000E64                     B4EIDL          equ	3684	;# 
  2299   000E65                     B4DLC           equ	3685	;# 
  2300   000E66                     B4D0            equ	3686	;# 
  2301   000E67                     B4D1            equ	3687	;# 
  2302   000E68                     B4D2            equ	3688	;# 
  2303   000E69                     B4D3            equ	3689	;# 
  2304   000E6A                     B4D4            equ	3690	;# 
  2305   000E6B                     B4D5            equ	3691	;# 
  2306   000E6C                     B4D6            equ	3692	;# 
  2307   000E6D                     B4D7            equ	3693	;# 
  2308   000E6E                     CANSTAT_RO5     equ	3694	;# 
  2309   000E6F                     CANCON_RO5      equ	3695	;# 
  2310   000E70                     B5CON           equ	3696	;# 
  2311   000E71                     B5SIDH          equ	3697	;# 
  2312   000E72                     B5SIDL          equ	3698	;# 
  2313   000E73                     B5EIDH          equ	3699	;# 
  2314   000E74                     B5EIDL          equ	3700	;# 
  2315   000E75                     B5DLC           equ	3701	;# 
  2316   000E76                     B5D0            equ	3702	;# 
  2317   000E77                     B5D1            equ	3703	;# 
  2318   000E78                     B5D2            equ	3704	;# 
  2319   000E79                     B5D3            equ	3705	;# 
  2320   000E7A                     B5D4            equ	3706	;# 
  2321   000E7B                     B5D5            equ	3707	;# 
  2322   000E7C                     B5D6            equ	3708	;# 
  2323   000E7D                     B5D7            equ	3709	;# 
  2324   000E7E                     CANSTAT_RO4     equ	3710	;# 
  2325   000E7F                     CANCON_RO4      equ	3711	;# 
  2326   000F00                     RXF0SIDH        equ	3840	;# 
  2327   000F01                     RXF0SIDL        equ	3841	;# 
  2328   000F02                     RXF0EIDH        equ	3842	;# 
  2329   000F03                     RXF0EIDL        equ	3843	;# 
  2330   000F04                     RXF1SIDH        equ	3844	;# 
  2331   000F05                     RXF1SIDL        equ	3845	;# 
  2332   000F06                     RXF1EIDH        equ	3846	;# 
  2333   000F07                     RXF1EIDL        equ	3847	;# 
  2334   000F08                     RXF2SIDH        equ	3848	;# 
  2335   000F09                     RXF2SIDL        equ	3849	;# 
  2336   000F0A                     RXF2EIDH        equ	3850	;# 
  2337   000F0B                     RXF2EIDL        equ	3851	;# 
  2338   000F0C                     RXF3SIDH        equ	3852	;# 
  2339   000F0D                     RXF3SIDL        equ	3853	;# 
  2340   000F0E                     RXF3EIDH        equ	3854	;# 
  2341   000F0F                     RXF3EIDL        equ	3855	;# 
  2342   000F10                     RXF4SIDH        equ	3856	;# 
  2343   000F11                     RXF4SIDL        equ	3857	;# 
  2344   000F12                     RXF4EIDH        equ	3858	;# 
  2345   000F13                     RXF4EIDL        equ	3859	;# 
  2346   000F14                     RXF5SIDH        equ	3860	;# 
  2347   000F15                     RXF5SIDL        equ	3861	;# 
  2348   000F16                     RXF5EIDH        equ	3862	;# 
  2349   000F17                     RXF5EIDL        equ	3863	;# 
  2350   000F18                     RXM0SIDH        equ	3864	;# 
  2351   000F19                     RXM0SIDL        equ	3865	;# 
  2352   000F1A                     RXM0EIDH        equ	3866	;# 
  2353   000F1B                     RXM0EIDL        equ	3867	;# 
  2354   000F1C                     RXM1SIDH        equ	3868	;# 
  2355   000F1D                     RXM1SIDL        equ	3869	;# 
  2356   000F1E                     RXM1EIDH        equ	3870	;# 
  2357   000F1F                     RXM1EIDL        equ	3871	;# 
  2358   000F20                     TXB2CON         equ	3872	;# 
  2359   000F21                     TXB2SIDH        equ	3873	;# 
  2360   000F22                     TXB2SIDL        equ	3874	;# 
  2361   000F23                     TXB2EIDH        equ	3875	;# 
  2362   000F24                     TXB2EIDL        equ	3876	;# 
  2363   000F25                     TXB2DLC         equ	3877	;# 
  2364   000F26                     TXB2D0          equ	3878	;# 
  2365   000F27                     TXB2D1          equ	3879	;# 
  2366   000F28                     TXB2D2          equ	3880	;# 
  2367   000F29                     TXB2D3          equ	3881	;# 
  2368   000F2A                     TXB2D4          equ	3882	;# 
  2369   000F2B                     TXB2D5          equ	3883	;# 
  2370   000F2C                     TXB2D6          equ	3884	;# 
  2371   000F2D                     TXB2D7          equ	3885	;# 
  2372   000F2E                     CANSTAT_RO3     equ	3886	;# 
  2373   000F2F                     CANCON_RO3      equ	3887	;# 
  2374   000F30                     TXB1CON         equ	3888	;# 
  2375   000F31                     TXB1SIDH        equ	3889	;# 
  2376   000F32                     TXB1SIDL        equ	3890	;# 
  2377   000F33                     TXB1EIDH        equ	3891	;# 
  2378   000F34                     TXB1EIDL        equ	3892	;# 
  2379   000F35                     TXB1DLC         equ	3893	;# 
  2380   000F36                     TXB1D0          equ	3894	;# 
  2381   000F37                     TXB1D1          equ	3895	;# 
  2382   000F38                     TXB1D2          equ	3896	;# 
  2383   000F39                     TXB1D3          equ	3897	;# 
  2384   000F3A                     TXB1D4          equ	3898	;# 
  2385   000F3B                     TXB1D5          equ	3899	;# 
  2386   000F3C                     TXB1D6          equ	3900	;# 
  2387   000F3D                     TXB1D7          equ	3901	;# 
  2388   000F3E                     CANSTAT_RO2     equ	3902	;# 
  2389   000F3F                     CANCON_RO2      equ	3903	;# 
  2390   000F40                     TXB0CON         equ	3904	;# 
  2391   000F41                     TXB0SIDH        equ	3905	;# 
  2392   000F42                     TXB0SIDL        equ	3906	;# 
  2393   000F43                     TXB0EIDH        equ	3907	;# 
  2394   000F44                     TXB0EIDL        equ	3908	;# 
  2395   000F45                     TXB0DLC         equ	3909	;# 
  2396   000F46                     TXB0D0          equ	3910	;# 
  2397   000F47                     TXB0D1          equ	3911	;# 
  2398   000F48                     TXB0D2          equ	3912	;# 
  2399   000F49                     TXB0D3          equ	3913	;# 
  2400   000F4A                     TXB0D4          equ	3914	;# 
  2401   000F4B                     TXB0D5          equ	3915	;# 
  2402   000F4C                     TXB0D6          equ	3916	;# 
  2403   000F4D                     TXB0D7          equ	3917	;# 
  2404   000F4E                     CANSTAT_RO1     equ	3918	;# 
  2405   000F4F                     CANCON_RO1      equ	3919	;# 
  2406   000F50                     RXB1CON         equ	3920	;# 
  2407   000F51                     RXB1SIDH        equ	3921	;# 
  2408   000F52                     RXB1SIDL        equ	3922	;# 
  2409   000F53                     RXB1EIDH        equ	3923	;# 
  2410   000F54                     RXB1EIDL        equ	3924	;# 
  2411   000F55                     RXB1DLC         equ	3925	;# 
  2412   000F56                     RXB1D0          equ	3926	;# 
  2413   000F57                     RXB1D1          equ	3927	;# 
  2414   000F58                     RXB1D2          equ	3928	;# 
  2415   000F59                     RXB1D3          equ	3929	;# 
  2416   000F5A                     RXB1D4          equ	3930	;# 
  2417   000F5B                     RXB1D5          equ	3931	;# 
  2418   000F5C                     RXB1D6          equ	3932	;# 
  2419   000F5D                     RXB1D7          equ	3933	;# 
  2420   000F5E                     CANSTAT_RO0     equ	3934	;# 
  2421   000F5F                     CANCON_RO0      equ	3935	;# 
  2422   000F60                     RXB0CON         equ	3936	;# 
  2423   000F61                     RXB0SIDH        equ	3937	;# 
  2424   000F62                     RXB0SIDL        equ	3938	;# 
  2425   000F63                     RXB0EIDH        equ	3939	;# 
  2426   000F64                     RXB0EIDL        equ	3940	;# 
  2427   000F65                     RXB0DLC         equ	3941	;# 
  2428   000F66                     RXB0D0          equ	3942	;# 
  2429   000F67                     RXB0D1          equ	3943	;# 
  2430   000F68                     RXB0D2          equ	3944	;# 
  2431   000F69                     RXB0D3          equ	3945	;# 
  2432   000F6A                     RXB0D4          equ	3946	;# 
  2433   000F6B                     RXB0D5          equ	3947	;# 
  2434   000F6C                     RXB0D6          equ	3948	;# 
  2435   000F6D                     RXB0D7          equ	3949	;# 
  2436   000F6E                     CANSTAT         equ	3950	;# 
  2437   000F6F                     CANCON          equ	3951	;# 
  2438   000F70                     BRGCON1         equ	3952	;# 
  2439   000F71                     BRGCON2         equ	3953	;# 
  2440   000F72                     BRGCON3         equ	3954	;# 
  2441   000F73                     CIOCON          equ	3955	;# 
  2442   000F74                     COMSTAT         equ	3956	;# 
  2443   000F75                     RXERRCNT        equ	3957	;# 
  2444   000F76                     TXERRCNT        equ	3958	;# 
  2445   000F77                     ECANCON         equ	3959	;# 
  2446   000F80                     PORTA           equ	3968	;# 
  2447   000F81                     PORTB           equ	3969	;# 
  2448   000F82                     PORTC           equ	3970	;# 
  2449   000F83                     PORTD           equ	3971	;# 
  2450   000F84                     PORTE           equ	3972	;# 
  2451   000F89                     LATA            equ	3977	;# 
  2452   000F8A                     LATB            equ	3978	;# 
  2453   000F8B                     LATC            equ	3979	;# 
  2454   000F8C                     LATD            equ	3980	;# 
  2455   000F8D                     LATE            equ	3981	;# 
  2456   000F92                     TRISA           equ	3986	;# 
  2457   000F92                     DDRA            equ	3986	;# 
  2458   000F93                     TRISB           equ	3987	;# 
  2459   000F93                     DDRB            equ	3987	;# 
  2460   000F94                     TRISC           equ	3988	;# 
  2461   000F94                     DDRC            equ	3988	;# 
  2462   000F95                     TRISD           equ	3989	;# 
  2463   000F95                     DDRD            equ	3989	;# 
  2464   000F96                     TRISE           equ	3990	;# 
  2465   000F96                     DDRE            equ	3990	;# 
  2466   000F9B                     OSCTUNE         equ	3995	;# 
  2467   000F9D                     PIE1            equ	3997	;# 
  2468   000F9E                     PIR1            equ	3998	;# 
  2469   000F9F                     IPR1            equ	3999	;# 
  2470   000FA0                     PIE2            equ	4000	;# 
  2471   000FA1                     PIR2            equ	4001	;# 
  2472   000FA2                     IPR2            equ	4002	;# 
  2473   000FA3                     PIE3            equ	4003	;# 
  2474   000FA4                     PIR3            equ	4004	;# 
  2475   000FA5                     IPR3            equ	4005	;# 
  2476   000FA6                     EECON1          equ	4006	;# 
  2477   000FA7                     EECON2          equ	4007	;# 
  2478   000FA8                     EEDATA          equ	4008	;# 
  2479   000FA9                     EEADR           equ	4009	;# 
  2480   000FAB                     RCSTA           equ	4011	;# 
  2481   000FAB                     RCSTA1          equ	4011	;# 
  2482   000FAC                     TXSTA           equ	4012	;# 
  2483   000FAC                     TXSTA1          equ	4012	;# 
  2484   000FAD                     TXREG           equ	4013	;# 
  2485   000FAD                     TXREG1          equ	4013	;# 
  2486   000FAE                     RCREG           equ	4014	;# 
  2487   000FAE                     RCREG1          equ	4014	;# 
  2488   000FAF                     SPBRG           equ	4015	;# 
  2489   000FAF                     SPBRG1          equ	4015	;# 
  2490   000FB0                     SPBRGH          equ	4016	;# 
  2491   000FB1                     T3CON           equ	4017	;# 
  2492   000FB2                     TMR3            equ	4018	;# 
  2493   000FB2                     TMR3L           equ	4018	;# 
  2494   000FB3                     TMR3H           equ	4019	;# 
  2495   000FB4                     CMCON           equ	4020	;# 
  2496   000FB5                     CVRCON          equ	4021	;# 
  2497   000FB6                     ECCP1AS         equ	4022	;# 
  2498   000FB7                     ECCP1DEL        equ	4023	;# 
  2499   000FB8                     BAUDCON         equ	4024	;# 
  2500   000FB8                     BAUDCTL         equ	4024	;# 
  2501   000FBA                     ECCP1CON        equ	4026	;# 
  2502   000FBB                     ECCPR1          equ	4027	;# 
  2503   000FBB                     ECCPR1L         equ	4027	;# 
  2504   000FBC                     ECCPR1H         equ	4028	;# 
  2505   000FBD                     CCP1CON         equ	4029	;# 
  2506   000FBE                     CCPR1           equ	4030	;# 
  2507   000FBE                     CCPR1L          equ	4030	;# 
  2508   000FBF                     CCPR1H          equ	4031	;# 
  2509   000FC0                     ADCON2          equ	4032	;# 
  2510   000FC1                     ADCON1          equ	4033	;# 
  2511   000FC2                     ADCON0          equ	4034	;# 
  2512   000FC3                     ADRES           equ	4035	;# 
  2513   000FC3                     ADRESL          equ	4035	;# 
  2514   000FC4                     ADRESH          equ	4036	;# 
  2515   000FC5                     SSPCON2         equ	4037	;# 
  2516   000FC6                     SSPCON1         equ	4038	;# 
  2517   000FC7                     SSPSTAT         equ	4039	;# 
  2518   000FC8                     SSPADD          equ	4040	;# 
  2519   000FC9                     SSPBUF          equ	4041	;# 
  2520   000FCA                     T2CON           equ	4042	;# 
  2521   000FCB                     PR2             equ	4043	;# 
  2522   000FCB                     MEMCON          equ	4043	;# 
  2523   000FCC                     TMR2            equ	4044	;# 
  2524   000FCD                     T1CON           equ	4045	;# 
  2525   000FCE                     TMR1            equ	4046	;# 
  2526   000FCE                     TMR1L           equ	4046	;# 
  2527   000FCF                     TMR1H           equ	4047	;# 
  2528   000FD0                     RCON            equ	4048	;# 
  2529   000FD1                     WDTCON          equ	4049	;# 
  2530   000FD2                     HLVDCON         equ	4050	;# 
  2531   000FD2                     LVDCON          equ	4050	;# 
  2532   000FD3                     OSCCON          equ	4051	;# 
  2533   000FD5                     T0CON           equ	4053	;# 
  2534   000FD6                     TMR0            equ	4054	;# 
  2535   000FD6                     TMR0L           equ	4054	;# 
  2536   000FD7                     TMR0H           equ	4055	;# 
  2537   000FD8                     STATUS          equ	4056	;# 
  2538   000FD9                     FSR2            equ	4057	;# 
  2539   000FD9                     FSR2L           equ	4057	;# 
  2540   000FDA                     FSR2H           equ	4058	;# 
  2541   000FDB                     PLUSW2          equ	4059	;# 
  2542   000FDC                     PREINC2         equ	4060	;# 
  2543   000FDD                     POSTDEC2        equ	4061	;# 
  2544   000FDE                     POSTINC2        equ	4062	;# 
  2545   000FDF                     INDF2           equ	4063	;# 
  2546   000FE0                     BSR             equ	4064	;# 
  2547   000FE1                     FSR1            equ	4065	;# 
  2548   000FE1                     FSR1L           equ	4065	;# 
  2549   000FE2                     FSR1H           equ	4066	;# 
  2550   000FE3                     PLUSW1          equ	4067	;# 
  2551   000FE4                     PREINC1         equ	4068	;# 
  2552   000FE5                     POSTDEC1        equ	4069	;# 
  2553   000FE6                     POSTINC1        equ	4070	;# 
  2554   000FE7                     INDF1           equ	4071	;# 
  2555   000FE8                     WREG            equ	4072	;# 
  2556   000FE9                     FSR0            equ	4073	;# 
  2557   000FE9                     FSR0L           equ	4073	;# 
  2558   000FEA                     FSR0H           equ	4074	;# 
  2559   000FEB                     PLUSW0          equ	4075	;# 
  2560   000FEC                     PREINC0         equ	4076	;# 
  2561   000FED                     POSTDEC0        equ	4077	;# 
  2562   000FEE                     POSTINC0        equ	4078	;# 
  2563   000FEF                     INDF0           equ	4079	;# 
  2564   000FF0                     INTCON3         equ	4080	;# 
  2565   000FF1                     INTCON2         equ	4081	;# 
  2566   000FF2                     INTCON          equ	4082	;# 
  2567   000FF3                     PROD            equ	4083	;# 
  2568   000FF3                     PRODL           equ	4083	;# 
  2569   000FF4                     PRODH           equ	4084	;# 
  2570   000FF5                     TABLAT          equ	4085	;# 
  2571   000FF6                     TBLPTR          equ	4086	;# 
  2572   000FF6                     TBLPTRL         equ	4086	;# 
  2573   000FF7                     TBLPTRH         equ	4087	;# 
  2574   000FF8                     TBLPTRU         equ	4088	;# 
  2575   000FF9                     PCLAT           equ	4089	;# 
  2576   000FF9                     PC              equ	4089	;# 
  2577   000FF9                     PCL             equ	4089	;# 
  2578   000FFA                     PCLATH          equ	4090	;# 
  2579   000FFB                     PCLATU          equ	4091	;# 
  2580   000FFC                     STKPTR          equ	4092	;# 
  2581   000FFD                     TOS             equ	4093	;# 
  2582   000FFD                     TOSL            equ	4093	;# 
  2583   000FFE                     TOSH            equ	4094	;# 
  2584   000FFF                     TOSU            equ	4095	;# 
  2585                           
  2586                           	psect	idataCOMRAM
  2587   003000                     __pidataCOMRAM:
  2588                           	callstack 0
  2589                           
  2590                           ;initializer for read_digital_keypad@once
  2591   003000  01                 	db	1
  2592   000DD4                     _RXFCON0        set	3540
  2593   000F45                     _TXB0DLC        set	3909
  2594   000F44                     _TXB0EIDL       set	3908
  2595   000F43                     _TXB0EIDH       set	3907
  2596   000F41                     _TXB0SIDH       set	3905
  2597   000F42                     _TXB0SIDL       set	3906
  2598   000F46                     _TXB0D0         set	3910
  2599   007A03                     _TXB0REQ        set	31235
  2600   000FAE                     _RCREG          set	4014
  2601   000FAD                     _TXREG          set	4013
  2602   000FAF                     _SPBRG          set	4015
  2603   000F82                     _PORTC          set	3970
  2604   000F94                     _TRISC          set	3988
  2605   000F65                     _RXB0DLC        set	3941
  2606   000F61                     _RXB0SIDH       set	3937
  2607   000F62                     _RXB0SIDL       set	3938
  2608   000F60                     _RXB0CON        set	3936
  2609   000F72                     _BRGCON3        set	3954
  2610   000F71                     _BRGCON2        set	3953
  2611   000F70                     _BRGCON1        set	3952
  2612   000F77                     _ECANCON        set	3959
  2613   000F6E                     _CANSTAT        set	3950
  2614   000F6F                     _CANCON         set	3951
  2615   000FC2                     _ADCON0         set	4034
  2616   000FC3                     _ADRESL         set	4035
  2617   000FC4                     _ADRESH         set	4036
  2618   000F66                     _RXB0D0         set	3942
  2619   007CF5                     _RCIF           set	31989
  2620   007CF4                     _TXIF           set	31988
  2621   007DC3                     _BRG16          set	32195
  2622   007D5C                     _CREN           set	32092
  2623   007D5E                     _RX9            set	32094
  2624   007D5F                     _SPEN           set	32095
  2625   007D62                     _BRGH           set	32098
  2626   007D63                     _SENDB          set	32099
  2627   007D64                     _SYNC           set	32100
  2628   007D65                     _TXEN           set	32101
  2629   007D66                     _TX9            set	32102
  2630   007CA6                     _TRISC6         set	31910
  2631   007CA7                     _TRISC7         set	31911
  2632   007D20                     _RXB0IF         set	32032
  2633   007B07                     _RXB0FUL        set	31495
  2634   007C9B                     _TRISB3         set	31899
  2635   007C9A                     _TRISB2         set	31898
  2636   007E11                     _GO             set	32273
  2637   007E10                     _ADON           set	32272
  2638   007E0C                     _VCFG0          set	32268
  2639   007E0D                     _VCFG1          set	32269
  2640   007E11                     _GODONE         set	32273
  2641   007E02                     _ADCS2          set	32258
  2642   007E01                     _ADCS1          set	32257
  2643   007E00                     _ADCS0          set	32256
  2644   007E03                     _ACQT0          set	32259
  2645   007E04                     _ACQT1          set	32260
  2646   007E05                     _ACQT2          set	32261
  2647   007E07                     _ADFM           set	32263
  2648                           
  2649                           	psect	mediumconst
  2650   002FE2                     __pmediumconst:
  2651                           	callstack 0
  2652   002FE2  00                 	db	0
  2653   002FE3                     
  2654                           ; BSR set to: 15
  2655   002FE3  3C                 	db	60	;'<'
  2656   002FE4  2D                 	db	45
  2657   002FE5  20                 	db	32
  2658   002FE6  20                 	db	32
  2659   002FE7  20                 	db	32
  2660   002FE8  00                 	db	0
  2661   002FE9                     
  2662                           ; BSR set to: 15
  2663   002FE9  2D                 	db	45
  2664   002FEA  3E                 	db	62	;'>'
  2665   002FEB  20                 	db	32
  2666   002FEC  20                 	db	32
  2667   002FED  20                 	db	32
  2668   002FEE  00                 	db	0
  2669   002FEF                     
  2670                           ; BSR set to: 15
  2671   002FEF  4F                 	db	79	;'O'
  2672   002FF0  46                 	db	70	;'F'
  2673   002FF1  46                 	db	70	;'F'
  2674   002FF2  20                 	db	32
  2675   002FF3  20                 	db	32
  2676   002FF4  00                 	db	0
  2677   002FF5                     
  2678                           ; BSR set to: 15
  2679   002FF5  3C                 	db	60	;'<'
  2680   002FF6  2D                 	db	45
  2681   002FF7  20                 	db	32
  2682   002FF8  2D                 	db	45
  2683   002FF9  3E                 	db	62	;'>'
  2684   002FFA  00                 	db	0
  2685   002FFB  00                 	db	0	; dummy byte at the end
  2686   002FE2                     __smallconst    set	__pmediumconst
  2687   002FE2                     __mediumconst   set	__pmediumconst
  2688   000002                     __activetblptr  equ	2
  2689                           
  2690                           ; #config settings
  2691                           
  2692                           	psect	cinit
  2693   002A74                     __pcinit:
  2694                           	callstack 0
  2695   002A74                     start_initialization:
  2696                           	callstack 0
  2697   002A74                     __initialization:
  2698                           	callstack 0
  2699                           
  2700                           ; Initialize objects allocated to COMRAM (1 bytes)
  2701                           ; load TBLPTR registers with __pidataCOMRAM
  2702   002A74  0E00               	movlw	low __pidataCOMRAM
  2703   002A76  6EF6               	movwf	tblptrl,c
  2704   002A78  0E30               	movlw	high __pidataCOMRAM
  2705   002A7A  6EF7               	movwf	tblptrh,c
  2706   002A7C  0E00               	movlw	low (__pidataCOMRAM shr (0+16))
  2707   002A7E  6EF8               	movwf	tblptru,c
  2708   002A80  0009               	tblrd		*+	;fetch initializer
  2709   002A82  CFF5 F031          	movff	tablat,__pdataCOMRAM
  2710                           
  2711                           ; Clear objects allocated to COMRAM (12 bytes)
  2712   002A86  EE00  F025         	lfsr	0,__pbssCOMRAM
  2713   002A8A  0E0C               	movlw	12
  2714   002A8C                     clear_0:
  2715   002A8C  6AEE               	clrf	postinc0,c
  2716   002A8E  06E8               	decf	wreg,f,c
  2717   002A90  E1FD               	bnz	clear_0
  2718   002A92                     end_of_initialization:
  2719                           	callstack 0
  2720   002A92                     __end_of__initialization:
  2721                           	callstack 0
  2722   002A92  0E00               	movlw	low (__Lmediumconst shr (0+16))
  2723   002A94  6EF8               	movwf	tblptru,c
  2724   002A96  0100               	movlb	0
  2725   002A98  EF60  F017         	goto	_main	;jump to C main() function
  2726                           
  2727                           	psect	bssCOMRAM
  2728   000025                     __pbssCOMRAM:
  2729                           	callstack 0
  2730   000025                     _indicator_buffer:
  2731                           	callstack 0
  2732   000025                     	ds	6
  2733   00002B                     process_indicator@indicator:
  2734                           	callstack 0
  2735   00002B                     	ds	1
  2736   00002C                     _rpm_buffer:
  2737                           	callstack 0
  2738   00002C                     	ds	5
  2739                           
  2740                           	psect	dataCOMRAM
  2741   000031                     __pdataCOMRAM:
  2742                           	callstack 0
  2743   000031                     read_digital_keypad@once:
  2744                           	callstack 0
  2745   000031                     	ds	1
  2746                           
  2747                           	psect	cstackCOMRAM
  2748   000001                     __pcstackCOMRAM:
  2749                           	callstack 0
  2750   000001                     ?___lwdiv:
  2751                           	callstack 0
  2752   000001                     ?___lwmod:
  2753                           	callstack 0
  2754   000001                     ?_read_adc:
  2755                           	callstack 0
  2756   000001                     ?___lmul:
  2757                           	callstack 0
  2758   000001                     read_digital_keypad@detection_type:
  2759                           	callstack 0
  2760   000001                     set_msg_id_std@id:
  2761                           	callstack 0
  2762   000001                     ___lwdiv@dividend:
  2763                           	callstack 0
  2764   000001                     ___lwmod@dividend:
  2765                           	callstack 0
  2766   000001                     ___lmul@multiplier:
  2767                           	callstack 0
  2768   000001                     
  2769                           ; 1 bytes @ 0x0
  2770   000001                     	ds	1
  2771   000002                     process_indicator@key:
  2772                           	callstack 0
  2773   000002                     
  2774                           ; 1 bytes @ 0x1
  2775   000002                     	ds	1
  2776   000003                     ___lwdiv@divisor:
  2777                           	callstack 0
  2778   000003                     ___lwmod@divisor:
  2779                           	callstack 0
  2780   000003                     ??_read_adc:
  2781   000003                     ??_set_msg_id_std:
  2782                           
  2783                           ; 1 bytes @ 0x2
  2784   000003                     	ds	2
  2785   000005                     ___lwmod@counter:
  2786                           	callstack 0
  2787   000005                     read_adc@reg_val:
  2788                           	callstack 0
  2789   000005                     can_transmit@msg_id:
  2790                           	callstack 0
  2791   000005                     ___lwdiv@quotient:
  2792                           	callstack 0
  2793   000005                     ___lmul@multiplicand:
  2794                           	callstack 0
  2795   000005                     
  2796                           ; 1 bytes @ 0x4
  2797   000005                     	ds	2
  2798   000007                     read_adc@channel:
  2799                           	callstack 0
  2800   000007                     can_transmit@data:
  2801                           	callstack 0
  2802   000007                     ___lwdiv@counter:
  2803                           	callstack 0
  2804                           
  2805                           ; 1 bytes @ 0x6
  2806   000007                     	ds	1
  2807   000008                     can_transmit@len:
  2808                           	callstack 0
  2809   000008                     write_rpm_buffer@rpm:
  2810                           	callstack 0
  2811                           
  2812                           ; 2 bytes @ 0x7
  2813   000008                     	ds	1
  2814   000009                     ___lmul@product:
  2815                           	callstack 0
  2816   000009                     ??_can_transmit:
  2817   000009                     
  2818                           ; 1 bytes @ 0x8
  2819   000009                     	ds	1
  2820   00000A                     write_rpm_buffer@rpm_buffer:
  2821                           	callstack 0
  2822                           
  2823                           ; 1 bytes @ 0x9
  2824   00000A                     	ds	1
  2825   00000B                     write_rpm_buffer@i:
  2826                           	callstack 0
  2827   00000B                     
  2828                           ; 1 bytes @ 0xA
  2829   00000B                     	ds	1
  2830   00000C                     can_transmit@ptr:
  2831                           	callstack 0
  2832                           
  2833                           ; 2 bytes @ 0xB
  2834   00000C                     	ds	1
  2835   00000D                     ?___lldiv:
  2836                           	callstack 0
  2837   00000D                     ___lldiv@dividend:
  2838                           	callstack 0
  2839                           
  2840                           ; 4 bytes @ 0xC
  2841   00000D                     	ds	1
  2842   00000E                     can_transmit@i:
  2843                           	callstack 0
  2844                           
  2845                           ; 2 bytes @ 0xD
  2846   00000E                     	ds	3
  2847   000011                     ___lldiv@divisor:
  2848                           	callstack 0
  2849                           
  2850                           ; 4 bytes @ 0x10
  2851   000011                     	ds	4
  2852   000015                     ___lldiv@quotient:
  2853                           	callstack 0
  2854   000015                     
  2855                           ; 1 bytes @ 0x14
  2856   000015                     	ds	4
  2857   000019                     ___lldiv@counter:
  2858                           	callstack 0
  2859                           
  2860                           ; 1 bytes @ 0x18
  2861   000019                     	ds	1
  2862   00001A                     ?_get_rpm:
  2863                           	callstack 0
  2864                           
  2865                           ; 2 bytes @ 0x19
  2866   00001A                     	ds	2
  2867   00001C                     get_rpm@rpm:
  2868                           	callstack 0
  2869   00001C                     
  2870                           ; 1 bytes @ 0x1B
  2871   00001C                     	ds	4
  2872   000020                     ??_main:
  2873                           
  2874                           ; 1 bytes @ 0x1F
  2875   000020                     	ds	2
  2876   000022                     main@rpm:
  2877                           	callstack 0
  2878                           
  2879                           ; 2 bytes @ 0x21
  2880   000022                     	ds	2
  2881   000024                     main@indicator:
  2882                           	callstack 0
  2883                           
  2884                           ; 1 bytes @ 0x23
  2885   000024                     	ds	1
  2886                           
  2887 ;;
  2888 ;;Main: autosize = 0, tempsize = 2, incstack = 0, save=0
  2889 ;;
  2890 ;; *************** function _main *****************
  2891 ;; Defined at:
  2892 ;;		line 48 in file "ecu2_main.c"
  2893 ;; Parameters:    Size  Location     Type
  2894 ;;		None
  2895 ;; Auto vars:     Size  Location     Type
  2896 ;;  rpm             2   33[COMRAM] unsigned short 
  2897 ;;  indicator       1   35[COMRAM] unsigned char 
  2898 ;; Return value:  Size  Location     Type
  2899 ;;                  2   46[None  ] int 
  2900 ;; Registers used:
  2901 ;;		wreg, fsr1l, fsr1h, fsr2l, fsr2h, status,2, status,0, cstack
  2902 ;; Tracked objects:
  2903 ;;		On entry : 0/0
  2904 ;;		On exit  : 0/0
  2905 ;;		Unchanged: 0/0
  2906 ;; Data sizes:     COMRAM   BANK0   BANK1   BANK2   BANK3   BANK4   BANK5
  2907 ;;      Params:         0       0       0       0       0       0       0
  2908 ;;      Locals:         3       0       0       0       0       0       0
  2909 ;;      Temps:          2       0       0       0       0       0       0
  2910 ;;      Totals:         5       0       0       0       0       0       0
  2911 ;;Total ram usage:        5 bytes
  2912 ;; Hardware stack levels required when called: 2
  2913 ;; This function calls:
  2914 ;;		_can_transmit
  2915 ;;		_config
  2916 ;;		_get_rpm
  2917 ;;		_process_indicator
  2918 ;;		_write_rpm_buffer
  2919 ;; This function is called by:
  2920 ;;		Startup code after reset
  2921 ;; This function uses a non-reentrant model
  2922 ;;
  2923                           
  2924                           	psect	text0
  2925   002EC0                     __ptext0:
  2926                           	callstack 0
  2927   002EC0                     _main:
  2928                           	callstack 29
  2929   002EC0                     
  2930                           ;ecu2_main.c: 50:     config();
  2931   002EC0  EC25  F015         	call	_config	;wreg free
  2932   002EC4                     l47:
  2933                           
  2934                           ;ecu2_main.c: 52:         uint16_t rpm = get_rpm();
  2935   002EC4  ECEC  F016         	call	_get_rpm	;wreg free
  2936   002EC8  C01A  F022         	movff	?_get_rpm,main@rpm
  2937   002ECC  C01B  F023         	movff	?_get_rpm+1,main@rpm+1
  2938   002ED0                     
  2939                           ;ecu2_main.c: 53:         write_rpm_buffer(rpm, rpm_buffer);
  2940   002ED0  C022  F008         	movff	main@rpm,write_rpm_buffer@rpm
  2941   002ED4  C023  F009         	movff	main@rpm+1,write_rpm_buffer@rpm+1
  2942   002ED8  0E2C               	movlw	low _rpm_buffer
  2943   002EDA  6E0A               	movwf	write_rpm_buffer@rpm_buffer^0,c
  2944   002EDC  ECDD  F015         	call	_write_rpm_buffer	;wreg free
  2945   002EE0                     
  2946                           ;ecu2_main.c: 54:         can_transmit(0x30, rpm_buffer, 4);
  2947   002EE0  6A06               	clrf	(can_transmit@msg_id+1)^0,c
  2948   002EE2  0E30               	movlw	48
  2949   002EE4  6E05               	movwf	can_transmit@msg_id^0,c
  2950   002EE6  0E2C               	movlw	low _rpm_buffer
  2951   002EE8  6E07               	movwf	can_transmit@data^0,c
  2952   002EEA  0E04               	movlw	4
  2953   002EEC  6E08               	movwf	can_transmit@len^0,c
  2954   002EEE  EC45  F016         	call	_can_transmit	;wreg free
  2955   002EF2                     
  2956                           ;ecu2_main.c: 55:         _delay((unsigned long)((50)*(20000000/4000.0)));
  2957   002EF2  0E02               	movlw	2
  2958   002EF4  6E21               	movwf	(??_main+1)^0,c
  2959   002EF6  0E45               	movlw	69
  2960   002EF8  6E20               	movwf	??_main^0,c
  2961   002EFA  0EAA               	movlw	170
  2962   002EFC                     u477:
  2963   002EFC  2EE8               	decfsz	wreg,f,c
  2964   002EFE  D7FE               	bra	u477
  2965   002F00  2E20               	decfsz	??_main^0,f,c
  2966   002F02  D7FC               	bra	u477
  2967   002F04  2E21               	decfsz	(??_main+1)^0,f,c
  2968   002F06  D7FA               	bra	u477
  2969   002F08                     
  2970                           ;ecu2_main.c: 56:         uint8_t indicator = process_indicator();
  2971   002F08  EC7C  F016         	call	_process_indicator	;wreg free
  2972   002F0C  6E24               	movwf	main@indicator^0,c
  2973   002F0E                     
  2974                           ;ecu2_main.c: 58:         can_transmit(0x50, &indicator, 1);
  2975   002F0E  6A06               	clrf	(can_transmit@msg_id+1)^0,c
  2976   002F10  0E50               	movlw	80
  2977   002F12  6E05               	movwf	can_transmit@msg_id^0,c
  2978   002F14  0E24               	movlw	low main@indicator
  2979   002F16  6E07               	movwf	can_transmit@data^0,c
  2980   002F18  0E01               	movlw	1
  2981   002F1A  6E08               	movwf	can_transmit@len^0,c
  2982   002F1C  EC45  F016         	call	_can_transmit	;wreg free
  2983   002F20                     
  2984                           ;ecu2_main.c: 59:         _delay((unsigned long)((50)*(20000000/4000.0)));
  2985   002F20  0E02               	movlw	2
  2986   002F22  6E21               	movwf	(??_main+1)^0,c
  2987   002F24  0E45               	movlw	69
  2988   002F26  6E20               	movwf	??_main^0,c
  2989   002F28  0EAA               	movlw	170
  2990   002F2A                     u487:
  2991   002F2A  2EE8               	decfsz	wreg,f,c
  2992   002F2C  D7FE               	bra	u487
  2993   002F2E  2E20               	decfsz	??_main^0,f,c
  2994   002F30  D7FC               	bra	u487
  2995   002F32  2E21               	decfsz	(??_main+1)^0,f,c
  2996   002F34  D7FA               	bra	u487
  2997   002F36  EF62  F017         	goto	l47
  2998   002F3A  EFFE  F017         	goto	start
  2999   002F3E                     __end_of_main:
  3000                           	callstack 0
  3001                           
  3002 ;; *************** function _write_rpm_buffer *****************
  3003 ;; Defined at:
  3004 ;;		line 35 in file "ecu2_main.c"
  3005 ;; Parameters:    Size  Location     Type
  3006 ;;  rpm             2    7[COMRAM] unsigned short 
  3007 ;;  rpm_buffer      1    9[COMRAM] PTR unsigned char 
  3008 ;;		 -> rpm_buffer(5), 
  3009 ;; Auto vars:     Size  Location     Type
  3010 ;;  i               2   10[COMRAM] int 
  3011 ;; Return value:  Size  Location     Type
  3012 ;;                  1    wreg      void 
  3013 ;; Registers used:
  3014 ;;		wreg, fsr2l, fsr2h, status,2, status,0, cstack
  3015 ;; Tracked objects:
  3016 ;;		On entry : 0/0
  3017 ;;		On exit  : 0/0
  3018 ;;		Unchanged: 0/0
  3019 ;; Data sizes:     COMRAM   BANK0   BANK1   BANK2   BANK3   BANK4   BANK5
  3020 ;;      Params:         3       0       0       0       0       0       0
  3021 ;;      Locals:         2       0       0       0       0       0       0
  3022 ;;      Temps:          0       0       0       0       0       0       0
  3023 ;;      Totals:         5       0       0       0       0       0       0
  3024 ;;Total ram usage:        5 bytes
  3025 ;; Hardware stack levels used: 1
  3026 ;; Hardware stack levels required when called: 1
  3027 ;; This function calls:
  3028 ;;		___lwdiv
  3029 ;;		___lwmod
  3030 ;; This function is called by:
  3031 ;;		_main
  3032 ;; This function uses a non-reentrant model
  3033 ;;
  3034                           
  3035                           	psect	text1
  3036   002BBA                     __ptext1:
  3037                           	callstack 0
  3038   002BBA                     _write_rpm_buffer:
  3039                           	callstack 29
  3040   002BBA                     
  3041                           ;ecu2_main.c: 36:     int i = 3;
  3042   002BBA  6A0C               	clrf	(write_rpm_buffer@i+1)^0,c
  3043   002BBC  0E03               	movlw	3
  3044   002BBE  6E0B               	movwf	write_rpm_buffer@i^0,c
  3045                           
  3046                           ;ecu2_main.c: 37:     while (i >= 0) {
  3047   002BC0  EF02  F016         	goto	l1422
  3048   002BC4                     l1416:
  3049                           
  3050                           ;ecu2_main.c: 38:         rpm_buffer[i--] = (rpm % 10) + '0';
  3051   002BC4  500A               	movf	write_rpm_buffer@rpm_buffer^0,w,c
  3052   002BC6  240B               	addwf	write_rpm_buffer@i^0,w,c
  3053   002BC8  6ED9               	movwf	fsr2l,c
  3054   002BCA  6ADA               	clrf	fsr2h,c
  3055   002BCC  C008  F001         	movff	write_rpm_buffer@rpm,___lwmod@dividend
  3056   002BD0  C009  F002         	movff	write_rpm_buffer@rpm+1,___lwmod@dividend+1
  3057   002BD4  6A04               	clrf	(___lwmod@divisor+1)^0,c
  3058   002BD6  0E0A               	movlw	10
  3059   002BD8  6E03               	movwf	___lwmod@divisor^0,c
  3060   002BDA  ECAB  F015         	call	___lwmod	;wreg free
  3061   002BDE  5001               	movf	?___lwmod^0,w,c
  3062   002BE0  0F30               	addlw	48
  3063   002BE2  6EDF               	movwf	indf2,c
  3064   002BE4  060B               	decf	write_rpm_buffer@i^0,f,c
  3065   002BE6  A0D8               	btfss	status,0,c
  3066   002BE8  060C               	decf	(write_rpm_buffer@i+1)^0,f,c
  3067   002BEA                     
  3068                           ;ecu2_main.c: 39:         rpm /= 10;
  3069   002BEA  C008  F001         	movff	write_rpm_buffer@rpm,___lwdiv@dividend
  3070   002BEE  C009  F002         	movff	write_rpm_buffer@rpm+1,___lwdiv@dividend+1
  3071   002BF2  6A04               	clrf	(___lwdiv@divisor+1)^0,c
  3072   002BF4  0E0A               	movlw	10
  3073   002BF6  6E03               	movwf	___lwdiv@divisor^0,c
  3074   002BF8  ECB3  F016         	call	___lwdiv	;wreg free
  3075   002BFC  C001  F008         	movff	?___lwdiv,write_rpm_buffer@rpm
  3076   002C00  C002  F009         	movff	?___lwdiv+1,write_rpm_buffer@rpm+1
  3077   002C04                     l1422:
  3078                           
  3079                           ;ecu2_main.c: 37:     while (i >= 0) {
  3080   002C04  BE0C               	btfsc	(write_rpm_buffer@i+1)^0,7,c
  3081   002C06  EF09  F016         	goto	u450
  3082   002C0A  EF07  F016         	goto	u451
  3083   002C0E                     u451:
  3084   002C0E  EFE2  F015         	goto	l1416
  3085   002C12                     u450:
  3086   002C12                     
  3087                           ;ecu2_main.c: 41:     rpm_buffer[4] = '\0';
  3088   002C12  500A               	movf	write_rpm_buffer@rpm_buffer^0,w,c
  3089   002C14  6ED9               	movwf	fsr2l,c
  3090   002C16  6ADA               	clrf	fsr2h,c
  3091   002C18  0E04               	movlw	4
  3092   002C1A  26D9               	addwf	fsr2l,f,c
  3093   002C1C  6ADF               	clrf	indf2,c
  3094   002C1E  0012               	return		;funcret
  3095   002C20                     __end_of_write_rpm_buffer:
  3096                           	callstack 0
  3097                           
  3098 ;; *************** function ___lwmod *****************
  3099 ;; Defined at:
  3100 ;;		line 7 in file "C:\Program Files\Microchip\xc8\v3.10\pic\sources\c99\common\lwmod.c"
  3101 ;; Parameters:    Size  Location     Type
  3102 ;;  dividend        2    0[COMRAM] unsigned int 
  3103 ;;  divisor         2    2[COMRAM] unsigned int 
  3104 ;; Auto vars:     Size  Location     Type
  3105 ;;  counter         1    4[COMRAM] unsigned char 
  3106 ;; Return value:  Size  Location     Type
  3107 ;;                  2    0[COMRAM] unsigned int 
  3108 ;; Registers used:
  3109 ;;		wreg, status,2, status,0
  3110 ;; Tracked objects:
  3111 ;;		On entry : 0/0
  3112 ;;		On exit  : 0/0
  3113 ;;		Unchanged: 0/0
  3114 ;; Data sizes:     COMRAM   BANK0   BANK1   BANK2   BANK3   BANK4   BANK5
  3115 ;;      Params:         4       0       0       0       0       0       0
  3116 ;;      Locals:         1       0       0       0       0       0       0
  3117 ;;      Temps:          0       0       0       0       0       0       0
  3118 ;;      Totals:         5       0       0       0       0       0       0
  3119 ;;Total ram usage:        5 bytes
  3120 ;; Hardware stack levels used: 1
  3121 ;; This function calls:
  3122 ;;		Nothing
  3123 ;; This function is called by:
  3124 ;;		_write_rpm_buffer
  3125 ;; This function uses a non-reentrant model
  3126 ;;
  3127                           
  3128                           	psect	text2
  3129   002B56                     __ptext2:
  3130                           	callstack 0
  3131   002B56                     ___lwmod:
  3132                           	callstack 29
  3133   002B56  5003               	movf	___lwmod@divisor^0,w,c
  3134   002B58  1004               	iorwf	(___lwmod@divisor+1)^0,w,c
  3135   002B5A  B4D8               	btfsc	status,2,c
  3136   002B5C  EFB2  F015         	goto	u421
  3137   002B60  EFB4  F015         	goto	u420
  3138   002B64                     u421:
  3139   002B64  EFD8  F015         	goto	l868
  3140   002B68                     u420:
  3141   002B68  0E01               	movlw	1
  3142   002B6A  6E05               	movwf	___lwmod@counter^0,c
  3143   002B6C  EFBC  F015         	goto	l1404
  3144   002B70                     l1402:
  3145   002B70  90D8               	bcf	status,0,c
  3146   002B72  3603               	rlcf	___lwmod@divisor^0,f,c
  3147   002B74  3604               	rlcf	(___lwmod@divisor+1)^0,f,c
  3148   002B76  2A05               	incf	___lwmod@counter^0,f,c
  3149   002B78                     l1404:
  3150   002B78  AE04               	btfss	(___lwmod@divisor+1)^0,7,c
  3151   002B7A  EFC1  F015         	goto	u431
  3152   002B7E  EFC3  F015         	goto	u430
  3153   002B82                     u431:
  3154   002B82  EFB8  F015         	goto	l1402
  3155   002B86                     u430:
  3156   002B86                     l1406:
  3157   002B86  5003               	movf	___lwmod@divisor^0,w,c
  3158   002B88  5C01               	subwf	___lwmod@dividend^0,w,c
  3159   002B8A  5004               	movf	(___lwmod@divisor+1)^0,w,c
  3160   002B8C  5802               	subwfb	(___lwmod@dividend+1)^0,w,c
  3161   002B8E  A0D8               	btfss	status,0,c
  3162   002B90  EFCC  F015         	goto	u441
  3163   002B94  EFCE  F015         	goto	u440
  3164   002B98                     u441:
  3165   002B98  EFD2  F015         	goto	l1410
  3166   002B9C                     u440:
  3167   002B9C  5003               	movf	___lwmod@divisor^0,w,c
  3168   002B9E  5E01               	subwf	___lwmod@dividend^0,f,c
  3169   002BA0  5004               	movf	(___lwmod@divisor+1)^0,w,c
  3170   002BA2  5A02               	subwfb	(___lwmod@dividend+1)^0,f,c
  3171   002BA4                     l1410:
  3172   002BA4  90D8               	bcf	status,0,c
  3173   002BA6  3204               	rrcf	(___lwmod@divisor+1)^0,f,c
  3174   002BA8  3203               	rrcf	___lwmod@divisor^0,f,c
  3175   002BAA  2E05               	decfsz	___lwmod@counter^0,f,c
  3176   002BAC  EFC3  F015         	goto	l1406
  3177   002BB0                     l868:
  3178   002BB0  C001  F001         	movff	___lwmod@dividend,?___lwmod
  3179   002BB4  C002  F002         	movff	___lwmod@dividend+1,?___lwmod+1
  3180   002BB8  0012               	return		;funcret
  3181   002BBA                     __end_of___lwmod:
  3182                           	callstack 0
  3183                           
  3184 ;; *************** function ___lwdiv *****************
  3185 ;; Defined at:
  3186 ;;		line 7 in file "C:\Program Files\Microchip\xc8\v3.10\pic\sources\c99\common\lwdiv.c"
  3187 ;; Parameters:    Size  Location     Type
  3188 ;;  dividend        2    0[COMRAM] unsigned int 
  3189 ;;  divisor         2    2[COMRAM] unsigned int 
  3190 ;; Auto vars:     Size  Location     Type
  3191 ;;  quotient        2    4[COMRAM] unsigned int 
  3192 ;;  counter         1    6[COMRAM] unsigned char 
  3193 ;; Return value:  Size  Location     Type
  3194 ;;                  2    0[COMRAM] unsigned int 
  3195 ;; Registers used:
  3196 ;;		wreg, status,2, status,0
  3197 ;; Tracked objects:
  3198 ;;		On entry : 0/0
  3199 ;;		On exit  : 0/0
  3200 ;;		Unchanged: 0/0
  3201 ;; Data sizes:     COMRAM   BANK0   BANK1   BANK2   BANK3   BANK4   BANK5
  3202 ;;      Params:         4       0       0       0       0       0       0
  3203 ;;      Locals:         3       0       0       0       0       0       0
  3204 ;;      Temps:          0       0       0       0       0       0       0
  3205 ;;      Totals:         7       0       0       0       0       0       0
  3206 ;;Total ram usage:        7 bytes
  3207 ;; Hardware stack levels used: 1
  3208 ;; This function calls:
  3209 ;;		Nothing
  3210 ;; This function is called by:
  3211 ;;		_write_rpm_buffer
  3212 ;; This function uses a non-reentrant model
  3213 ;;
  3214                           
  3215                           	psect	text3
  3216   002D66                     __ptext3:
  3217                           	callstack 0
  3218   002D66                     ___lwdiv:
  3219                           	callstack 29
  3220   002D66  6A06               	clrf	(___lwdiv@quotient+1)^0,c
  3221   002D68  0E00               	movlw	0
  3222   002D6A  6E05               	movwf	___lwdiv@quotient^0,c
  3223   002D6C  5003               	movf	___lwdiv@divisor^0,w,c
  3224   002D6E  1004               	iorwf	(___lwdiv@divisor+1)^0,w,c
  3225   002D70  B4D8               	btfsc	status,2,c
  3226   002D72  EFBD  F016         	goto	u391
  3227   002D76  EFBF  F016         	goto	u390
  3228   002D7A                     u391:
  3229   002D7A  EFE7  F016         	goto	l858
  3230   002D7E                     u390:
  3231   002D7E  0E01               	movlw	1
  3232   002D80  6E07               	movwf	___lwdiv@counter^0,c
  3233   002D82  EFC7  F016         	goto	l1384
  3234   002D86                     l1382:
  3235   002D86  90D8               	bcf	status,0,c
  3236   002D88  3603               	rlcf	___lwdiv@divisor^0,f,c
  3237   002D8A  3604               	rlcf	(___lwdiv@divisor+1)^0,f,c
  3238   002D8C  2A07               	incf	___lwdiv@counter^0,f,c
  3239   002D8E                     l1384:
  3240   002D8E  AE04               	btfss	(___lwdiv@divisor+1)^0,7,c
  3241   002D90  EFCC  F016         	goto	u401
  3242   002D94  EFCE  F016         	goto	u400
  3243   002D98                     u401:
  3244   002D98  EFC3  F016         	goto	l1382
  3245   002D9C                     u400:
  3246   002D9C                     l1386:
  3247   002D9C  90D8               	bcf	status,0,c
  3248   002D9E  3605               	rlcf	___lwdiv@quotient^0,f,c
  3249   002DA0  3606               	rlcf	(___lwdiv@quotient+1)^0,f,c
  3250   002DA2  5003               	movf	___lwdiv@divisor^0,w,c
  3251   002DA4  5C01               	subwf	___lwdiv@dividend^0,w,c
  3252   002DA6  5004               	movf	(___lwdiv@divisor+1)^0,w,c
  3253   002DA8  5802               	subwfb	(___lwdiv@dividend+1)^0,w,c
  3254   002DAA  A0D8               	btfss	status,0,c
  3255   002DAC  EFDA  F016         	goto	u411
  3256   002DB0  EFDC  F016         	goto	u410
  3257   002DB4                     u411:
  3258   002DB4  EFE1  F016         	goto	l1394
  3259   002DB8                     u410:
  3260   002DB8  5003               	movf	___lwdiv@divisor^0,w,c
  3261   002DBA  5E01               	subwf	___lwdiv@dividend^0,f,c
  3262   002DBC  5004               	movf	(___lwdiv@divisor+1)^0,w,c
  3263   002DBE  5A02               	subwfb	(___lwdiv@dividend+1)^0,f,c
  3264   002DC0  8005               	bsf	___lwdiv@quotient^0,0,c
  3265   002DC2                     l1394:
  3266   002DC2  90D8               	bcf	status,0,c
  3267   002DC4  3204               	rrcf	(___lwdiv@divisor+1)^0,f,c
  3268   002DC6  3203               	rrcf	___lwdiv@divisor^0,f,c
  3269   002DC8  2E07               	decfsz	___lwdiv@counter^0,f,c
  3270   002DCA  EFCE  F016         	goto	l1386
  3271   002DCE                     l858:
  3272   002DCE  C005  F001         	movff	___lwdiv@quotient,?___lwdiv
  3273   002DD2  C006  F002         	movff	___lwdiv@quotient+1,?___lwdiv+1
  3274   002DD6  0012               	return		;funcret
  3275   002DD8                     __end_of___lwdiv:
  3276                           	callstack 0
  3277                           
  3278 ;; *************** function _process_indicator *****************
  3279 ;; Defined at:
  3280 ;;		line 15 in file "ecu2_sensor.c"
  3281 ;; Parameters:    Size  Location     Type
  3282 ;;		None
  3283 ;; Auto vars:     Size  Location     Type
  3284 ;;  key             1    1[COMRAM] unsigned char 
  3285 ;; Return value:  Size  Location     Type
  3286 ;;                  1    wreg      enum E10483
  3287 ;; Registers used:
  3288 ;;		wreg, status,2, status,0, cstack
  3289 ;; Tracked objects:
  3290 ;;		On entry : 0/0
  3291 ;;		On exit  : 0/0
  3292 ;;		Unchanged: 0/0
  3293 ;; Data sizes:     COMRAM   BANK0   BANK1   BANK2   BANK3   BANK4   BANK5
  3294 ;;      Params:         0       0       0       0       0       0       0
  3295 ;;      Locals:         1       0       0       0       0       0       0
  3296 ;;      Temps:          0       0       0       0       0       0       0
  3297 ;;      Totals:         1       0       0       0       0       0       0
  3298 ;;Total ram usage:        1 bytes
  3299 ;; Hardware stack levels used: 1
  3300 ;; Hardware stack levels required when called: 1
  3301 ;; This function calls:
  3302 ;;		_read_digital_keypad
  3303 ;; This function is called by:
  3304 ;;		_main
  3305 ;; This function uses a non-reentrant model
  3306 ;;
  3307                           
  3308                           	psect	text4
  3309   002CF8                     __ptext4:
  3310                           	callstack 0
  3311   002CF8                     _process_indicator:
  3312                           	callstack 29
  3313   002CF8                     
  3314                           ;ecu2_sensor.c: 17:     static IndicatorStatus indicator;;ecu2_sensor.c: 18:     unsigne
      +                          d char key = read_digital_keypad(1);
  3315   002CF8  0E01               	movlw	1
  3316   002CFA  EC26  F017         	call	_read_digital_keypad
  3317   002CFE  6E02               	movwf	process_indicator@key^0,c
  3318   002D00                     
  3319                           ;ecu2_sensor.c: 19:     if (key == 0x0E)
  3320   002D00  0E0E               	movlw	14
  3321   002D02  1802               	xorwf	process_indicator@key^0,w,c
  3322   002D04  A4D8               	btfss	status,2,c
  3323   002D06  EF87  F016         	goto	u221
  3324   002D0A  EF89  F016         	goto	u220
  3325   002D0E                     u221:
  3326   002D0E  EF8D  F016         	goto	l1218
  3327   002D12                     u220:
  3328   002D12                     
  3329                           ;ecu2_sensor.c: 20:         indicator = e_ind_left;
  3330   002D12  0E01               	movlw	1
  3331   002D14  6E2B               	movwf	process_indicator@indicator^0,c
  3332   002D16  EFB1  F016         	goto	l1230
  3333   002D1A                     l1218:
  3334   002D1A  0E0D               	movlw	13
  3335   002D1C  1802               	xorwf	process_indicator@key^0,w,c
  3336   002D1E  A4D8               	btfss	status,2,c
  3337   002D20  EF94  F016         	goto	u231
  3338   002D24  EF96  F016         	goto	u230
  3339   002D28                     u231:
  3340   002D28  EF9A  F016         	goto	l1222
  3341   002D2C                     u230:
  3342   002D2C                     
  3343                           ;ecu2_sensor.c: 22:         indicator = e_ind_right;
  3344   002D2C  0E02               	movlw	2
  3345   002D2E  6E2B               	movwf	process_indicator@indicator^0,c
  3346   002D30  EFB1  F016         	goto	l1230
  3347   002D34                     l1222:
  3348   002D34  0E0B               	movlw	11
  3349   002D36  1802               	xorwf	process_indicator@key^0,w,c
  3350   002D38  A4D8               	btfss	status,2,c
  3351   002D3A  EFA1  F016         	goto	u241
  3352   002D3E  EFA3  F016         	goto	u240
  3353   002D42                     u241:
  3354   002D42  EFA7  F016         	goto	l1226
  3355   002D46                     u240:
  3356   002D46                     
  3357                           ;ecu2_sensor.c: 24:         indicator = e_ind_hazard;
  3358   002D46  0E03               	movlw	3
  3359   002D48  6E2B               	movwf	process_indicator@indicator^0,c
  3360   002D4A  EFB1  F016         	goto	l1230
  3361   002D4E                     l1226:
  3362   002D4E  0E07               	movlw	7
  3363   002D50  1802               	xorwf	process_indicator@key^0,w,c
  3364   002D52  A4D8               	btfss	status,2,c
  3365   002D54  EFAE  F016         	goto	u251
  3366   002D58  EFB0  F016         	goto	u250
  3367   002D5C                     u251:
  3368   002D5C  EFB1  F016         	goto	l1230
  3369   002D60                     u250:
  3370   002D60                     
  3371                           ;ecu2_sensor.c: 26:         indicator = e_ind_off;
  3372   002D60  6A2B               	clrf	process_indicator@indicator^0,c
  3373   002D62                     l1230:
  3374                           
  3375                           ;ecu2_sensor.c: 27:     return indicator;
  3376   002D62  502B               	movf	process_indicator@indicator^0,w,c
  3377   002D64  0012               	return		;funcret
  3378   002D66                     __end_of_process_indicator:
  3379                           	callstack 0
  3380                           
  3381 ;; *************** function _read_digital_keypad *****************
  3382 ;; Defined at:
  3383 ;;		line 9 in file "digital_keypad.c"
  3384 ;; Parameters:    Size  Location     Type
  3385 ;;  detection_ty    1    wreg     unsigned char 
  3386 ;; Auto vars:     Size  Location     Type
  3387 ;;  detection_ty    1    0[COMRAM] unsigned char 
  3388 ;; Return value:  Size  Location     Type
  3389 ;;                  1    wreg      unsigned char 
  3390 ;; Registers used:
  3391 ;;		wreg, status,2, status,0
  3392 ;; Tracked objects:
  3393 ;;		On entry : 0/0
  3394 ;;		On exit  : 0/0
  3395 ;;		Unchanged: 0/0
  3396 ;; Data sizes:     COMRAM   BANK0   BANK1   BANK2   BANK3   BANK4   BANK5
  3397 ;;      Params:         0       0       0       0       0       0       0
  3398 ;;      Locals:         1       0       0       0       0       0       0
  3399 ;;      Temps:          0       0       0       0       0       0       0
  3400 ;;      Totals:         1       0       0       0       0       0       0
  3401 ;;Total ram usage:        1 bytes
  3402 ;; Hardware stack levels used: 1
  3403 ;; This function calls:
  3404 ;;		Nothing
  3405 ;; This function is called by:
  3406 ;;		_process_indicator
  3407 ;; This function uses a non-reentrant model
  3408 ;;
  3409                           
  3410                           	psect	text5
  3411   002E4C                     __ptext5:
  3412                           	callstack 0
  3413   002E4C                     _read_digital_keypad:
  3414                           	callstack 29
  3415                           
  3416                           ;incstack = 0
  3417                           ;read_digital_keypad@detection_type stored from wreg
  3418   002E4C  6E01               	movwf	read_digital_keypad@detection_type^0,c
  3419   002E4E                     
  3420                           ;digital_keypad.c: 9: unsigned char read_digital_keypad(unsigned char detection_type);di
      +                          gital_keypad.c: 10: {;digital_keypad.c: 11:  static unsigned char once = 1;;digital_keyp
      +                          ad.c: 13:  if (detection_type == 1)
  3421   002E4E  0401               	decf	read_digital_keypad@detection_type^0,w,c
  3422   002E50  A4D8               	btfss	status,2,c
  3423   002E52  EF2D  F017         	goto	u41
  3424   002E56  EF2F  F017         	goto	u40
  3425   002E5A                     u41:
  3426   002E5A  EF54  F017         	goto	l1092
  3427   002E5E                     u40:
  3428   002E5E                     
  3429                           ;digital_keypad.c: 14:  {;digital_keypad.c: 15:   if (((PORTC & 0x0F) != 0x0F) && once)
  3430   002E5E  5082               	movf	130,w,c	;volatile
  3431   002E60  0B0F               	andlw	15
  3432   002E62  0A0F               	xorlw	15
  3433   002E64  B4D8               	btfsc	status,2,c
  3434   002E66  EF37  F017         	goto	u51
  3435   002E6A  EF39  F017         	goto	u50
  3436   002E6E                     u51:
  3437   002E6E  EF46  F017         	goto	l1088
  3438   002E72                     u50:
  3439   002E72  5031               	movf	read_digital_keypad@once^0,w,c
  3440   002E74  B4D8               	btfsc	status,2,c
  3441   002E76  EF3F  F017         	goto	u61
  3442   002E7A  EF41  F017         	goto	u60
  3443   002E7E                     u61:
  3444   002E7E  EF46  F017         	goto	l1088
  3445   002E82                     u60:
  3446   002E82                     
  3447                           ;digital_keypad.c: 16:   {;digital_keypad.c: 17:    once = 0;
  3448   002E82  6A31               	clrf	read_digital_keypad@once^0,c
  3449   002E84                     l1082:
  3450                           
  3451                           ;digital_keypad.c: 19:    return (PORTC & 0x0F);
  3452   002E84  5082               	movf	130,w,c	;volatile
  3453   002E86  0B0F               	andlw	15
  3454   002E88  EF5F  F017         	goto	l175
  3455   002E8C                     l1088:
  3456   002E8C  5082               	movf	130,w,c	;volatile
  3457   002E8E  0B0F               	andlw	15
  3458   002E90  0A0F               	xorlw	15
  3459   002E92  A4D8               	btfss	status,2,c
  3460   002E94  EF4E  F017         	goto	u71
  3461   002E98  EF50  F017         	goto	u70
  3462   002E9C                     u71:
  3463   002E9C  EF5E  F017         	goto	l1098
  3464   002EA0                     u70:
  3465   002EA0                     
  3466                           ;digital_keypad.c: 22:   {;digital_keypad.c: 23:    once = 1;
  3467   002EA0  0E01               	movlw	1
  3468   002EA2  6E31               	movwf	read_digital_keypad@once^0,c
  3469   002EA4  EF5E  F017         	goto	l1098
  3470   002EA8                     l1092:
  3471   002EA8  5001               	movf	read_digital_keypad@detection_type^0,w,c
  3472   002EAA  A4D8               	btfss	status,2,c
  3473   002EAC  EF5A  F017         	goto	u81
  3474   002EB0  EF5C  F017         	goto	u80
  3475   002EB4                     u81:
  3476   002EB4  EF5E  F017         	goto	l1098
  3477   002EB8                     u80:
  3478   002EB8  EF42  F017         	goto	l1082
  3479   002EBC                     l1098:
  3480                           
  3481                           ;digital_keypad.c: 31:  return 0x0F;
  3482   002EBC  0E0F               	movlw	15
  3483   002EBE                     l175:
  3484   002EBE  0012               	return		;funcret
  3485   002EC0                     __end_of_read_digital_keypad:
  3486                           	callstack 0
  3487                           
  3488 ;; *************** function _get_rpm *****************
  3489 ;; Defined at:
  3490 ;;		line 8 in file "ecu2_sensor.c"
  3491 ;; Parameters:    Size  Location     Type
  3492 ;;		None
  3493 ;; Auto vars:     Size  Location     Type
  3494 ;;  rpm             4   27[COMRAM] unsigned long 
  3495 ;; Return value:  Size  Location     Type
  3496 ;;                  2   25[COMRAM] unsigned short 
  3497 ;; Registers used:
  3498 ;;		wreg, status,2, status,0, cstack
  3499 ;; Tracked objects:
  3500 ;;		On entry : 0/0
  3501 ;;		On exit  : 0/0
  3502 ;;		Unchanged: 0/0
  3503 ;; Data sizes:     COMRAM   BANK0   BANK1   BANK2   BANK3   BANK4   BANK5
  3504 ;;      Params:         2       0       0       0       0       0       0
  3505 ;;      Locals:         4       0       0       0       0       0       0
  3506 ;;      Temps:          0       0       0       0       0       0       0
  3507 ;;      Totals:         6       0       0       0       0       0       0
  3508 ;;Total ram usage:        6 bytes
  3509 ;; Hardware stack levels used: 1
  3510 ;; Hardware stack levels required when called: 1
  3511 ;; This function calls:
  3512 ;;		___lldiv
  3513 ;;		___lmul
  3514 ;;		_read_adc
  3515 ;; This function is called by:
  3516 ;;		_main
  3517 ;; This function uses a non-reentrant model
  3518 ;;
  3519                           
  3520                           	psect	text6
  3521   002DD8                     __ptext6:
  3522                           	callstack 0
  3523   002DD8                     _get_rpm:
  3524                           	callstack 29
  3525   002DD8                     
  3526                           ;ecu2_sensor.c: 10:     uint32_t rpm = read_adc(0x04);
  3527   002DD8  0E04               	movlw	4
  3528   002DDA  EC88  F015         	call	_read_adc
  3529   002DDE  C001  F01C         	movff	?_read_adc,get_rpm@rpm
  3530   002DE2  C002  F01D         	movff	?_read_adc+1,get_rpm@rpm+1
  3531   002DE6  6A1E               	clrf	(get_rpm@rpm+2)^0,c
  3532   002DE8  6A1F               	clrf	(get_rpm@rpm+3)^0,c
  3533                           
  3534                           ;ecu2_sensor.c: 11:     rpm = (rpm * 6000) / 1023;
  3535   002DEA  C01C  F001         	movff	get_rpm@rpm,___lmul@multiplier
  3536   002DEE  C01D  F002         	movff	get_rpm@rpm+1,___lmul@multiplier+1
  3537   002DF2  C01E  F003         	movff	get_rpm@rpm+2,___lmul@multiplier+2
  3538   002DF6  C01F  F004         	movff	get_rpm@rpm+3,___lmul@multiplier+3
  3539   002DFA  0E70               	movlw	112
  3540   002DFC  6E05               	movwf	___lmul@multiplicand^0,c
  3541   002DFE  0E17               	movlw	23
  3542   002E00  6E06               	movwf	(___lmul@multiplicand+1)^0,c
  3543   002E02  0E00               	movlw	0
  3544   002E04  6E07               	movwf	(___lmul@multiplicand+2)^0,c
  3545   002E06  0E00               	movlw	0
  3546   002E08  6E08               	movwf	(___lmul@multiplicand+3)^0,c
  3547   002E0A  EC10  F016         	call	___lmul	;wreg free
  3548   002E0E  C001  F00D         	movff	?___lmul,___lldiv@dividend
  3549   002E12  C002  F00E         	movff	?___lmul+1,___lldiv@dividend+1
  3550   002E16  C003  F00F         	movff	?___lmul+2,___lldiv@dividend+2
  3551   002E1A  C004  F010         	movff	?___lmul+3,___lldiv@dividend+3
  3552   002E1E  0EFF               	movlw	255
  3553   002E20  6E11               	movwf	___lldiv@divisor^0,c
  3554   002E22  0E03               	movlw	3
  3555   002E24  6E12               	movwf	(___lldiv@divisor+1)^0,c
  3556   002E26  0E00               	movlw	0
  3557   002E28  6E13               	movwf	(___lldiv@divisor+2)^0,c
  3558   002E2A  0E00               	movlw	0
  3559   002E2C  6E14               	movwf	(___lldiv@divisor+3)^0,c
  3560   002E2E  EC9F  F017         	call	___lldiv	;wreg free
  3561   002E32  C00D  F01C         	movff	?___lldiv,get_rpm@rpm
  3562   002E36  C00E  F01D         	movff	?___lldiv+1,get_rpm@rpm+1
  3563   002E3A  C00F  F01E         	movff	?___lldiv+2,get_rpm@rpm+2
  3564   002E3E  C010  F01F         	movff	?___lldiv+3,get_rpm@rpm+3
  3565   002E42                     
  3566                           ;ecu2_sensor.c: 12:     return (uint16_t) rpm;
  3567   002E42  C01C  F01A         	movff	get_rpm@rpm,?_get_rpm
  3568   002E46  C01D  F01B         	movff	get_rpm@rpm+1,?_get_rpm+1
  3569   002E4A  0012               	return		;funcret
  3570   002E4C                     __end_of_get_rpm:
  3571                           	callstack 0
  3572                           
  3573 ;; *************** function _read_adc *****************
  3574 ;; Defined at:
  3575 ;;		line 43 in file "adc.c"
  3576 ;; Parameters:    Size  Location     Type
  3577 ;;  channel         1    wreg     unsigned char 
  3578 ;; Auto vars:     Size  Location     Type
  3579 ;;  channel         1    6[COMRAM] unsigned char 
  3580 ;;  reg_val         2    4[COMRAM] unsigned short 
  3581 ;; Return value:  Size  Location     Type
  3582 ;;                  2    0[COMRAM] unsigned short 
  3583 ;; Registers used:
  3584 ;;		wreg, status,2, status,0
  3585 ;; Tracked objects:
  3586 ;;		On entry : 0/0
  3587 ;;		On exit  : 0/0
  3588 ;;		Unchanged: 0/0
  3589 ;; Data sizes:     COMRAM   BANK0   BANK1   BANK2   BANK3   BANK4   BANK5
  3590 ;;      Params:         2       0       0       0       0       0       0
  3591 ;;      Locals:         3       0       0       0       0       0       0
  3592 ;;      Temps:          2       0       0       0       0       0       0
  3593 ;;      Totals:         7       0       0       0       0       0       0
  3594 ;;Total ram usage:        7 bytes
  3595 ;; Hardware stack levels used: 1
  3596 ;; This function calls:
  3597 ;;		Nothing
  3598 ;; This function is called by:
  3599 ;;		_get_rpm
  3600 ;; This function uses a non-reentrant model
  3601 ;;
  3602                           
  3603                           	psect	text7
  3604   002B10                     __ptext7:
  3605                           	callstack 0
  3606   002B10                     _read_adc:
  3607                           	callstack 29
  3608                           
  3609                           ;incstack = 0
  3610                           ;read_adc@channel stored from wreg
  3611   002B10  6E07               	movwf	read_adc@channel^0,c
  3612   002B12                     
  3613                           ;adc.c: 43: unsigned short read_adc(unsigned char channel);adc.c: 44: {;adc.c: 45:  unsi
      +                          gned short reg_val;;adc.c: 48:  ADCON0 = (ADCON0 & 0xC3) | (channel << 2);
  3614   002B12  C007  F003         	movff	read_adc@channel,??_read_adc
  3615   002B16  90D8               	bcf	status,0,c
  3616   002B18  3603               	rlcf	??_read_adc^0,f,c
  3617   002B1A  90D8               	bcf	status,0,c
  3618   002B1C  3603               	rlcf	??_read_adc^0,f,c
  3619   002B1E  50C2               	movf	194,w,c	;volatile
  3620   002B20  0BC3               	andlw	195
  3621   002B22  1003               	iorwf	??_read_adc^0,w,c
  3622   002B24  6EC2               	movwf	194,c	;volatile
  3623   002B26                     
  3624                           ;adc.c: 51:  GO = 1;
  3625   002B26  82C2               	bsf	4034,1,c	;volatile
  3626   002B28                     l86:
  3627   002B28  B2C2               	btfsc	4034,1,c	;volatile
  3628   002B2A  EF99  F015         	goto	u321
  3629   002B2E  EF9B  F015         	goto	u320
  3630   002B32                     u321:
  3631   002B32  EF94  F015         	goto	l86
  3632   002B36                     u320:
  3633   002B36                     
  3634                           ;adc.c: 53:  reg_val = (ADRESH << 8) | ADRESL;
  3635   002B36  50C3               	movf	195,w,c	;volatile
  3636   002B38  CFC4 F003          	movff	4036,??_read_adc	;volatile
  3637   002B3C  6A04               	clrf	(??_read_adc+1)^0,c
  3638   002B3E  C003  F004         	movff	??_read_adc,??_read_adc+1
  3639   002B42  6A03               	clrf	??_read_adc^0,c
  3640   002B44  1003               	iorwf	??_read_adc^0,w,c
  3641   002B46  6E05               	movwf	read_adc@reg_val^0,c
  3642   002B48  5004               	movf	(??_read_adc+1)^0,w,c
  3643   002B4A  6E06               	movwf	(read_adc@reg_val+1)^0,c
  3644   002B4C                     
  3645                           ;adc.c: 55:  return reg_val;
  3646   002B4C  C005  F001         	movff	read_adc@reg_val,?_read_adc
  3647   002B50  C006  F002         	movff	read_adc@reg_val+1,?_read_adc+1
  3648   002B54  0012               	return		;funcret
  3649   002B56                     __end_of_read_adc:
  3650                           	callstack 0
  3651                           
  3652 ;; *************** function ___lmul *****************
  3653 ;; Defined at:
  3654 ;;		line 15 in file "C:\Program Files\Microchip\xc8\v3.10\pic\sources\c99\common\Umul32.c"
  3655 ;; Parameters:    Size  Location     Type
  3656 ;;  multiplier      4    0[COMRAM] unsigned long 
  3657 ;;  multiplicand    4    4[COMRAM] unsigned long 
  3658 ;; Auto vars:     Size  Location     Type
  3659 ;;  product         4    8[COMRAM] unsigned long 
  3660 ;; Return value:  Size  Location     Type
  3661 ;;                  4    0[COMRAM] unsigned long 
  3662 ;; Registers used:
  3663 ;;		wreg, status,2, status,0
  3664 ;; Tracked objects:
  3665 ;;		On entry : 0/0
  3666 ;;		On exit  : 0/0
  3667 ;;		Unchanged: 0/0
  3668 ;; Data sizes:     COMRAM   BANK0   BANK1   BANK2   BANK3   BANK4   BANK5
  3669 ;;      Params:         8       0       0       0       0       0       0
  3670 ;;      Locals:         4       0       0       0       0       0       0
  3671 ;;      Temps:          0       0       0       0       0       0       0
  3672 ;;      Totals:        12       0       0       0       0       0       0
  3673 ;;Total ram usage:       12 bytes
  3674 ;; Hardware stack levels used: 1
  3675 ;; This function calls:
  3676 ;;		Nothing
  3677 ;; This function is called by:
  3678 ;;		_get_rpm
  3679 ;; This function uses a non-reentrant model
  3680 ;;
  3681                           
  3682                           	psect	text8
  3683   002C20                     __ptext8:
  3684                           	callstack 0
  3685   002C20                     ___lmul:
  3686                           	callstack 29
  3687   002C20  0E00               	movlw	0
  3688   002C22  6E09               	movwf	___lmul@product^0,c
  3689   002C24  0E00               	movlw	0
  3690   002C26  6E0A               	movwf	(___lmul@product+1)^0,c
  3691   002C28  0E00               	movlw	0
  3692   002C2A  6E0B               	movwf	(___lmul@product+2)^0,c
  3693   002C2C  0E00               	movlw	0
  3694   002C2E  6E0C               	movwf	(___lmul@product+3)^0,c
  3695   002C30                     l1346:
  3696   002C30  A001               	btfss	___lmul@multiplier^0,0,c
  3697   002C32  EF1D  F016         	goto	u341
  3698   002C36  EF1F  F016         	goto	u340
  3699   002C3A                     u341:
  3700   002C3A  EF27  F016         	goto	l1350
  3701   002C3E                     u340:
  3702   002C3E  5005               	movf	___lmul@multiplicand^0,w,c
  3703   002C40  2609               	addwf	___lmul@product^0,f,c
  3704   002C42  5006               	movf	(___lmul@multiplicand+1)^0,w,c
  3705   002C44  220A               	addwfc	(___lmul@product+1)^0,f,c
  3706   002C46  5007               	movf	(___lmul@multiplicand+2)^0,w,c
  3707   002C48  220B               	addwfc	(___lmul@product+2)^0,f,c
  3708   002C4A  5008               	movf	(___lmul@multiplicand+3)^0,w,c
  3709   002C4C  220C               	addwfc	(___lmul@product+3)^0,f,c
  3710   002C4E                     l1350:
  3711   002C4E  90D8               	bcf	status,0,c
  3712   002C50  3605               	rlcf	___lmul@multiplicand^0,f,c
  3713   002C52  3606               	rlcf	(___lmul@multiplicand+1)^0,f,c
  3714   002C54  3607               	rlcf	(___lmul@multiplicand+2)^0,f,c
  3715   002C56  3608               	rlcf	(___lmul@multiplicand+3)^0,f,c
  3716   002C58  90D8               	bcf	status,0,c
  3717   002C5A  3204               	rrcf	(___lmul@multiplier+3)^0,f,c
  3718   002C5C  3203               	rrcf	(___lmul@multiplier+2)^0,f,c
  3719   002C5E  3202               	rrcf	(___lmul@multiplier+1)^0,f,c
  3720   002C60  3201               	rrcf	___lmul@multiplier^0,f,c
  3721   002C62  5001               	movf	___lmul@multiplier^0,w,c
  3722   002C64  1002               	iorwf	(___lmul@multiplier+1)^0,w,c
  3723   002C66  1003               	iorwf	(___lmul@multiplier+2)^0,w,c
  3724   002C68  1004               	iorwf	(___lmul@multiplier+3)^0,w,c
  3725   002C6A  A4D8               	btfss	status,2,c
  3726   002C6C  EF3A  F016         	goto	u351
  3727   002C70  EF3C  F016         	goto	u350
  3728   002C74                     u351:
  3729   002C74  EF18  F016         	goto	l1346
  3730   002C78                     u350:
  3731   002C78  C009  F001         	movff	___lmul@product,?___lmul
  3732   002C7C  C00A  F002         	movff	___lmul@product+1,?___lmul+1
  3733   002C80  C00B  F003         	movff	___lmul@product+2,?___lmul+2
  3734   002C84  C00C  F004         	movff	___lmul@product+3,?___lmul+3
  3735   002C88  0012               	return		;funcret
  3736   002C8A                     __end_of___lmul:
  3737                           	callstack 0
  3738                           
  3739 ;; *************** function ___lldiv *****************
  3740 ;; Defined at:
  3741 ;;		line 7 in file "C:\Program Files\Microchip\xc8\v3.10\pic\sources\c99\common\__lldiv.c"
  3742 ;; Parameters:    Size  Location     Type
  3743 ;;  dividend        4   12[COMRAM] unsigned long 
  3744 ;;  divisor         4   16[COMRAM] unsigned long 
  3745 ;; Auto vars:     Size  Location     Type
  3746 ;;  quotient        4   20[COMRAM] unsigned long 
  3747 ;;  counter         1   24[COMRAM] unsigned char 
  3748 ;; Return value:  Size  Location     Type
  3749 ;;                  4   12[COMRAM] unsigned long 
  3750 ;; Registers used:
  3751 ;;		wreg, status,2, status,0
  3752 ;; Tracked objects:
  3753 ;;		On entry : 0/0
  3754 ;;		On exit  : 0/0
  3755 ;;		Unchanged: 0/0
  3756 ;; Data sizes:     COMRAM   BANK0   BANK1   BANK2   BANK3   BANK4   BANK5
  3757 ;;      Params:         8       0       0       0       0       0       0
  3758 ;;      Locals:         5       0       0       0       0       0       0
  3759 ;;      Temps:          0       0       0       0       0       0       0
  3760 ;;      Totals:        13       0       0       0       0       0       0
  3761 ;;Total ram usage:       13 bytes
  3762 ;; Hardware stack levels used: 1
  3763 ;; This function calls:
  3764 ;;		Nothing
  3765 ;; This function is called by:
  3766 ;;		_get_rpm
  3767 ;; This function uses a non-reentrant model
  3768 ;;
  3769                           
  3770                           	psect	text9
  3771   002F3E                     __ptext9:
  3772                           	callstack 0
  3773   002F3E                     ___lldiv:
  3774                           	callstack 29
  3775   002F3E  0E00               	movlw	0
  3776   002F40  6E15               	movwf	___lldiv@quotient^0,c
  3777   002F42  0E00               	movlw	0
  3778   002F44  6E16               	movwf	(___lldiv@quotient+1)^0,c
  3779   002F46  0E00               	movlw	0
  3780   002F48  6E17               	movwf	(___lldiv@quotient+2)^0,c
  3781   002F4A  0E00               	movlw	0
  3782   002F4C  6E18               	movwf	(___lldiv@quotient+3)^0,c
  3783   002F4E  5011               	movf	___lldiv@divisor^0,w,c
  3784   002F50  1012               	iorwf	(___lldiv@divisor+1)^0,w,c
  3785   002F52  1013               	iorwf	(___lldiv@divisor+2)^0,w,c
  3786   002F54  1014               	iorwf	(___lldiv@divisor+3)^0,w,c
  3787   002F56  B4D8               	btfsc	status,2,c
  3788   002F58  EFB0  F017         	goto	u361
  3789   002F5C  EFB2  F017         	goto	u360
  3790   002F60                     u361:
  3791   002F60  EFE8  F017         	goto	l284
  3792   002F64                     u360:
  3793   002F64  0E01               	movlw	1
  3794   002F66  6E19               	movwf	___lldiv@counter^0,c
  3795   002F68  EFBC  F017         	goto	l1362
  3796   002F6C                     l1360:
  3797   002F6C  90D8               	bcf	status,0,c
  3798   002F6E  3611               	rlcf	___lldiv@divisor^0,f,c
  3799   002F70  3612               	rlcf	(___lldiv@divisor+1)^0,f,c
  3800   002F72  3613               	rlcf	(___lldiv@divisor+2)^0,f,c
  3801   002F74  3614               	rlcf	(___lldiv@divisor+3)^0,f,c
  3802   002F76  2A19               	incf	___lldiv@counter^0,f,c
  3803   002F78                     l1362:
  3804   002F78  AE14               	btfss	(___lldiv@divisor+3)^0,7,c
  3805   002F7A  EFC1  F017         	goto	u371
  3806   002F7E  EFC3  F017         	goto	u370
  3807   002F82                     u371:
  3808   002F82  EFB6  F017         	goto	l1360
  3809   002F86                     u370:
  3810   002F86                     l1364:
  3811   002F86  90D8               	bcf	status,0,c
  3812   002F88  3615               	rlcf	___lldiv@quotient^0,f,c
  3813   002F8A  3616               	rlcf	(___lldiv@quotient+1)^0,f,c
  3814   002F8C  3617               	rlcf	(___lldiv@quotient+2)^0,f,c
  3815   002F8E  3618               	rlcf	(___lldiv@quotient+3)^0,f,c
  3816   002F90  5011               	movf	___lldiv@divisor^0,w,c
  3817   002F92  5C0D               	subwf	___lldiv@dividend^0,w,c
  3818   002F94  5012               	movf	(___lldiv@divisor+1)^0,w,c
  3819   002F96  580E               	subwfb	(___lldiv@dividend+1)^0,w,c
  3820   002F98  5013               	movf	(___lldiv@divisor+2)^0,w,c
  3821   002F9A  580F               	subwfb	(___lldiv@dividend+2)^0,w,c
  3822   002F9C  5014               	movf	(___lldiv@divisor+3)^0,w,c
  3823   002F9E  5810               	subwfb	(___lldiv@dividend+3)^0,w,c
  3824   002FA0  A0D8               	btfss	status,0,c
  3825   002FA2  EFD5  F017         	goto	u381
  3826   002FA6  EFD7  F017         	goto	u380
  3827   002FAA                     u381:
  3828   002FAA  EFE0  F017         	goto	l1372
  3829   002FAE                     u380:
  3830   002FAE  5011               	movf	___lldiv@divisor^0,w,c
  3831   002FB0  5E0D               	subwf	___lldiv@dividend^0,f,c
  3832   002FB2  5012               	movf	(___lldiv@divisor+1)^0,w,c
  3833   002FB4  5A0E               	subwfb	(___lldiv@dividend+1)^0,f,c
  3834   002FB6  5013               	movf	(___lldiv@divisor+2)^0,w,c
  3835   002FB8  5A0F               	subwfb	(___lldiv@dividend+2)^0,f,c
  3836   002FBA  5014               	movf	(___lldiv@divisor+3)^0,w,c
  3837   002FBC  5A10               	subwfb	(___lldiv@dividend+3)^0,f,c
  3838   002FBE  8015               	bsf	___lldiv@quotient^0,0,c
  3839   002FC0                     l1372:
  3840   002FC0  90D8               	bcf	status,0,c
  3841   002FC2  3214               	rrcf	(___lldiv@divisor+3)^0,f,c
  3842   002FC4  3213               	rrcf	(___lldiv@divisor+2)^0,f,c
  3843   002FC6  3212               	rrcf	(___lldiv@divisor+1)^0,f,c
  3844   002FC8  3211               	rrcf	___lldiv@divisor^0,f,c
  3845   002FCA  2E19               	decfsz	___lldiv@counter^0,f,c
  3846   002FCC  EFC3  F017         	goto	l1364
  3847   002FD0                     l284:
  3848   002FD0  C015  F00D         	movff	___lldiv@quotient,?___lldiv
  3849   002FD4  C016  F00E         	movff	___lldiv@quotient+1,?___lldiv+1
  3850   002FD8  C017  F00F         	movff	___lldiv@quotient+2,?___lldiv+2
  3851   002FDC  C018  F010         	movff	___lldiv@quotient+3,?___lldiv+3
  3852   002FE0  0012               	return		;funcret
  3853   002FE2                     __end_of___lldiv:
  3854                           	callstack 0
  3855                           
  3856 ;; *************** function _config *****************
  3857 ;; Defined at:
  3858 ;;		line 8 in file "ecu2_main.c"
  3859 ;; Parameters:    Size  Location     Type
  3860 ;;		None
  3861 ;; Auto vars:     Size  Location     Type
  3862 ;;		None
  3863 ;; Return value:  Size  Location     Type
  3864 ;;                  1    wreg      void 
  3865 ;; Registers used:
  3866 ;;		wreg, status,2, status,0, cstack
  3867 ;; Tracked objects:
  3868 ;;		On entry : 0/0
  3869 ;;		On exit  : 0/0
  3870 ;;		Unchanged: 0/0
  3871 ;; Data sizes:     COMRAM   BANK0   BANK1   BANK2   BANK3   BANK4   BANK5
  3872 ;;      Params:         0       0       0       0       0       0       0
  3873 ;;      Locals:         0       0       0       0       0       0       0
  3874 ;;      Temps:          0       0       0       0       0       0       0
  3875 ;;      Totals:         0       0       0       0       0       0       0
  3876 ;;Total ram usage:        0 bytes
  3877 ;; Hardware stack levels used: 1
  3878 ;; Hardware stack levels required when called: 1
  3879 ;; This function calls:
  3880 ;;		_init_adc
  3881 ;;		_init_can
  3882 ;;		_init_digital_keypad
  3883 ;; This function is called by:
  3884 ;;		_main
  3885 ;; This function uses a non-reentrant model
  3886 ;;
  3887                           
  3888                           	psect	text10
  3889   002A4A                     __ptext10:
  3890                           	callstack 0
  3891   002A4A                     _config:
  3892                           	callstack 29
  3893   002A4A                     
  3894                           ;ecu2_main.c: 9:     init_digital_keypad();
  3895   002A4A  EC21  F015         	call	_init_digital_keypad	;wreg free
  3896   002A4E                     
  3897                           ;ecu2_main.c: 10:     init_adc();
  3898   002A4E  EC2C  F015         	call	_init_adc	;wreg free
  3899   002A52                     
  3900                           ;ecu2_main.c: 11:     init_can();
  3901   002A52  EC4E  F015         	call	_init_can	;wreg free
  3902   002A56  0012               	return		;funcret
  3903   002A58                     __end_of_config:
  3904                           	callstack 0
  3905                           
  3906 ;; *************** function _init_digital_keypad *****************
  3907 ;; Defined at:
  3908 ;;		line 4 in file "digital_keypad.c"
  3909 ;; Parameters:    Size  Location     Type
  3910 ;;		None
  3911 ;; Auto vars:     Size  Location     Type
  3912 ;;		None
  3913 ;; Return value:  Size  Location     Type
  3914 ;;                  1    wreg      void 
  3915 ;; Registers used:
  3916 ;;		wreg, status,2, status,0
  3917 ;; Tracked objects:
  3918 ;;		On entry : 0/0
  3919 ;;		On exit  : 0/0
  3920 ;;		Unchanged: 0/0
  3921 ;; Data sizes:     COMRAM   BANK0   BANK1   BANK2   BANK3   BANK4   BANK5
  3922 ;;      Params:         0       0       0       0       0       0       0
  3923 ;;      Locals:         0       0       0       0       0       0       0
  3924 ;;      Temps:          0       0       0       0       0       0       0
  3925 ;;      Totals:         0       0       0       0       0       0       0
  3926 ;;Total ram usage:        0 bytes
  3927 ;; Hardware stack levels used: 1
  3928 ;; This function calls:
  3929 ;;		Nothing
  3930 ;; This function is called by:
  3931 ;;		_config
  3932 ;; This function uses a non-reentrant model
  3933 ;;
  3934                           
  3935                           	psect	text11
  3936   002A42                     __ptext11:
  3937                           	callstack 0
  3938   002A42                     _init_digital_keypad:
  3939                           	callstack 29
  3940   002A42                     
  3941                           ;digital_keypad.c: 6:  TRISC = TRISC | 0x0F;
  3942   002A42  5094               	movf	148,w,c	;volatile
  3943   002A44  090F               	iorlw	15
  3944   002A46  6E94               	movwf	148,c	;volatile
  3945   002A48  0012               	return		;funcret
  3946   002A4A                     __end_of_init_digital_keypad:
  3947                           	callstack 0
  3948                           
  3949 ;; *************** function _init_can *****************
  3950 ;; Defined at:
  3951 ;;		line 14 in file "can.c"
  3952 ;; Parameters:    Size  Location     Type
  3953 ;;		None
  3954 ;; Auto vars:     Size  Location     Type
  3955 ;;		None
  3956 ;; Return value:  Size  Location     Type
  3957 ;;                  1    wreg      void 
  3958 ;; Registers used:
  3959 ;;		wreg, status,2, status,0
  3960 ;; Tracked objects:
  3961 ;;		On entry : 0/0
  3962 ;;		On exit  : 0/0
  3963 ;;		Unchanged: 0/0
  3964 ;; Data sizes:     COMRAM   BANK0   BANK1   BANK2   BANK3   BANK4   BANK5
  3965 ;;      Params:         0       0       0       0       0       0       0
  3966 ;;      Locals:         0       0       0       0       0       0       0
  3967 ;;      Temps:          0       0       0       0       0       0       0
  3968 ;;      Totals:         0       0       0       0       0       0       0
  3969 ;;Total ram usage:        0 bytes
  3970 ;; Hardware stack levels used: 1
  3971 ;; This function calls:
  3972 ;;		Nothing
  3973 ;; This function is called by:
  3974 ;;		_config
  3975 ;; This function uses a non-reentrant model
  3976 ;;
  3977                           
  3978                           	psect	text12
  3979   002A9C                     __ptext12:
  3980                           	callstack 0
  3981   002A9C                     _init_can:
  3982                           	callstack 29
  3983   002A9C                     
  3984                           ;can.c: 16:     TRISB2 = 0;
  3985   002A9C  9493               	bcf	3987,2,c	;volatile
  3986                           
  3987                           ;can.c: 17:     TRISB3 = 1;
  3988   002A9E  8693               	bsf	3987,3,c	;volatile
  3989   002AA0                     
  3990                           ;can.c: 21:     { CANCON &= 0x1F; CANCON |= e_can_op_mode_config; };
  3991   002AA0  0E1F               	movlw	31
  3992   002AA2  166F               	andwf	111,f,c	;volatile
  3993   002AA4  8E6F               	bsf	111,7,c	;volatile
  3994   002AA6                     l1050:
  3995   002AA6  0E80               	movlw	128
  3996   002AA8  186E               	xorwf	110,w,c	;volatile
  3997   002AAA  A4D8               	btfss	status,2,c
  3998   002AAC  EF5A  F015         	goto	u11
  3999   002AB0  EF5C  F015         	goto	u10
  4000   002AB4                     u11:
  4001   002AB4  EF53  F015         	goto	l1050
  4002   002AB8                     u10:
  4003   002AB8                     
  4004                           ;can.c: 27:     ECANCON = 0x00;
  4005   002AB8  6A77               	clrf	119,c	;volatile
  4006   002ABA                     
  4007                           ;can.c: 30:     BRGCON1 = 0xE1;
  4008   002ABA  0EE1               	movlw	225
  4009   002ABC  6E70               	movwf	112,c	;volatile
  4010                           
  4011                           ;can.c: 31:     BRGCON2 = 0x1B;
  4012   002ABE  0E1B               	movlw	27
  4013   002AC0  6E71               	movwf	113,c	;volatile
  4014                           
  4015                           ;can.c: 32:     BRGCON3 = 0x03;
  4016   002AC2  0E03               	movlw	3
  4017   002AC4  6E72               	movwf	114,c	;volatile
  4018   002AC6                     
  4019                           ;can.c: 38:     RXFCON0 = 0x00;
  4020   002AC6  010D               	movlb	13	; () banked
  4021   002AC8  6BD4               	clrf	212,b	;volatile
  4022   002ACA                     
  4023                           ; BSR set to: 13
  4024                           ;can.c: 40:     { CANCON &= 0x1F; CANCON |= e_can_op_mode_normal; };
  4025   002ACA  0E1F               	movlw	31
  4026   002ACC  166F               	andwf	111,f,c	;volatile
  4027   002ACE                     
  4028                           ; BSR set to: 13
  4029   002ACE  506F               	movf	111,w,c	;volatile
  4030   002AD0                     
  4031                           ; BSR set to: 13
  4032                           ;can.c: 43:     RXB0CON = 0x00;
  4033   002AD0  6A60               	clrf	96,c	;volatile
  4034   002AD2                     
  4035                           ; BSR set to: 13
  4036   002AD2  0012               	return		;funcret
  4037   002AD4                     __end_of_init_can:
  4038                           	callstack 0
  4039                           
  4040 ;; *************** function _init_adc *****************
  4041 ;; Defined at:
  4042 ;;		line 4 in file "adc.c"
  4043 ;; Parameters:    Size  Location     Type
  4044 ;;		None
  4045 ;; Auto vars:     Size  Location     Type
  4046 ;;		None
  4047 ;; Return value:  Size  Location     Type
  4048 ;;                  1    wreg      void 
  4049 ;; Registers used:
  4050 ;;		None
  4051 ;; Tracked objects:
  4052 ;;		On entry : 0/0
  4053 ;;		On exit  : 0/0
  4054 ;;		Unchanged: 0/0
  4055 ;; Data sizes:     COMRAM   BANK0   BANK1   BANK2   BANK3   BANK4   BANK5
  4056 ;;      Params:         0       0       0       0       0       0       0
  4057 ;;      Locals:         0       0       0       0       0       0       0
  4058 ;;      Temps:          0       0       0       0       0       0       0
  4059 ;;      Totals:         0       0       0       0       0       0       0
  4060 ;;Total ram usage:        0 bytes
  4061 ;; Hardware stack levels used: 1
  4062 ;; This function calls:
  4063 ;;		Nothing
  4064 ;; This function is called by:
  4065 ;;		_config
  4066 ;; This function uses a non-reentrant model
  4067 ;;
  4068                           
  4069                           	psect	text13
  4070   002A58                     __ptext13:
  4071                           	callstack 0
  4072   002A58                     _init_adc:
  4073                           	callstack 29
  4074   002A58                     
  4075                           ;adc.c: 7:  ADFM = 1;
  4076   002A58  8EC0               	bsf	4032,7,c	;volatile
  4077                           
  4078                           ;adc.c: 13:  ACQT2 = 0;
  4079   002A5A  9AC0               	bcf	4032,5,c	;volatile
  4080                           
  4081                           ;adc.c: 14:  ACQT1 = 1;
  4082   002A5C  88C0               	bsf	4032,4,c	;volatile
  4083                           
  4084                           ;adc.c: 15:  ACQT0 = 0;
  4085   002A5E  96C0               	bcf	4032,3,c	;volatile
  4086                           
  4087                           ;adc.c: 21:  ADCS0 = 0;
  4088   002A60  90C0               	bcf	4032,0,c	;volatile
  4089                           
  4090                           ;adc.c: 22:  ADCS1 = 1;
  4091   002A62  82C0               	bsf	4032,1,c	;volatile
  4092                           
  4093                           ;adc.c: 23:  ADCS2 = 0;
  4094   002A64  94C0               	bcf	4032,2,c	;volatile
  4095                           
  4096                           ;adc.c: 26:  GODONE = 0;
  4097   002A66  92C2               	bcf	4034,1,c	;volatile
  4098                           
  4099                           ;adc.c: 31:  VCFG1 = 0;
  4100   002A68  9AC1               	bcf	4033,5,c	;volatile
  4101                           
  4102                           ;adc.c: 33:  VCFG0 = 0;
  4103   002A6A  98C1               	bcf	4033,4,c	;volatile
  4104                           
  4105                           ;adc.c: 36:  ADRESH = 0;
  4106   002A6C  6AC4               	clrf	196,c	;volatile
  4107                           
  4108                           ;adc.c: 37:  ADRESL = 0;
  4109   002A6E  6AC3               	clrf	195,c	;volatile
  4110                           
  4111                           ;adc.c: 40:  ADON = 1;
  4112   002A70  80C2               	bsf	4034,0,c	;volatile
  4113   002A72  0012               	return		;funcret
  4114   002A74                     __end_of_init_adc:
  4115                           	callstack 0
  4116                           
  4117 ;; *************** function _can_transmit *****************
  4118 ;; Defined at:
  4119 ;;		line 60 in file "can.c"
  4120 ;; Parameters:    Size  Location     Type
  4121 ;;  msg_id          2    4[COMRAM] unsigned short 
  4122 ;;  data            1    6[COMRAM] PTR const unsigned char 
  4123 ;;		 -> main@indicator(1), rpm_buffer(5), 
  4124 ;;  len             1    7[COMRAM] unsigned char 
  4125 ;; Auto vars:     Size  Location     Type
  4126 ;;  i               2   13[COMRAM] int 
  4127 ;;  ptr             2   11[COMRAM] PTR unsigned char 
  4128 ;;		 -> TXB0D0(1), 
  4129 ;; Return value:  Size  Location     Type
  4130 ;;                  1    wreg      void 
  4131 ;; Registers used:
  4132 ;;		wreg, fsr1l, fsr1h, fsr2l, fsr2h, status,2, status,0, cstack
  4133 ;; Tracked objects:
  4134 ;;		On entry : 0/0
  4135 ;;		On exit  : 0/0
  4136 ;;		Unchanged: 0/0
  4137 ;; Data sizes:     COMRAM   BANK0   BANK1   BANK2   BANK3   BANK4   BANK5
  4138 ;;      Params:         4       0       0       0       0       0       0
  4139 ;;      Locals:         4       0       0       0       0       0       0
  4140 ;;      Temps:          3       0       0       0       0       0       0
  4141 ;;      Totals:        11       0       0       0       0       0       0
  4142 ;;Total ram usage:       11 bytes
  4143 ;; Hardware stack levels used: 1
  4144 ;; Hardware stack levels required when called: 1
  4145 ;; This function calls:
  4146 ;;		_set_msg_id_std
  4147 ;; This function is called by:
  4148 ;;		_main
  4149 ;; This function uses a non-reentrant model
  4150 ;;
  4151                           
  4152                           	psect	text14
  4153   002C8A                     __ptext14:
  4154                           	callstack 0
  4155   002C8A                     _can_transmit:
  4156                           	callstack 29
  4157   002C8A                     
  4158                           ;can.c: 61:     uint8_t *ptr;;can.c: 62:     TXB0EIDH = 0x00;
  4159   002C8A  010F               	movlb	15	; () banked
  4160   002C8C  6B43               	clrf	67,b	;volatile
  4161                           
  4162                           ;can.c: 63:     TXB0EIDL = 0x00;
  4163   002C8E  6B44               	clrf	68,b	;volatile
  4164   002C90                     
  4165                           ; BSR set to: 15
  4166                           ;can.c: 66:     set_msg_id_std(msg_id);
  4167   002C90  C005  F001         	movff	can_transmit@msg_id,set_msg_id_std@id
  4168   002C94  C006  F002         	movff	can_transmit@msg_id+1,set_msg_id_std@id+1
  4169   002C98  EC6A  F015         	call	_set_msg_id_std	;wreg free
  4170   002C9C                     
  4171                           ;can.c: 69:     TXB0DLC = len;
  4172   002C9C  C008  FF45         	movff	can_transmit@len,3909	;volatile
  4173   002CA0                     
  4174                           ;can.c: 74:     ptr = (uint8_t *) & TXB0D0;
  4175   002CA0  0E46               	movlw	70
  4176   002CA2  6E0C               	movwf	can_transmit@ptr^0,c
  4177   002CA4  0E0F               	movlw	15
  4178   002CA6  6E0D               	movwf	(can_transmit@ptr+1)^0,c
  4179   002CA8                     
  4180                           ;can.c: 75:     for (int i = 0; i < len; i++) {
  4181   002CA8  6A0F               	clrf	(can_transmit@i+1)^0,c
  4182   002CAA  0E00               	movlw	0
  4183   002CAC  6E0E               	movwf	can_transmit@i^0,c
  4184   002CAE  EF67  F016         	goto	l1446
  4185   002CB2                     l1442:
  4186                           
  4187                           ;can.c: 76:         ptr[i] = data[i];
  4188   002CB2  5007               	movf	can_transmit@data^0,w,c
  4189   002CB4  240E               	addwf	can_transmit@i^0,w,c
  4190   002CB6  6ED9               	movwf	fsr2l,c
  4191   002CB8  6ADA               	clrf	fsr2h,c
  4192   002CBA  500E               	movf	can_transmit@i^0,w,c
  4193   002CBC  240C               	addwf	can_transmit@ptr^0,w,c
  4194   002CBE  6EE1               	movwf	fsr1l,c
  4195   002CC0  500F               	movf	(can_transmit@i+1)^0,w,c
  4196   002CC2  200D               	addwfc	(can_transmit@ptr+1)^0,w,c
  4197   002CC4  6EE2               	movwf	fsr1h,c
  4198   002CC6  CFDF FFE7          	movff	indf2,indf1
  4199   002CCA                     
  4200                           ;can.c: 77:     }
  4201   002CCA  4A0E               	infsnz	can_transmit@i^0,f,c
  4202   002CCC  2A0F               	incf	(can_transmit@i+1)^0,f,c
  4203   002CCE                     l1446:
  4204   002CCE  5008               	movf	can_transmit@len^0,w,c
  4205   002CD0  6E09               	movwf	??_can_transmit^0,c
  4206   002CD2  6A0A               	clrf	(??_can_transmit+1)^0,c
  4207   002CD4  5009               	movf	??_can_transmit^0,w,c
  4208   002CD6  5C0E               	subwf	can_transmit@i^0,w,c
  4209   002CD8  500F               	movf	(can_transmit@i+1)^0,w,c
  4210   002CDA  0A80               	xorlw	128
  4211   002CDC  6E0B               	movwf	(??_can_transmit+2)^0,c
  4212   002CDE  500A               	movf	(??_can_transmit+1)^0,w,c
  4213   002CE0  0A80               	xorlw	128
  4214   002CE2  580B               	subwfb	(??_can_transmit+2)^0,w,c
  4215   002CE4  A0D8               	btfss	status,0,c
  4216   002CE6  EF77  F016         	goto	u461
  4217   002CEA  EF79  F016         	goto	u460
  4218   002CEE                     u461:
  4219   002CEE  EF59  F016         	goto	l1442
  4220   002CF2                     u460:
  4221   002CF2                     
  4222                           ;can.c: 78:     TXB0REQ = 1;
  4223   002CF2  010F               	movlb	15	; () banked
  4224   002CF4  8740               	bsf	64,3,b	;volatile
  4225   002CF6                     
  4226                           ; BSR set to: 15
  4227   002CF6  0012               	return		;funcret
  4228   002CF8                     __end_of_can_transmit:
  4229                           	callstack 0
  4230                           
  4231 ;; *************** function _set_msg_id_std *****************
  4232 ;; Defined at:
  4233 ;;		line 53 in file "can.c"
  4234 ;; Parameters:    Size  Location     Type
  4235 ;;  id              2    0[COMRAM] unsigned int 
  4236 ;; Auto vars:     Size  Location     Type
  4237 ;;		None
  4238 ;; Return value:  Size  Location     Type
  4239 ;;                  1    wreg      void 
  4240 ;; Registers used:
  4241 ;;		wreg, status,2, status,0
  4242 ;; Tracked objects:
  4243 ;;		On entry : 0/0
  4244 ;;		On exit  : 0/0
  4245 ;;		Unchanged: 0/0
  4246 ;; Data sizes:     COMRAM   BANK0   BANK1   BANK2   BANK3   BANK4   BANK5
  4247 ;;      Params:         2       0       0       0       0       0       0
  4248 ;;      Locals:         0       0       0       0       0       0       0
  4249 ;;      Temps:          2       0       0       0       0       0       0
  4250 ;;      Totals:         4       0       0       0       0       0       0
  4251 ;;Total ram usage:        4 bytes
  4252 ;; Hardware stack levels used: 1
  4253 ;; This function calls:
  4254 ;;		Nothing
  4255 ;; This function is called by:
  4256 ;;		_can_transmit
  4257 ;; This function uses a non-reentrant model
  4258 ;;
  4259                           
  4260                           	psect	text15
  4261   002AD4                     __ptext15:
  4262                           	callstack 0
  4263   002AD4                     _set_msg_id_std:
  4264                           	callstack 29
  4265   002AD4                     
  4266                           ;can.c: 54:     TXB0SIDL = (id & 0x7) << 5;
  4267   002AD4  C001  F003         	movff	set_msg_id_std@id,??_set_msg_id_std
  4268   002AD8  0E07               	movlw	7
  4269   002ADA  1603               	andwf	??_set_msg_id_std^0,f,c
  4270   002ADC  0E05               	movlw	5
  4271   002ADE  6E04               	movwf	(??_set_msg_id_std+1)^0,c
  4272   002AE0                     u335:
  4273   002AE0  90D8               	bcf	status,0,c
  4274   002AE2  3603               	rlcf	??_set_msg_id_std^0,f,c
  4275   002AE4  2E04               	decfsz	(??_set_msg_id_std+1)^0,f,c
  4276   002AE6  EF70  F015         	goto	u335
  4277   002AEA  5003               	movf	??_set_msg_id_std^0,w,c
  4278   002AEC  010F               	movlb	15	; () banked
  4279   002AEE  6F42               	movwf	66,b	;volatile
  4280                           
  4281                           ;can.c: 55:     TXB0SIDH = (id >> 3);
  4282   002AF0  C001  F003         	movff	set_msg_id_std@id,??_set_msg_id_std
  4283   002AF4  C002  F004         	movff	set_msg_id_std@id+1,??_set_msg_id_std+1
  4284   002AF8  90D8               	bcf	status,0,c
  4285   002AFA  3204               	rrcf	(??_set_msg_id_std+1)^0,f,c
  4286   002AFC  3203               	rrcf	??_set_msg_id_std^0,f,c
  4287   002AFE  90D8               	bcf	status,0,c
  4288   002B00  3204               	rrcf	(??_set_msg_id_std+1)^0,f,c
  4289   002B02  3203               	rrcf	??_set_msg_id_std^0,f,c
  4290   002B04  90D8               	bcf	status,0,c
  4291   002B06  3204               	rrcf	(??_set_msg_id_std+1)^0,f,c
  4292   002B08  3203               	rrcf	??_set_msg_id_std^0,f,c
  4293   002B0A  5003               	movf	??_set_msg_id_std^0,w,c
  4294   002B0C  6F41               	movwf	65,b	;volatile
  4295   002B0E                     
  4296                           ; BSR set to: 15
  4297   002B0E  0012               	return		;funcret
  4298   002B10                     __end_of_set_msg_id_std:
  4299                           	callstack 0
  4300                           
  4301                           	psect	rparam
  4302   000001                     ___rparam_used  equ	1
  4303   000000                     ___param_bank   equ	0
  4304   000000                     __Lparam        equ	__Lrparam
  4305   000000                     __Hparam        equ	__Hrparam
  4306                           
  4307                           	psect	idloc
  4308                           
  4309                           ;Config register IDLOC0 @ 0x200000
  4310                           ;	unspecified, using default values
  4311   200000                     	org	2097152
  4312   200000  FF                 	db	255
  4313                           
  4314                           ;Config register IDLOC1 @ 0x200001
  4315                           ;	unspecified, using default values
  4316   200001                     	org	2097153
  4317   200001  FF                 	db	255
  4318                           
  4319                           ;Config register IDLOC2 @ 0x200002
  4320                           ;	unspecified, using default values
  4321   200002                     	org	2097154
  4322   200002  FF                 	db	255
  4323                           
  4324                           ;Config register IDLOC3 @ 0x200003
  4325                           ;	unspecified, using default values
  4326   200003                     	org	2097155
  4327   200003  FF                 	db	255
  4328                           
  4329                           ;Config register IDLOC4 @ 0x200004
  4330                           ;	unspecified, using default values
  4331   200004                     	org	2097156
  4332   200004  FF                 	db	255
  4333                           
  4334                           ;Config register IDLOC5 @ 0x200005
  4335                           ;	unspecified, using default values
  4336   200005                     	org	2097157
  4337   200005  FF                 	db	255
  4338                           
  4339                           ;Config register IDLOC6 @ 0x200006
  4340                           ;	unspecified, using default values
  4341   200006                     	org	2097158
  4342   200006  FF                 	db	255
  4343                           
  4344                           ;Config register IDLOC7 @ 0x200007
  4345                           ;	unspecified, using default values
  4346   200007                     	org	2097159
  4347   200007  FF                 	db	255
  4348                           
  4349                           	psect	config
  4350                           
  4351                           ; Padding undefined space
  4352   300000                     	org	3145728
  4353   300000  FF                 	db	255
  4354                           
  4355                           ;Config register CONFIG1H @ 0x300001
  4356                           ;	unspecified, using default values
  4357                           ;	Oscillator Selection bits
  4358                           ;	OSC = 0x7, unprogrammed default
  4359                           ;	Fail-Safe Clock Monitor Enable bit
  4360                           ;	FCMEN = 0x0, unprogrammed default
  4361                           ;	Internal/External Oscillator Switchover bit
  4362                           ;	IESO = 0x0, unprogrammed default
  4363   300001                     	org	3145729
  4364   300001  07                 	db	7
  4365                           
  4366                           ;Config register CONFIG2L @ 0x300002
  4367                           ;	unspecified, using default values
  4368                           ;	Power-up Timer Enable bit
  4369                           ;	PWRT = 0x1, unprogrammed default
  4370                           ;	Brown-out Reset Enable bits
  4371                           ;	BOREN = 0x3, unprogrammed default
  4372                           ;	Brown-out Reset Voltage bits
  4373                           ;	BORV = 0x3, unprogrammed default
  4374   300002                     	org	3145730
  4375   300002  1F                 	db	31
  4376                           
  4377                           ;Config register CONFIG2H @ 0x300003
  4378                           ;	unspecified, using default values
  4379                           ;	Watchdog Timer Enable bit
  4380                           ;	WDT = 0x1, unprogrammed default
  4381                           ;	Watchdog Timer Postscale Select bits
  4382                           ;	WDTPS = 0xF, unprogrammed default
  4383   300003                     	org	3145731
  4384   300003  1F                 	db	31
  4385                           
  4386                           ; Padding undefined space
  4387   300004                     	org	3145732
  4388   300004  FF                 	db	255
  4389                           
  4390                           ;Config register CONFIG3H @ 0x300005
  4391                           ;	unspecified, using default values
  4392                           ;	PORTB A/D Enable bit
  4393                           ;	PBADEN = 0x1, unprogrammed default
  4394                           ;	Low-Power Timer 1 Oscillator Enable bit
  4395                           ;	LPT1OSC = 0x0, unprogrammed default
  4396                           ;	MCLR Pin Enable bit
  4397                           ;	MCLRE = 0x1, unprogrammed default
  4398   300005                     	org	3145733
  4399   300005  82                 	db	130
  4400                           
  4401                           ;Config register CONFIG4L @ 0x300006
  4402                           ;	unspecified, using default values
  4403                           ;	Stack Full/Underflow Reset Enable bit
  4404                           ;	STVREN = 0x1, unprogrammed default
  4405                           ;	Single-Supply ICSP Enable bit
  4406                           ;	LVP = 0x1, unprogrammed default
  4407                           ;	Boot Block Size Select bit
  4408                           ;	BBSIZ = 0x0, unprogrammed default
  4409                           ;	Extended Instruction Set Enable bit
  4410                           ;	XINST = 0x0, unprogrammed default
  4411                           ;	Background Debugger Enable bit
  4412                           ;	DEBUG = 0x1, unprogrammed default
  4413   300006                     	org	3145734
  4414   300006  85                 	db	133
  4415                           
  4416                           ; Padding undefined space
  4417   300007                     	org	3145735
  4418   300007  FF                 	db	255
  4419                           
  4420                           ;Config register CONFIG5L @ 0x300008
  4421                           ;	unspecified, using default values
  4422                           ;	Code Protection bit
  4423                           ;	CP0 = 0x1, unprogrammed default
  4424                           ;	Code Protection bit
  4425                           ;	CP1 = 0x1, unprogrammed default
  4426                           ;	Code Protection bit
  4427                           ;	CP2 = 0x1, unprogrammed default
  4428                           ;	Code Protection bit
  4429                           ;	CP3 = 0x1, unprogrammed default
  4430   300008                     	org	3145736
  4431   300008  0F                 	db	15
  4432                           
  4433                           ;Config register CONFIG5H @ 0x300009
  4434                           ;	unspecified, using default values
  4435                           ;	Boot Block Code Protection bit
  4436                           ;	CPB = 0x1, unprogrammed default
  4437                           ;	Data EEPROM Code Protection bit
  4438                           ;	CPD = 0x1, unprogrammed default
  4439   300009                     	org	3145737
  4440   300009  C0                 	db	192
  4441                           
  4442                           ;Config register CONFIG6L @ 0x30000A
  4443                           ;	unspecified, using default values
  4444                           ;	Write Protection bit
  4445                           ;	WRT0 = 0x1, unprogrammed default
  4446                           ;	Write Protection bit
  4447                           ;	WRT1 = 0x1, unprogrammed default
  4448                           ;	Write Protection bit
  4449                           ;	WRT2 = 0x1, unprogrammed default
  4450                           ;	Write Protection bit
  4451                           ;	WRT3 = 0x1, unprogrammed default
  4452   30000A                     	org	3145738
  4453   30000A  0F                 	db	15
  4454                           
  4455                           ;Config register CONFIG6H @ 0x30000B
  4456                           ;	unspecified, using default values
  4457                           ;	Configuration Register Write Protection bit
  4458                           ;	WRTC = 0x1, unprogrammed default
  4459                           ;	Boot Block Write Protection bit
  4460                           ;	WRTB = 0x1, unprogrammed default
  4461                           ;	Data EEPROM Write Protection bit
  4462                           ;	WRTD = 0x1, unprogrammed default
  4463   30000B                     	org	3145739
  4464   30000B  E0                 	db	224
  4465                           
  4466                           ;Config register CONFIG7L @ 0x30000C
  4467                           ;	unspecified, using default values
  4468                           ;	Table Read Protection bit
  4469                           ;	EBTR0 = 0x1, unprogrammed default
  4470                           ;	Table Read Protection bit
  4471                           ;	EBTR1 = 0x1, unprogrammed default
  4472                           ;	Table Read Protection bit
  4473                           ;	EBTR2 = 0x1, unprogrammed default
  4474                           ;	Table Read Protection bit
  4475                           ;	EBTR3 = 0x1, unprogrammed default
  4476   30000C                     	org	3145740
  4477   30000C  0F                 	db	15
  4478                           
  4479                           ;Config register CONFIG7H @ 0x30000D
  4480                           ;	unspecified, using default values
  4481                           ;	Boot Block Table Read Protection bit
  4482                           ;	EBTRB = 0x1, unprogrammed default
  4483   30000D                     	org	3145741
  4484   30000D  40                 	db	64
  4485                           tosu	equ	0xFFF
  4486                           tosh	equ	0xFFE
  4487                           tosl	equ	0xFFD
  4488                           stkptr	equ	0xFFC
  4489                           pclatu	equ	0xFFB
  4490                           pclath	equ	0xFFA
  4491                           pcl	equ	0xFF9
  4492                           tblptru	equ	0xFF8
  4493                           tblptrh	equ	0xFF7
  4494                           tblptrl	equ	0xFF6
  4495                           tablat	equ	0xFF5
  4496                           prodh	equ	0xFF4
  4497                           prodl	equ	0xFF3
  4498                           indf0	equ	0xFEF
  4499                           postinc0	equ	0xFEE
  4500                           postdec0	equ	0xFED
  4501                           preinc0	equ	0xFEC
  4502                           plusw0	equ	0xFEB
  4503                           fsr0h	equ	0xFEA
  4504                           fsr0l	equ	0xFE9
  4505                           wreg	equ	0xFE8
  4506                           indf1	equ	0xFE7
  4507                           postinc1	equ	0xFE6
  4508                           postdec1	equ	0xFE5
  4509                           preinc1	equ	0xFE4
  4510                           plusw1	equ	0xFE3
  4511                           fsr1h	equ	0xFE2
  4512                           fsr1l	equ	0xFE1
  4513                           bsr	equ	0xFE0
  4514                           indf2	equ	0xFDF
  4515                           postinc2	equ	0xFDE
  4516                           postdec2	equ	0xFDD
  4517                           preinc2	equ	0xFDC
  4518                           plusw2	equ	0xFDB
  4519                           fsr2h	equ	0xFDA
  4520                           fsr2l	equ	0xFD9
  4521                           status	equ	0xFD8

Data Sizes:
    Strings     24
    Constant    0
    Data        1
    BSS         12
    Persistent  0
    Stack       0

Auto Spaces:
    Space          Size  Autos    Used
    COMRAM           95     36      49
    BANK0           160      0       0
    BANK1           256      0       0
    BANK2           256      0       0
    BANK3           256      0       0
    BANK4           256      0       0
    BANK5           256      0       0

Pointer List with Targets:

    can_transmit@data	PTR const unsigned char  size(1) Largest target is 5
		 -> main@indicator(COMRAM[1]), rpm_buffer(COMRAM[5]), 

    can_transmit@ptr	PTR unsigned char  size(2) Largest target is 1
		 -> TXB0D0(SFR_2[1]), 

    write_rpm_buffer@rpm_buffer	PTR unsigned char  size(1) Largest target is 5
		 -> rpm_buffer(COMRAM[5]), 


Critical Paths under _main in COMRAM

    _main->_get_rpm
    _write_rpm_buffer->___lwdiv
    _process_indicator->_read_digital_keypad
    _get_rpm->___lldiv
    ___lldiv->___lmul
    _can_transmit->_set_msg_id_std

Critical Paths under _main in BANK0

    None.

Critical Paths under _main in BANK1

    None.

Critical Paths under _main in BANK2

    None.

Critical Paths under _main in BANK3

    None.

Critical Paths under _main in BANK4

    None.

Critical Paths under _main in BANK5

    None.

Call Graph Tables:

 ---------------------------------------------------------------------------------
 (Depth) Function   	        Calls       Base Space   Used Autos Params    Refs
 ---------------------------------------------------------------------------------
 (0) _main                                                 5     5      0    1185
                                             31 COMRAM     5     5      0
                       _can_transmit
                             _config
                            _get_rpm
                  _process_indicator
                   _write_rpm_buffer
 ---------------------------------------------------------------------------------
 (1) _write_rpm_buffer                                     5     2      3     462
                                              7 COMRAM     5     2      3
                            ___lwdiv
                            ___lwmod
 ---------------------------------------------------------------------------------
 (2) ___lwmod                                              5     1      4     161
                                              0 COMRAM     5     1      4
 ---------------------------------------------------------------------------------
 (2) ___lwdiv                                              7     3      4     164
                                              0 COMRAM     7     3      4
 ---------------------------------------------------------------------------------
 (1) _process_indicator                                    1     1      0      90
                                              1 COMRAM     1     1      0
                _read_digital_keypad
 ---------------------------------------------------------------------------------
 (2) _read_digital_keypad                                  1     1      0      30
                                              0 COMRAM     1     1      0
 ---------------------------------------------------------------------------------
 (1) _get_rpm                                              6     4      2     356
                                             25 COMRAM     6     4      2
                            ___lldiv
                             ___lmul
                           _read_adc
 ---------------------------------------------------------------------------------
 (2) _read_adc                                             7     5      2      52
                                              0 COMRAM     7     5      2
 ---------------------------------------------------------------------------------
 (2) ___lmul                                              12     4      8      94
                                              0 COMRAM    12     4      8
 ---------------------------------------------------------------------------------
 (2) ___lldiv                                             13     5      8     164
                                             12 COMRAM    13     5      8
                             ___lmul (ARG)
 ---------------------------------------------------------------------------------
 (1) _config                                               0     0      0       0
                           _init_adc
                           _init_can
                _init_digital_keypad
 ---------------------------------------------------------------------------------
 (2) _init_digital_keypad                                  0     0      0       0
 ---------------------------------------------------------------------------------
 (2) _init_can                                             0     0      0       0
 ---------------------------------------------------------------------------------
 (2) _init_adc                                             0     0      0       0
 ---------------------------------------------------------------------------------
 (1) _can_transmit                                        11     7      4     230
                                              4 COMRAM    11     7      4
                     _set_msg_id_std
 ---------------------------------------------------------------------------------
 (2) _set_msg_id_std                                       4     2      2      45
                                              0 COMRAM     4     2      2
 ---------------------------------------------------------------------------------
 Estimated maximum stack depth 2
 ---------------------------------------------------------------------------------

 Call Graph Graphs:

 _main (ROOT)
   _can_transmit
     _set_msg_id_std
   _config
     _init_adc
     _init_can
     _init_digital_keypad
   _get_rpm
     ___lldiv
       ___lmul (ARG)
     ___lmul
     _read_adc
   _process_indicator
     _read_digital_keypad
   _write_rpm_buffer
     ___lwdiv
     ___lwmod

Address spaces:
Name               Size   Autos  Total    Usage
BIGRAM            1535      0       0      0.0%
BITBIGSFRllh       410      0       0      0.0%
BITBANK5           256      0       0      0.0%
BANK5              256      0       0      0.0%
BITBANK4           256      0       0      0.0%
BANK4              256      0       0      0.0%
BITBANK3           256      0       0      0.0%
BANK3              256      0       0      0.0%
BITBANK2           256      0       0      0.0%
BANK2              256      0       0      0.0%
BITBANK1           256      0       0      0.0%
BANK1              256      0       0      0.0%
BITBIGSFRlll       212      0       0      0.0%
BITBANK0           160      0       0      0.0%
BANK0              160      0       0      0.0%
BITCOMRAM           95      0       0      0.0%
COMRAM              95     36      49     51.6%
BITBIGSFRh          82      0       0      0.0%
BITBIGSFRlh         61      0       0      0.0%
STACK                0      0       0      0.0%
DATA                 0      0      49      0.0%


Microchip Technology PIC18 Macro Assembler V3.10 build 20250813170317 
Symbol Table                                                                                   Fri Jul 10 09:04:04 2026

                               l17 2A56                                 l38 2C1E  
                               l47 2EC4                                 l83 2A72  
                               l86 2B28                                 l89 2B54  
                               _GO 7E11                                 u10 2AB8  
                               u11 2AB4                                 u40 2E5E  
                               u41 2E5A                                 u50 2E72  
                               u51 2E6E                                 u60 2E82  
                               u61 2E7E                                 u70 2EA0  
                               u71 2E9C                                 u80 2EB8  
                               u81 2EB4                                l140 2AB8  
                              l141 2AD2                                l152 2CF2  
                              l153 2CF6                                l147 2B0E  
                              l175 2EBE                                l168 2A48  
                              l186 2E4A                                l291 2FE0  
                              l284 2FD0                                l268 2C78  
                              l269 2C88                                l198 2D64  
                              l865 2DD6                                l858 2DCE  
                              l875 2BB8                                l868 2BB0  
                              u220 2D12                                u221 2D0E  
                              u230 2D2C                                u231 2D28  
                              u320 2B36                                u240 2D46  
                              u400 2D9C                                u321 2B32  
                              u241 2D42                                u401 2D98  
                              u250 2D60                                u410 2DB8  
                              u251 2D5C                                u411 2DB4  
                              u340 2C3E                                u420 2B68  
                              u341 2C3A                                u421 2B64  
                              u350 2C78                                u430 2B86  
                              u335 2AE0                                u351 2C74  
                              u431 2B82                                u360 2F64  
                              u440 2B9C                                u361 2F60  
                              u441 2B98                                u370 2F86  
                              u450 2C12                                u371 2F82  
                              u451 2C0E                                u460 2CF2  
                              u380 2FAE                                u461 2CEE  
                              u381 2FAA                                u390 2D7E  
                              u391 2D7A                                u477 2EFC  
                              u487 2F2A                                _RX9 7D5E  
                              _TX9 7D66                                wreg 0FE8  
                             l1040 2A42                               l1042 2A58  
                             l1050 2AA6                               l1060 2AD0  
                             l1052 2ABA                               l1044 2A9C  
                             l1220 2D2C                               l1212 2CF8  
                             l1054 2AC6                               l1046 2AA0  
                             l1222 2D34                               l1230 2D62  
                             l1214 2D00                               l1056 2ACA  
                             l1048 2AA4                               l1080 2E82  
                             l1224 2D46                               l1216 2D12  
                             l1400 2B68                               l1058 2ACE  
                             l1090 2EA0                               l1082 2E84  
                             l1074 2E4E                               l1226 2D4E  
                             l1218 2D1A                               l1410 2BA4  
                             l1402 2B70                               l1172 2A4A  
                             l1332 2B12                               l1076 2E5E  
                             l1092 2EA8                               l1228 2D60  
                             l1412 2BAA                               l1404 2B78  
                             l1420 2BEA                               l1342 2AD4  
                             l1174 2A4E                               l1350 2C4E  
                             l1334 2B26                               l1078 2E72  
                             l1406 2B86                               l1422 2C04  
                             l1414 2BBA                               l1440 2CA8  
                             l1432 2C8A                               l1176 2A52  
                             l1360 2F6C                               l1352 2C58  
                             l1344 2C20                               l1336 2B36  
                             l1088 2E8C                               l1408 2B9C  
                             l1424 2C12                               l1416 2BC4  
            ??_read_digital_keypad 0001                               l1442 2CB2  
                             l1434 2C90                               l1370 2FBE  
                             l1362 2F78                               l1354 2F3E  
                             l1346 2C30                               l1338 2B4C  
                             l1426 2DD8                               l1098 2EBC  
                             l1418 2BE4                               l1450 2ED0  
                             l1444 2CCA                               l1436 2C9C  
                             l1372 2FC0                               l1364 2F86  
                             l1356 2F4E                               l1348 2C3E  
                             l1428 2E42                               l1380 2D7E  
                             l1460 2F20                               l1452 2EE0  
                             l1446 2CCE                               l1438 2CA0  
                             l1374 2FCA                               l1366 2F90  
                             l1358 2F64                               l1390 2DB8  
                             l1382 2D86                               l1454 2EF2  
                             l1368 2FAE                               l1392 2DC0  
                             l1384 2D8E                               l1376 2D66  
                             l1456 2F08                               l1448 2EC0  
                             l1394 2DC2                               l1386 2D9C  
                             l1378 2D6C                               l1458 2F0E  
                             l1396 2DC8                               l1388 2DA2  
                             l1398 2B56                               _ADFM 7E07  
                             _ADON 7E10                               STR_1 2FEF  
                             STR_2 2FE3                               STR_3 2FE9  
                             STR_4 2FF5                               _BRGH 7D62  
                             _CREN 7D5C                               _RCIF 7CF5  
                             _SPEN 7D5F                               _TXEN 7D65  
                             _TXIF 7CF4                               _SYNC 7D64  
                             _main 2EC0                               fsr2h 0FDA  
                             indf1 0FE7                               indf2 0FDF  
                             fsr1l 0FE1                               fsr2l 0FD9  
                             start 2FFC                       ___param_bank 0000  
              write_rpm_buffer@rpm 0008                              _ADCS0 7E00  
                            _ADCS1 7E01                              _ADCS2 7E02  
                            ?_main 0001                              _ACQT0 7E03  
                            _ACQT1 7E04                              _ACQT2 7E05  
                            _BRG16 7DC3                    __end_of___lldiv 2FE2  
                  __end_of___lwdiv 2DD8                    __end_of___lwmod 2BBA  
                            _VCFG0 7E0C                              _VCFG1 7E0D  
                            _RCREG 0FAE                              _SENDB 7D63  
                            _SPBRG 0FAF                              _PORTC 0F82  
                            _TRISC 0F94                              _TXREG 0FAD  
              ___lmul@multiplicand 0005                    __end_of_get_rpm 2E4C  
                            tablat 0FF5                              status 0FD8  
                  __initialization 2A74                   _indicator_buffer 0025  
                     __end_of_main 2F3E                             ??_main 0020  
                    __activetblptr 0002                             _ADCON0 0FC2  
                           _CANCON 0F6F                             _ADRESH 0FC4  
                           _ADRESL 0FC3                             _GODONE 7E11  
                    main@indicator 0024                             _RXB0D0 0F66  
                           _RXB0IF 7D20                             _TXB0D0 0F46  
                           _TRISB2 7C9A                             _TRISB3 7C9B  
                           _TRISC6 7CA6                             _TRISC7 7CA7  
      __end_of_init_digital_keypad 2A4A                             ___lmul 2C20  
                        ??___lldiv 0015                      can_transmit@i 000E  
                        ??___lwdiv 0005                          ??___lwmod 0005  
                           _config 2A4A                   __end_of_init_adc 2A74  
                 __end_of_init_can 2AD4                   __end_of_read_adc 2B56  
                           clear_0 2A8C                             isa$std 0001  
                        ??_get_rpm 001C                       __pdataCOMRAM 0031  
                     __mediumconst 2FE2                             tblptrh 0FF7  
                           tblptrl 0FF6                             tblptru 0FF8  
                     _can_transmit 2C8A                   _write_rpm_buffer 2BBA  
                       __accesstop 0060            __end_of__initialization 2A92  
                    ___rparam_used 0001                  write_rpm_buffer@i 000B  
                   __pcstackCOMRAM 0001                   set_msg_id_std@id 0001  
                          ?___lmul 0001                            ?_config 0001  
                          _ECANCON 0F77                     ___lmul@product 0009  
                          _CANSTAT 0F6E                            _BRGCON1 0F70  
                          _BRGCON2 0F71                            _BRGCON3 0F72  
      __end_of_read_digital_keypad 2EC0                            _RXB0DLC 0F65  
                          _RXB0CON 0F60                            _RXB0FUL 7B07  
                          _TXB0DLC 0F45                            _TXB0REQ 7A03  
                          _RXFCON0 0DD4                          ?_init_adc 0001  
                        ?_init_can 0001                          ?_read_adc 0001  
                          __Hparam 0000                            __Lparam 0000  
                          ___lldiv 2F3E                            ___lwdiv 2D66  
                          ___lwmod 2B56                            __pcinit 2A74  
                          __ramtop 0600                            __ptext0 2EC0  
                          __ptext1 2BBA                            __ptext2 2B56  
                          __ptext3 2D66                            __ptext4 2CF8  
                          __ptext5 2E4C                            __ptext6 2DD8  
                          __ptext7 2B10                            __ptext8 2C20  
                          __ptext9 2F3E                            _get_rpm 2DD8  
                          main@rpm 0022               end_of_initialization 2A92  
                       ??_init_adc 0001                         ??_init_can 0001  
                    __Lmediumconst 2FE2                         ??_read_adc 0003  
                  ___lldiv@divisor 0011                    ___lldiv@counter 0019  
         __end_of_write_rpm_buffer 2C20                            postinc0 0FEE  
                  read_adc@channel 0007                         _rpm_buffer 002C  
                  read_adc@reg_val 0005                     _set_msg_id_std 2AD4  
                       get_rpm@rpm 001C                     __end_of___lmul 2C8A  
                    __pidataCOMRAM 3000                     __end_of_config 2A58  
              start_initialization 2A74             __end_of_set_msg_id_std 2B10  
                         ??___lmul 0009                           ??_config 0001  
                      __pbssCOMRAM 0025                    ?_set_msg_id_std 0001  
                 ___lwdiv@dividend 0001                      __pmediumconst 2FE2  
                 can_transmit@data 0007                           ?___lldiv 000D  
                         ?___lwdiv 0001                           ?___lwmod 0001  
                         ?_get_rpm 001A         write_rpm_buffer@rpm_buffer 000A  
                      __smallconst 2FE2                 can_transmit@msg_id 0005  
                 ___lwdiv@quotient 0005                           _RXB0SIDH 0F61  
                         _RXB0SIDL 0F62                           _TXB0EIDH 0F43  
                         _TXB0EIDL 0F44                  ?_write_rpm_buffer 0008  
                         _TXB0SIDH 0F41                           _TXB0SIDL 0F42  
               ??_write_rpm_buffer 000B  read_digital_keypad@detection_type 0001  
                    ?_can_transmit 0005                  _process_indicator 2CF8  
                ___lmul@multiplier 0001                _init_digital_keypad 2A42  
               ?_process_indicator 0001         process_indicator@indicator 002B  
                         __Hrparam 0000                ??_process_indicator 0002  
                         __Lrparam 0000               ?_init_digital_keypad 0001  
                   ??_can_transmit 0009          __end_of_process_indicator 2D66  
                  ___lwdiv@divisor 0003                    ___lwdiv@counter 0007  
                         __ptext10 2A4A                           __ptext11 2A42  
                         __ptext12 2A9C                           __ptext13 2A58  
                         __ptext14 2C8A                           __ptext15 2AD4  
                  can_transmit@len 0008                    can_transmit@ptr 000C  
                         _init_adc 2A58                           _init_can 2A9C  
                         _read_adc 2B10            read_digital_keypad@once 0031  
                         isa$xinst 0000              ??_init_digital_keypad 0001  
                 ??_set_msg_id_std 0003                   ___lwmod@dividend 0001  
                 ___lldiv@dividend 000D               process_indicator@key 0002  
              _read_digital_keypad 2E4C                   ___lldiv@quotient 0015  
                  ___lwmod@divisor 0003                    ___lwmod@counter 0005  
             ?_read_digital_keypad 0001               __end_of_can_transmit 2CF8  
