

Microchip MPLAB XC8 Assembler V3.10 build 20250813170317 
                                                                                               Thu Jul  9 17:59:54 2026

Microchip MPLAB XC8 C Compiler v3.10 (Free license) build 20250813170317 Og1 
     1                           	processor	18F4580
     2                           	fnconf	rparam,??,?,0
     3                           	pagewidth 120
     4                           	opt	flic
     5                           	psect	idataCOMRAM,global,class=CODE,space=0,delta=1,noexec
     6                           	psect	cinit,global,reloc=2,class=CODE,space=0,delta=1
     7                           	psect	bssCOMRAM,global,class=COMRAM,space=1,delta=1,lowdata,noexec
     8                           	psect	dataCOMRAM,global,class=COMRAM,space=1,delta=1,lowdata,noexec
     9                           	psect	cstackCOMRAM,global,class=COMRAM,space=1,delta=1,lowdata,noexec
    10                           	psect	text0,global,reloc=2,class=CODE,space=0,delta=1
    11                           	psect	text1,global,reloc=2,class=CODE,space=0,delta=1
    12                           	psect	text2,global,reloc=2,class=CODE,space=0,delta=1
    13                           	psect	text3,global,reloc=2,class=CODE,space=0,delta=1,group=1
    14                           	psect	text4,global,reloc=2,class=CODE,space=0,delta=1,group=1
    15                           	psect	text5,global,reloc=2,class=CODE,space=0,delta=1
    16                           	psect	text6,global,reloc=2,class=CODE,space=0,delta=1
    17                           	psect	text7,global,reloc=2,class=CODE,space=0,delta=1
    18                           	psect	text8,global,reloc=2,class=CODE,space=0,delta=1,group=1
    19                           	psect	text9,global,reloc=2,class=CODE,space=0,delta=1,group=1
    20                           	psect	text10,global,reloc=2,class=CODE,space=0,delta=1
    21                           	psect	text11,global,reloc=2,class=CODE,space=0,delta=1
    22                           	psect	text12,global,reloc=2,class=CODE,space=0,delta=1
    23                           	psect	text13,global,reloc=2,class=CODE,space=0,delta=1
    24                           	psect	text14,global,reloc=2,class=CODE,space=0,delta=1
    25                           	psect	text15,global,reloc=2,class=CODE,space=0,delta=1
    26                           	psect	smallconst,global,reloc=2,class=SMALLCONST,space=0,delta=1,noexec
    27                           	psect	intsave_regs,global,class=BIGRAM,space=1,delta=1,noexec
    28                           	psect	rparam,global,class=COMRAM,space=1,delta=1,noexec
    29                           	psect	idloc,global,abs,ovrld,class=IDLOC,space=5,delta=1,noexec
    30                           	psect	config,global,abs,ovrld,class=CONFIG,space=4,delta=1,noexec
    31   000000                     
    32                           ; Version 2.20
    33                           ; Generated 12/02/2020 GMT
    34                           ; 
    35                           ; Copyright © 2020, Microchip Technology Inc. and its subsidiaries ("Microchip")
    36                           ; All rights reserved.
    37                           ; 
    38                           ; This software is developed by Microchip Technology Inc. and its subsidiaries ("Microch
      +                          ip").
    39                           ; 
    40                           ; Redistribution and use in source and binary forms, with or without modification, are
    41                           ; permitted provided that the following conditions are met:
    42                           ; 
    43                           ;     1. Redistributions of source code must retain the above copyright notice, this lis
      +                          t of
    44                           ;        conditions and the following disclaimer.
    45                           ; 
    46                           ;     2. Redistributions in binary form must reproduce the above copyright notice, this 
      +                          list
    47                           ;        of conditions and the following disclaimer in the documentation and/or other
    48                           ;        materials provided with the distribution.
    49                           ; 
    50                           ;     3. Microchip's name may not be used to endorse or promote products derived from th
      +                          is
    51                           ;        software without specific prior written permission.
    52                           ; 
    53                           ; THIS SOFTWARE IS PROVIDED BY MICROCHIP "AS IS" AND ANY EXPRESS OR IMPLIED WARRANTIES,
    54                           ; INCLUDING, BUT NOT LIMITED TO, THE IMPLIED WARRANTIES OF MERCHANTABILITY AND FITNESS F
      +                          OR
    55                           ; PURPOSE ARE DISCLAIMED.  IN NO EVENT SHALL MICROCHIP BE LIABLE FOR ANY DIRECT, INDIREC
      +                          T,
    56                           ; INCIDENTAL, SPECIAL, EXEMPLARY, OR CONSEQUENTIAL DAMAGES (INCLUDING BUT NOT LIMITED TO
    57                           ; PROCUREMENT OF SUBSTITUTE GOODS OR SERVICES; LOSS OF USE, DATA OR PROFITS; OR BUSINESS
    58                           ; INTERRUPTION) HOWSOEVER CAUSED AND ON ANY THEORY OF LIABILITY, WHETHER IN CONTRACT, ST
      +                          RICT
    59                           ; LIABILITY, OR TORT (INCLUDING NEGLIGENCE OR OTHERWISE) ARISING IN ANY WAY OUT OF THE U
      +                          SE OF
    60                           ; THIS SOFTWARE, EVEN IF ADVISED OF THE POSSIBILITY OF SUCH DAMAGE.
    61                           ; 
    62                           ; 
    63                           ; Code-generator required, PIC18F4580 Definitions
    64                           ; 
    65                           ; SFR Addresses
    66   000FE0                     bsr             equ	4064
    67   000FE9                     fsr0            equ	4073
    68   000FEA                     fsr0h           equ	4074
    69   000FE9                     fsr0l           equ	4073
    70   000FE1                     fsr1            equ	4065
    71   000FE2                     fsr1h           equ	4066
    72   000FE1                     fsr1l           equ	4065
    73   000FD9                     fsr2            equ	4057
    74   000FDA                     fsr2h           equ	4058
    75   000FD9                     fsr2l           equ	4057
    76   000FEF                     indf0           equ	4079
    77   000FE7                     indf1           equ	4071
    78   000FDF                     indf2           equ	4063
    79   000FF2                     intcon          equ	4082
    80   000000                     nvmcon          equ	0
    81   000FF9                     pcl             equ	4089
    82   000FFA                     pclath          equ	4090
    83   000FFB                     pclatu          equ	4091
    84   000FEB                     plusw0          equ	4075
    85   000FE3                     plusw1          equ	4067
    86   000FDB                     plusw2          equ	4059
    87   000FED                     postdec0        equ	4077
    88   000FE5                     postdec1        equ	4069
    89   000FDD                     postdec2        equ	4061
    90   000FEE                     postinc0        equ	4078
    91   000FE6                     postinc1        equ	4070
    92   000FDE                     postinc2        equ	4062
    93   000FEC                     preinc0         equ	4076
    94   000FE4                     preinc1         equ	4068
    95   000FDC                     preinc2         equ	4060
    96   000FF3                     prod            equ	4083
    97   000FF4                     prodh           equ	4084
    98   000FF3                     prodl           equ	4083
    99   000FD8                     status          equ	4056
   100   000FF5                     tablat          equ	4085
   101   000FF6                     tblptr          equ	4086
   102   000FF7                     tblptrh         equ	4087
   103   000FF6                     tblptrl         equ	4086
   104   000FF8                     tblptru         equ	4088
   105   000FFD                     tosl            equ	4093
   106   000FE8                     wreg            equ	4072
   107   000D60                     RXF6SIDH        equ	3424	;# 
   108   000D61                     RXF6SIDL        equ	3425	;# 
   109   000D62                     RXF6EIDH        equ	3426	;# 
   110   000D63                     RXF6EIDL        equ	3427	;# 
   111   000D64                     RXF7SIDH        equ	3428	;# 
   112   000D65                     RXF7SIDL        equ	3429	;# 
   113   000D66                     RXF7EIDH        equ	3430	;# 
   114   000D67                     RXF7EIDL        equ	3431	;# 
   115   000D68                     RXF8SIDH        equ	3432	;# 
   116   000D69                     RXF8SIDL        equ	3433	;# 
   117   000D6A                     RXF8EIDH        equ	3434	;# 
   118   000D6B                     RXF8EIDL        equ	3435	;# 
   119   000D70                     RXF9SIDH        equ	3440	;# 
   120   000D71                     RXF9SIDL        equ	3441	;# 
   121   000D72                     RXF9EIDH        equ	3442	;# 
   122   000D73                     RXF9EIDL        equ	3443	;# 
   123   000D74                     RXF10SIDH       equ	3444	;# 
   124   000D75                     RXF10SIDL       equ	3445	;# 
   125   000D76                     RXF10EIDH       equ	3446	;# 
   126   000D77                     RXF10EIDL       equ	3447	;# 
   127   000D78                     RXF11SIDH       equ	3448	;# 
   128   000D79                     RXF11SIDL       equ	3449	;# 
   129   000D7A                     RXF11EIDH       equ	3450	;# 
   130   000D7B                     RXF11EIDL       equ	3451	;# 
   131   000D80                     RXF12SIDH       equ	3456	;# 
   132   000D81                     RXF12SIDL       equ	3457	;# 
   133   000D82                     RXF12EIDH       equ	3458	;# 
   134   000D83                     RXF12EIDL       equ	3459	;# 
   135   000D84                     RXF13SIDH       equ	3460	;# 
   136   000D85                     RXF13SIDL       equ	3461	;# 
   137   000D86                     RXF13EIDH       equ	3462	;# 
   138   000D87                     RXF13EIDL       equ	3463	;# 
   139   000D88                     RXF14SIDH       equ	3464	;# 
   140   000D89                     RXF14SIDL       equ	3465	;# 
   141   000D8A                     RXF14EIDH       equ	3466	;# 
   142   000D8B                     RXF14EIDL       equ	3467	;# 
   143   000D90                     RXF15SIDH       equ	3472	;# 
   144   000D91                     RXF15SIDL       equ	3473	;# 
   145   000D92                     RXF15EIDH       equ	3474	;# 
   146   000D93                     RXF15EIDL       equ	3475	;# 
   147   000DD4                     RXFCON0         equ	3540	;# 
   148   000DD5                     RXFCON1         equ	3541	;# 
   149   000DD8                     SDFLC           equ	3544	;# 
   150   000DE0                     RXFBCON0        equ	3552	;# 
   151   000DE1                     RXFBCON1        equ	3553	;# 
   152   000DE2                     RXFBCON2        equ	3554	;# 
   153   000DE3                     RXFBCON3        equ	3555	;# 
   154   000DE4                     RXFBCON4        equ	3556	;# 
   155   000DE5                     RXFBCON5        equ	3557	;# 
   156   000DE6                     RXFBCON6        equ	3558	;# 
   157   000DE7                     RXFBCON7        equ	3559	;# 
   158   000DF0                     MSEL0           equ	3568	;# 
   159   000DF1                     MSEL1           equ	3569	;# 
   160   000DF2                     MSEL2           equ	3570	;# 
   161   000DF3                     MSEL3           equ	3571	;# 
   162   000DF8                     BSEL0           equ	3576	;# 
   163   000DFA                     BIE0            equ	3578	;# 
   164   000DFC                     TXBIE           equ	3580	;# 
   165   000E20                     B0CON           equ	3616	;# 
   166   000E21                     B0SIDH          equ	3617	;# 
   167   000E22                     B0SIDL          equ	3618	;# 
   168   000E23                     B0EIDH          equ	3619	;# 
   169   000E24                     B0EIDL          equ	3620	;# 
   170   000E25                     B0DLC           equ	3621	;# 
   171   000E26                     B0D0            equ	3622	;# 
   172   000E27                     B0D1            equ	3623	;# 
   173   000E28                     B0D2            equ	3624	;# 
   174   000E29                     B0D3            equ	3625	;# 
   175   000E2A                     B0D4            equ	3626	;# 
   176   000E2B                     B0D5            equ	3627	;# 
   177   000E2C                     B0D6            equ	3628	;# 
   178   000E2D                     B0D7            equ	3629	;# 
   179   000E2E                     CANSTAT_RO9     equ	3630	;# 
   180   000E2F                     CANCON_RO9      equ	3631	;# 
   181   000E30                     B1CON           equ	3632	;# 
   182   000E31                     B1SIDH          equ	3633	;# 
   183   000E32                     B1SIDL          equ	3634	;# 
   184   000E33                     B1EIDH          equ	3635	;# 
   185   000E34                     B1EIDL          equ	3636	;# 
   186   000E35                     B1DLC           equ	3637	;# 
   187   000E36                     B1D0            equ	3638	;# 
   188   000E37                     B1D1            equ	3639	;# 
   189   000E38                     B1D2            equ	3640	;# 
   190   000E39                     B1D3            equ	3641	;# 
   191   000E3A                     B1D4            equ	3642	;# 
   192   000E3B                     B1D5            equ	3643	;# 
   193   000E3C                     B1D6            equ	3644	;# 
   194   000E3D                     B1D7            equ	3645	;# 
   195   000E3E                     CANSTAT_RO8     equ	3646	;# 
   196   000E3F                     CANCON_RO8      equ	3647	;# 
   197   000E40                     B2CON           equ	3648	;# 
   198   000E41                     B2SIDH          equ	3649	;# 
   199   000E42                     B2SIDL          equ	3650	;# 
   200   000E43                     B2EIDH          equ	3651	;# 
   201   000E44                     B2EIDL          equ	3652	;# 
   202   000E45                     B2DLC           equ	3653	;# 
   203   000E46                     B2D0            equ	3654	;# 
   204   000E47                     B2D1            equ	3655	;# 
   205   000E48                     B2D2            equ	3656	;# 
   206   000E49                     B2D3            equ	3657	;# 
   207   000E4A                     B2D4            equ	3658	;# 
   208   000E4B                     B2D5            equ	3659	;# 
   209   000E4C                     B2D6            equ	3660	;# 
   210   000E4D                     B2D7            equ	3661	;# 
   211   000E4E                     CANSTAT_RO7     equ	3662	;# 
   212   000E4F                     CANCON_RO7      equ	3663	;# 
   213   000E50                     B3CON           equ	3664	;# 
   214   000E51                     B3SIDH          equ	3665	;# 
   215   000E52                     B3SIDL          equ	3666	;# 
   216   000E53                     B3EIDH          equ	3667	;# 
   217   000E54                     B3EIDL          equ	3668	;# 
   218   000E55                     B3DLC           equ	3669	;# 
   219   000E56                     B3D0            equ	3670	;# 
   220   000E57                     B3D1            equ	3671	;# 
   221   000E58                     B3D2            equ	3672	;# 
   222   000E59                     B3D3            equ	3673	;# 
   223   000E5A                     B3D4            equ	3674	;# 
   224   000E5B                     B3D5            equ	3675	;# 
   225   000E5C                     B3D6            equ	3676	;# 
   226   000E5D                     B3D7            equ	3677	;# 
   227   000E5E                     CANSTAT_RO6     equ	3678	;# 
   228   000E5F                     CANCON_RO6      equ	3679	;# 
   229   000E60                     B4CON           equ	3680	;# 
   230   000E61                     B4SIDH          equ	3681	;# 
   231   000E62                     B4SIDL          equ	3682	;# 
   232   000E63                     B4EIDH          equ	3683	;# 
   233   000E64                     B4EIDL          equ	3684	;# 
   234   000E65                     B4DLC           equ	3685	;# 
   235   000E66                     B4D0            equ	3686	;# 
   236   000E67                     B4D1            equ	3687	;# 
   237   000E68                     B4D2            equ	3688	;# 
   238   000E69                     B4D3            equ	3689	;# 
   239   000E6A                     B4D4            equ	3690	;# 
   240   000E6B                     B4D5            equ	3691	;# 
   241   000E6C                     B4D6            equ	3692	;# 
   242   000E6D                     B4D7            equ	3693	;# 
   243   000E6E                     CANSTAT_RO5     equ	3694	;# 
   244   000E6F                     CANCON_RO5      equ	3695	;# 
   245   000E70                     B5CON           equ	3696	;# 
   246   000E71                     B5SIDH          equ	3697	;# 
   247   000E72                     B5SIDL          equ	3698	;# 
   248   000E73                     B5EIDH          equ	3699	;# 
   249   000E74                     B5EIDL          equ	3700	;# 
   250   000E75                     B5DLC           equ	3701	;# 
   251   000E76                     B5D0            equ	3702	;# 
   252   000E77                     B5D1            equ	3703	;# 
   253   000E78                     B5D2            equ	3704	;# 
   254   000E79                     B5D3            equ	3705	;# 
   255   000E7A                     B5D4            equ	3706	;# 
   256   000E7B                     B5D5            equ	3707	;# 
   257   000E7C                     B5D6            equ	3708	;# 
   258   000E7D                     B5D7            equ	3709	;# 
   259   000E7E                     CANSTAT_RO4     equ	3710	;# 
   260   000E7F                     CANCON_RO4      equ	3711	;# 
   261   000F00                     RXF0SIDH        equ	3840	;# 
   262   000F01                     RXF0SIDL        equ	3841	;# 
   263   000F02                     RXF0EIDH        equ	3842	;# 
   264   000F03                     RXF0EIDL        equ	3843	;# 
   265   000F04                     RXF1SIDH        equ	3844	;# 
   266   000F05                     RXF1SIDL        equ	3845	;# 
   267   000F06                     RXF1EIDH        equ	3846	;# 
   268   000F07                     RXF1EIDL        equ	3847	;# 
   269   000F08                     RXF2SIDH        equ	3848	;# 
   270   000F09                     RXF2SIDL        equ	3849	;# 
   271   000F0A                     RXF2EIDH        equ	3850	;# 
   272   000F0B                     RXF2EIDL        equ	3851	;# 
   273   000F0C                     RXF3SIDH        equ	3852	;# 
   274   000F0D                     RXF3SIDL        equ	3853	;# 
   275   000F0E                     RXF3EIDH        equ	3854	;# 
   276   000F0F                     RXF3EIDL        equ	3855	;# 
   277   000F10                     RXF4SIDH        equ	3856	;# 
   278   000F11                     RXF4SIDL        equ	3857	;# 
   279   000F12                     RXF4EIDH        equ	3858	;# 
   280   000F13                     RXF4EIDL        equ	3859	;# 
   281   000F14                     RXF5SIDH        equ	3860	;# 
   282   000F15                     RXF5SIDL        equ	3861	;# 
   283   000F16                     RXF5EIDH        equ	3862	;# 
   284   000F17                     RXF5EIDL        equ	3863	;# 
   285   000F18                     RXM0SIDH        equ	3864	;# 
   286   000F19                     RXM0SIDL        equ	3865	;# 
   287   000F1A                     RXM0EIDH        equ	3866	;# 
   288   000F1B                     RXM0EIDL        equ	3867	;# 
   289   000F1C                     RXM1SIDH        equ	3868	;# 
   290   000F1D                     RXM1SIDL        equ	3869	;# 
   291   000F1E                     RXM1EIDH        equ	3870	;# 
   292   000F1F                     RXM1EIDL        equ	3871	;# 
   293   000F20                     TXB2CON         equ	3872	;# 
   294   000F21                     TXB2SIDH        equ	3873	;# 
   295   000F22                     TXB2SIDL        equ	3874	;# 
   296   000F23                     TXB2EIDH        equ	3875	;# 
   297   000F24                     TXB2EIDL        equ	3876	;# 
   298   000F25                     TXB2DLC         equ	3877	;# 
   299   000F26                     TXB2D0          equ	3878	;# 
   300   000F27                     TXB2D1          equ	3879	;# 
   301   000F28                     TXB2D2          equ	3880	;# 
   302   000F29                     TXB2D3          equ	3881	;# 
   303   000F2A                     TXB2D4          equ	3882	;# 
   304   000F2B                     TXB2D5          equ	3883	;# 
   305   000F2C                     TXB2D6          equ	3884	;# 
   306   000F2D                     TXB2D7          equ	3885	;# 
   307   000F2E                     CANSTAT_RO3     equ	3886	;# 
   308   000F2F                     CANCON_RO3      equ	3887	;# 
   309   000F30                     TXB1CON         equ	3888	;# 
   310   000F31                     TXB1SIDH        equ	3889	;# 
   311   000F32                     TXB1SIDL        equ	3890	;# 
   312   000F33                     TXB1EIDH        equ	3891	;# 
   313   000F34                     TXB1EIDL        equ	3892	;# 
   314   000F35                     TXB1DLC         equ	3893	;# 
   315   000F36                     TXB1D0          equ	3894	;# 
   316   000F37                     TXB1D1          equ	3895	;# 
   317   000F38                     TXB1D2          equ	3896	;# 
   318   000F39                     TXB1D3          equ	3897	;# 
   319   000F3A                     TXB1D4          equ	3898	;# 
   320   000F3B                     TXB1D5          equ	3899	;# 
   321   000F3C                     TXB1D6          equ	3900	;# 
   322   000F3D                     TXB1D7          equ	3901	;# 
   323   000F3E                     CANSTAT_RO2     equ	3902	;# 
   324   000F3F                     CANCON_RO2      equ	3903	;# 
   325   000F40                     TXB0CON         equ	3904	;# 
   326   000F41                     TXB0SIDH        equ	3905	;# 
   327   000F42                     TXB0SIDL        equ	3906	;# 
   328   000F43                     TXB0EIDH        equ	3907	;# 
   329   000F44                     TXB0EIDL        equ	3908	;# 
   330   000F45                     TXB0DLC         equ	3909	;# 
   331   000F46                     TXB0D0          equ	3910	;# 
   332   000F47                     TXB0D1          equ	3911	;# 
   333   000F48                     TXB0D2          equ	3912	;# 
   334   000F49                     TXB0D3          equ	3913	;# 
   335   000F4A                     TXB0D4          equ	3914	;# 
   336   000F4B                     TXB0D5          equ	3915	;# 
   337   000F4C                     TXB0D6          equ	3916	;# 
   338   000F4D                     TXB0D7          equ	3917	;# 
   339   000F4E                     CANSTAT_RO1     equ	3918	;# 
   340   000F4F                     CANCON_RO1      equ	3919	;# 
   341   000F50                     RXB1CON         equ	3920	;# 
   342   000F51                     RXB1SIDH        equ	3921	;# 
   343   000F52                     RXB1SIDL        equ	3922	;# 
   344   000F53                     RXB1EIDH        equ	3923	;# 
   345   000F54                     RXB1EIDL        equ	3924	;# 
   346   000F55                     RXB1DLC         equ	3925	;# 
   347   000F56                     RXB1D0          equ	3926	;# 
   348   000F57                     RXB1D1          equ	3927	;# 
   349   000F58                     RXB1D2          equ	3928	;# 
   350   000F59                     RXB1D3          equ	3929	;# 
   351   000F5A                     RXB1D4          equ	3930	;# 
   352   000F5B                     RXB1D5          equ	3931	;# 
   353   000F5C                     RXB1D6          equ	3932	;# 
   354   000F5D                     RXB1D7          equ	3933	;# 
   355   000F5E                     CANSTAT_RO0     equ	3934	;# 
   356   000F5F                     CANCON_RO0      equ	3935	;# 
   357   000F60                     RXB0CON         equ	3936	;# 
   358   000F61                     RXB0SIDH        equ	3937	;# 
   359   000F62                     RXB0SIDL        equ	3938	;# 
   360   000F63                     RXB0EIDH        equ	3939	;# 
   361   000F64                     RXB0EIDL        equ	3940	;# 
   362   000F65                     RXB0DLC         equ	3941	;# 
   363   000F66                     RXB0D0          equ	3942	;# 
   364   000F67                     RXB0D1          equ	3943	;# 
   365   000F68                     RXB0D2          equ	3944	;# 
   366   000F69                     RXB0D3          equ	3945	;# 
   367   000F6A                     RXB0D4          equ	3946	;# 
   368   000F6B                     RXB0D5          equ	3947	;# 
   369   000F6C                     RXB0D6          equ	3948	;# 
   370   000F6D                     RXB0D7          equ	3949	;# 
   371   000F6E                     CANSTAT         equ	3950	;# 
   372   000F6F                     CANCON          equ	3951	;# 
   373   000F70                     BRGCON1         equ	3952	;# 
   374   000F71                     BRGCON2         equ	3953	;# 
   375   000F72                     BRGCON3         equ	3954	;# 
   376   000F73                     CIOCON          equ	3955	;# 
   377   000F74                     COMSTAT         equ	3956	;# 
   378   000F75                     RXERRCNT        equ	3957	;# 
   379   000F76                     TXERRCNT        equ	3958	;# 
   380   000F77                     ECANCON         equ	3959	;# 
   381   000F80                     PORTA           equ	3968	;# 
   382   000F81                     PORTB           equ	3969	;# 
   383   000F82                     PORTC           equ	3970	;# 
   384   000F83                     PORTD           equ	3971	;# 
   385   000F84                     PORTE           equ	3972	;# 
   386   000F89                     LATA            equ	3977	;# 
   387   000F8A                     LATB            equ	3978	;# 
   388   000F8B                     LATC            equ	3979	;# 
   389   000F8C                     LATD            equ	3980	;# 
   390   000F8D                     LATE            equ	3981	;# 
   391   000F92                     TRISA           equ	3986	;# 
   392   000F92                     DDRA            equ	3986	;# 
   393   000F93                     TRISB           equ	3987	;# 
   394   000F93                     DDRB            equ	3987	;# 
   395   000F94                     TRISC           equ	3988	;# 
   396   000F94                     DDRC            equ	3988	;# 
   397   000F95                     TRISD           equ	3989	;# 
   398   000F95                     DDRD            equ	3989	;# 
   399   000F96                     TRISE           equ	3990	;# 
   400   000F96                     DDRE            equ	3990	;# 
   401   000F9B                     OSCTUNE         equ	3995	;# 
   402   000F9D                     PIE1            equ	3997	;# 
   403   000F9E                     PIR1            equ	3998	;# 
   404   000F9F                     IPR1            equ	3999	;# 
   405   000FA0                     PIE2            equ	4000	;# 
   406   000FA1                     PIR2            equ	4001	;# 
   407   000FA2                     IPR2            equ	4002	;# 
   408   000FA3                     PIE3            equ	4003	;# 
   409   000FA4                     PIR3            equ	4004	;# 
   410   000FA5                     IPR3            equ	4005	;# 
   411   000FA6                     EECON1          equ	4006	;# 
   412   000FA7                     EECON2          equ	4007	;# 
   413   000FA8                     EEDATA          equ	4008	;# 
   414   000FA9                     EEADR           equ	4009	;# 
   415   000FAB                     RCSTA           equ	4011	;# 
   416   000FAB                     RCSTA1          equ	4011	;# 
   417   000FAC                     TXSTA           equ	4012	;# 
   418   000FAC                     TXSTA1          equ	4012	;# 
   419   000FAD                     TXREG           equ	4013	;# 
   420   000FAD                     TXREG1          equ	4013	;# 
   421   000FAE                     RCREG           equ	4014	;# 
   422   000FAE                     RCREG1          equ	4014	;# 
   423   000FAF                     SPBRG           equ	4015	;# 
   424   000FAF                     SPBRG1          equ	4015	;# 
   425   000FB0                     SPBRGH          equ	4016	;# 
   426   000FB1                     T3CON           equ	4017	;# 
   427   000FB2                     TMR3            equ	4018	;# 
   428   000FB2                     TMR3L           equ	4018	;# 
   429   000FB3                     TMR3H           equ	4019	;# 
   430   000FB4                     CMCON           equ	4020	;# 
   431   000FB5                     CVRCON          equ	4021	;# 
   432   000FB6                     ECCP1AS         equ	4022	;# 
   433   000FB7                     ECCP1DEL        equ	4023	;# 
   434   000FB8                     BAUDCON         equ	4024	;# 
   435   000FB8                     BAUDCTL         equ	4024	;# 
   436   000FBA                     ECCP1CON        equ	4026	;# 
   437   000FBB                     ECCPR1          equ	4027	;# 
   438   000FBB                     ECCPR1L         equ	4027	;# 
   439   000FBC                     ECCPR1H         equ	4028	;# 
   440   000FBD                     CCP1CON         equ	4029	;# 
   441   000FBE                     CCPR1           equ	4030	;# 
   442   000FBE                     CCPR1L          equ	4030	;# 
   443   000FBF                     CCPR1H          equ	4031	;# 
   444   000FC0                     ADCON2          equ	4032	;# 
   445   000FC1                     ADCON1          equ	4033	;# 
   446   000FC2                     ADCON0          equ	4034	;# 
   447   000FC3                     ADRES           equ	4035	;# 
   448   000FC3                     ADRESL          equ	4035	;# 
   449   000FC4                     ADRESH          equ	4036	;# 
   450   000FC5                     SSPCON2         equ	4037	;# 
   451   000FC6                     SSPCON1         equ	4038	;# 
   452   000FC7                     SSPSTAT         equ	4039	;# 
   453   000FC8                     SSPADD          equ	4040	;# 
   454   000FC9                     SSPBUF          equ	4041	;# 
   455   000FCA                     T2CON           equ	4042	;# 
   456   000FCB                     PR2             equ	4043	;# 
   457   000FCB                     MEMCON          equ	4043	;# 
   458   000FCC                     TMR2            equ	4044	;# 
   459   000FCD                     T1CON           equ	4045	;# 
   460   000FCE                     TMR1            equ	4046	;# 
   461   000FCE                     TMR1L           equ	4046	;# 
   462   000FCF                     TMR1H           equ	4047	;# 
   463   000FD0                     RCON            equ	4048	;# 
   464   000FD1                     WDTCON          equ	4049	;# 
   465   000FD2                     HLVDCON         equ	4050	;# 
   466   000FD2                     LVDCON          equ	4050	;# 
   467   000FD3                     OSCCON          equ	4051	;# 
   468   000FD5                     T0CON           equ	4053	;# 
   469   000FD6                     TMR0            equ	4054	;# 
   470   000FD6                     TMR0L           equ	4054	;# 
   471   000FD7                     TMR0H           equ	4055	;# 
   472   000FD8                     STATUS          equ	4056	;# 
   473   000FD9                     FSR2            equ	4057	;# 
   474   000FD9                     FSR2L           equ	4057	;# 
   475   000FDA                     FSR2H           equ	4058	;# 
   476   000FDB                     PLUSW2          equ	4059	;# 
   477   000FDC                     PREINC2         equ	4060	;# 
   478   000FDD                     POSTDEC2        equ	4061	;# 
   479   000FDE                     POSTINC2        equ	4062	;# 
   480   000FDF                     INDF2           equ	4063	;# 
   481   000FE0                     BSR             equ	4064	;# 
   482   000FE1                     FSR1            equ	4065	;# 
   483   000FE1                     FSR1L           equ	4065	;# 
   484   000FE2                     FSR1H           equ	4066	;# 
   485   000FE3                     PLUSW1          equ	4067	;# 
   486   000FE4                     PREINC1         equ	4068	;# 
   487   000FE5                     POSTDEC1        equ	4069	;# 
   488   000FE6                     POSTINC1        equ	4070	;# 
   489   000FE7                     INDF1           equ	4071	;# 
   490   000FE8                     WREG            equ	4072	;# 
   491   000FE9                     FSR0            equ	4073	;# 
   492   000FE9                     FSR0L           equ	4073	;# 
   493   000FEA                     FSR0H           equ	4074	;# 
   494   000FEB                     PLUSW0          equ	4075	;# 
   495   000FEC                     PREINC0         equ	4076	;# 
   496   000FED                     POSTDEC0        equ	4077	;# 
   497   000FEE                     POSTINC0        equ	4078	;# 
   498   000FEF                     INDF0           equ	4079	;# 
   499   000FF0                     INTCON3         equ	4080	;# 
   500   000FF1                     INTCON2         equ	4081	;# 
   501   000FF2                     INTCON          equ	4082	;# 
   502   000FF3                     PROD            equ	4083	;# 
   503   000FF3                     PRODL           equ	4083	;# 
   504   000FF4                     PRODH           equ	4084	;# 
   505   000FF5                     TABLAT          equ	4085	;# 
   506   000FF6                     TBLPTR          equ	4086	;# 
   507   000FF6                     TBLPTRL         equ	4086	;# 
   508   000FF7                     TBLPTRH         equ	4087	;# 
   509   000FF8                     TBLPTRU         equ	4088	;# 
   510   000FF9                     PCLAT           equ	4089	;# 
   511   000FF9                     PC              equ	4089	;# 
   512   000FF9                     PCL             equ	4089	;# 
   513   000FFA                     PCLATH          equ	4090	;# 
   514   000FFB                     PCLATU          equ	4091	;# 
   515   000FFC                     STKPTR          equ	4092	;# 
   516   000FFD                     TOS             equ	4093	;# 
   517   000FFD                     TOSL            equ	4093	;# 
   518   000FFE                     TOSH            equ	4094	;# 
   519   000FFF                     TOSU            equ	4095	;# 
   520   000D60                     RXF6SIDH        equ	3424	;# 
   521   000D61                     RXF6SIDL        equ	3425	;# 
   522   000D62                     RXF6EIDH        equ	3426	;# 
   523   000D63                     RXF6EIDL        equ	3427	;# 
   524   000D64                     RXF7SIDH        equ	3428	;# 
   525   000D65                     RXF7SIDL        equ	3429	;# 
   526   000D66                     RXF7EIDH        equ	3430	;# 
   527   000D67                     RXF7EIDL        equ	3431	;# 
   528   000D68                     RXF8SIDH        equ	3432	;# 
   529   000D69                     RXF8SIDL        equ	3433	;# 
   530   000D6A                     RXF8EIDH        equ	3434	;# 
   531   000D6B                     RXF8EIDL        equ	3435	;# 
   532   000D70                     RXF9SIDH        equ	3440	;# 
   533   000D71                     RXF9SIDL        equ	3441	;# 
   534   000D72                     RXF9EIDH        equ	3442	;# 
   535   000D73                     RXF9EIDL        equ	3443	;# 
   536   000D74                     RXF10SIDH       equ	3444	;# 
   537   000D75                     RXF10SIDL       equ	3445	;# 
   538   000D76                     RXF10EIDH       equ	3446	;# 
   539   000D77                     RXF10EIDL       equ	3447	;# 
   540   000D78                     RXF11SIDH       equ	3448	;# 
   541   000D79                     RXF11SIDL       equ	3449	;# 
   542   000D7A                     RXF11EIDH       equ	3450	;# 
   543   000D7B                     RXF11EIDL       equ	3451	;# 
   544   000D80                     RXF12SIDH       equ	3456	;# 
   545   000D81                     RXF12SIDL       equ	3457	;# 
   546   000D82                     RXF12EIDH       equ	3458	;# 
   547   000D83                     RXF12EIDL       equ	3459	;# 
   548   000D84                     RXF13SIDH       equ	3460	;# 
   549   000D85                     RXF13SIDL       equ	3461	;# 
   550   000D86                     RXF13EIDH       equ	3462	;# 
   551   000D87                     RXF13EIDL       equ	3463	;# 
   552   000D88                     RXF14SIDH       equ	3464	;# 
   553   000D89                     RXF14SIDL       equ	3465	;# 
   554   000D8A                     RXF14EIDH       equ	3466	;# 
   555   000D8B                     RXF14EIDL       equ	3467	;# 
   556   000D90                     RXF15SIDH       equ	3472	;# 
   557   000D91                     RXF15SIDL       equ	3473	;# 
   558   000D92                     RXF15EIDH       equ	3474	;# 
   559   000D93                     RXF15EIDL       equ	3475	;# 
   560   000DD4                     RXFCON0         equ	3540	;# 
   561   000DD5                     RXFCON1         equ	3541	;# 
   562   000DD8                     SDFLC           equ	3544	;# 
   563   000DE0                     RXFBCON0        equ	3552	;# 
   564   000DE1                     RXFBCON1        equ	3553	;# 
   565   000DE2                     RXFBCON2        equ	3554	;# 
   566   000DE3                     RXFBCON3        equ	3555	;# 
   567   000DE4                     RXFBCON4        equ	3556	;# 
   568   000DE5                     RXFBCON5        equ	3557	;# 
   569   000DE6                     RXFBCON6        equ	3558	;# 
   570   000DE7                     RXFBCON7        equ	3559	;# 
   571   000DF0                     MSEL0           equ	3568	;# 
   572   000DF1                     MSEL1           equ	3569	;# 
   573   000DF2                     MSEL2           equ	3570	;# 
   574   000DF3                     MSEL3           equ	3571	;# 
   575   000DF8                     BSEL0           equ	3576	;# 
   576   000DFA                     BIE0            equ	3578	;# 
   577   000DFC                     TXBIE           equ	3580	;# 
   578   000E20                     B0CON           equ	3616	;# 
   579   000E21                     B0SIDH          equ	3617	;# 
   580   000E22                     B0SIDL          equ	3618	;# 
   581   000E23                     B0EIDH          equ	3619	;# 
   582   000E24                     B0EIDL          equ	3620	;# 
   583   000E25                     B0DLC           equ	3621	;# 
   584   000E26                     B0D0            equ	3622	;# 
   585   000E27                     B0D1            equ	3623	;# 
   586   000E28                     B0D2            equ	3624	;# 
   587   000E29                     B0D3            equ	3625	;# 
   588   000E2A                     B0D4            equ	3626	;# 
   589   000E2B                     B0D5            equ	3627	;# 
   590   000E2C                     B0D6            equ	3628	;# 
   591   000E2D                     B0D7            equ	3629	;# 
   592   000E2E                     CANSTAT_RO9     equ	3630	;# 
   593   000E2F                     CANCON_RO9      equ	3631	;# 
   594   000E30                     B1CON           equ	3632	;# 
   595   000E31                     B1SIDH          equ	3633	;# 
   596   000E32                     B1SIDL          equ	3634	;# 
   597   000E33                     B1EIDH          equ	3635	;# 
   598   000E34                     B1EIDL          equ	3636	;# 
   599   000E35                     B1DLC           equ	3637	;# 
   600   000E36                     B1D0            equ	3638	;# 
   601   000E37                     B1D1            equ	3639	;# 
   602   000E38                     B1D2            equ	3640	;# 
   603   000E39                     B1D3            equ	3641	;# 
   604   000E3A                     B1D4            equ	3642	;# 
   605   000E3B                     B1D5            equ	3643	;# 
   606   000E3C                     B1D6            equ	3644	;# 
   607   000E3D                     B1D7            equ	3645	;# 
   608   000E3E                     CANSTAT_RO8     equ	3646	;# 
   609   000E3F                     CANCON_RO8      equ	3647	;# 
   610   000E40                     B2CON           equ	3648	;# 
   611   000E41                     B2SIDH          equ	3649	;# 
   612   000E42                     B2SIDL          equ	3650	;# 
   613   000E43                     B2EIDH          equ	3651	;# 
   614   000E44                     B2EIDL          equ	3652	;# 
   615   000E45                     B2DLC           equ	3653	;# 
   616   000E46                     B2D0            equ	3654	;# 
   617   000E47                     B2D1            equ	3655	;# 
   618   000E48                     B2D2            equ	3656	;# 
   619   000E49                     B2D3            equ	3657	;# 
   620   000E4A                     B2D4            equ	3658	;# 
   621   000E4B                     B2D5            equ	3659	;# 
   622   000E4C                     B2D6            equ	3660	;# 
   623   000E4D                     B2D7            equ	3661	;# 
   624   000E4E                     CANSTAT_RO7     equ	3662	;# 
   625   000E4F                     CANCON_RO7      equ	3663	;# 
   626   000E50                     B3CON           equ	3664	;# 
   627   000E51                     B3SIDH          equ	3665	;# 
   628   000E52                     B3SIDL          equ	3666	;# 
   629   000E53                     B3EIDH          equ	3667	;# 
   630   000E54                     B3EIDL          equ	3668	;# 
   631   000E55                     B3DLC           equ	3669	;# 
   632   000E56                     B3D0            equ	3670	;# 
   633   000E57                     B3D1            equ	3671	;# 
   634   000E58                     B3D2            equ	3672	;# 
   635   000E59                     B3D3            equ	3673	;# 
   636   000E5A                     B3D4            equ	3674	;# 
   637   000E5B                     B3D5            equ	3675	;# 
   638   000E5C                     B3D6            equ	3676	;# 
   639   000E5D                     B3D7            equ	3677	;# 
   640   000E5E                     CANSTAT_RO6     equ	3678	;# 
   641   000E5F                     CANCON_RO6      equ	3679	;# 
   642   000E60                     B4CON           equ	3680	;# 
   643   000E61                     B4SIDH          equ	3681	;# 
   644   000E62                     B4SIDL          equ	3682	;# 
   645   000E63                     B4EIDH          equ	3683	;# 
   646   000E64                     B4EIDL          equ	3684	;# 
   647   000E65                     B4DLC           equ	3685	;# 
   648   000E66                     B4D0            equ	3686	;# 
   649   000E67                     B4D1            equ	3687	;# 
   650   000E68                     B4D2            equ	3688	;# 
   651   000E69                     B4D3            equ	3689	;# 
   652   000E6A                     B4D4            equ	3690	;# 
   653   000E6B                     B4D5            equ	3691	;# 
   654   000E6C                     B4D6            equ	3692	;# 
   655   000E6D                     B4D7            equ	3693	;# 
   656   000E6E                     CANSTAT_RO5     equ	3694	;# 
   657   000E6F                     CANCON_RO5      equ	3695	;# 
   658   000E70                     B5CON           equ	3696	;# 
   659   000E71                     B5SIDH          equ	3697	;# 
   660   000E72                     B5SIDL          equ	3698	;# 
   661   000E73                     B5EIDH          equ	3699	;# 
   662   000E74                     B5EIDL          equ	3700	;# 
   663   000E75                     B5DLC           equ	3701	;# 
   664   000E76                     B5D0            equ	3702	;# 
   665   000E77                     B5D1            equ	3703	;# 
   666   000E78                     B5D2            equ	3704	;# 
   667   000E79                     B5D3            equ	3705	;# 
   668   000E7A                     B5D4            equ	3706	;# 
   669   000E7B                     B5D5            equ	3707	;# 
   670   000E7C                     B5D6            equ	3708	;# 
   671   000E7D                     B5D7            equ	3709	;# 
   672   000E7E                     CANSTAT_RO4     equ	3710	;# 
   673   000E7F                     CANCON_RO4      equ	3711	;# 
   674   000F00                     RXF0SIDH        equ	3840	;# 
   675   000F01                     RXF0SIDL        equ	3841	;# 
   676   000F02                     RXF0EIDH        equ	3842	;# 
   677   000F03                     RXF0EIDL        equ	3843	;# 
   678   000F04                     RXF1SIDH        equ	3844	;# 
   679   000F05                     RXF1SIDL        equ	3845	;# 
   680   000F06                     RXF1EIDH        equ	3846	;# 
   681   000F07                     RXF1EIDL        equ	3847	;# 
   682   000F08                     RXF2SIDH        equ	3848	;# 
   683   000F09                     RXF2SIDL        equ	3849	;# 
   684   000F0A                     RXF2EIDH        equ	3850	;# 
   685   000F0B                     RXF2EIDL        equ	3851	;# 
   686   000F0C                     RXF3SIDH        equ	3852	;# 
   687   000F0D                     RXF3SIDL        equ	3853	;# 
   688   000F0E                     RXF3EIDH        equ	3854	;# 
   689   000F0F                     RXF3EIDL        equ	3855	;# 
   690   000F10                     RXF4SIDH        equ	3856	;# 
   691   000F11                     RXF4SIDL        equ	3857	;# 
   692   000F12                     RXF4EIDH        equ	3858	;# 
   693   000F13                     RXF4EIDL        equ	3859	;# 
   694   000F14                     RXF5SIDH        equ	3860	;# 
   695   000F15                     RXF5SIDL        equ	3861	;# 
   696   000F16                     RXF5EIDH        equ	3862	;# 
   697   000F17                     RXF5EIDL        equ	3863	;# 
   698   000F18                     RXM0SIDH        equ	3864	;# 
   699   000F19                     RXM0SIDL        equ	3865	;# 
   700   000F1A                     RXM0EIDH        equ	3866	;# 
   701   000F1B                     RXM0EIDL        equ	3867	;# 
   702   000F1C                     RXM1SIDH        equ	3868	;# 
   703   000F1D                     RXM1SIDL        equ	3869	;# 
   704   000F1E                     RXM1EIDH        equ	3870	;# 
   705   000F1F                     RXM1EIDL        equ	3871	;# 
   706   000F20                     TXB2CON         equ	3872	;# 
   707   000F21                     TXB2SIDH        equ	3873	;# 
   708   000F22                     TXB2SIDL        equ	3874	;# 
   709   000F23                     TXB2EIDH        equ	3875	;# 
   710   000F24                     TXB2EIDL        equ	3876	;# 
   711   000F25                     TXB2DLC         equ	3877	;# 
   712   000F26                     TXB2D0          equ	3878	;# 
   713   000F27                     TXB2D1          equ	3879	;# 
   714   000F28                     TXB2D2          equ	3880	;# 
   715   000F29                     TXB2D3          equ	3881	;# 
   716   000F2A                     TXB2D4          equ	3882	;# 
   717   000F2B                     TXB2D5          equ	3883	;# 
   718   000F2C                     TXB2D6          equ	3884	;# 
   719   000F2D                     TXB2D7          equ	3885	;# 
   720   000F2E                     CANSTAT_RO3     equ	3886	;# 
   721   000F2F                     CANCON_RO3      equ	3887	;# 
   722   000F30                     TXB1CON         equ	3888	;# 
   723   000F31                     TXB1SIDH        equ	3889	;# 
   724   000F32                     TXB1SIDL        equ	3890	;# 
   725   000F33                     TXB1EIDH        equ	3891	;# 
   726   000F34                     TXB1EIDL        equ	3892	;# 
   727   000F35                     TXB1DLC         equ	3893	;# 
   728   000F36                     TXB1D0          equ	3894	;# 
   729   000F37                     TXB1D1          equ	3895	;# 
   730   000F38                     TXB1D2          equ	3896	;# 
   731   000F39                     TXB1D3          equ	3897	;# 
   732   000F3A                     TXB1D4          equ	3898	;# 
   733   000F3B                     TXB1D5          equ	3899	;# 
   734   000F3C                     TXB1D6          equ	3900	;# 
   735   000F3D                     TXB1D7          equ	3901	;# 
   736   000F3E                     CANSTAT_RO2     equ	3902	;# 
   737   000F3F                     CANCON_RO2      equ	3903	;# 
   738   000F40                     TXB0CON         equ	3904	;# 
   739   000F41                     TXB0SIDH        equ	3905	;# 
   740   000F42                     TXB0SIDL        equ	3906	;# 
   741   000F43                     TXB0EIDH        equ	3907	;# 
   742   000F44                     TXB0EIDL        equ	3908	;# 
   743   000F45                     TXB0DLC         equ	3909	;# 
   744   000F46                     TXB0D0          equ	3910	;# 
   745   000F47                     TXB0D1          equ	3911	;# 
   746   000F48                     TXB0D2          equ	3912	;# 
   747   000F49                     TXB0D3          equ	3913	;# 
   748   000F4A                     TXB0D4          equ	3914	;# 
   749   000F4B                     TXB0D5          equ	3915	;# 
   750   000F4C                     TXB0D6          equ	3916	;# 
   751   000F4D                     TXB0D7          equ	3917	;# 
   752   000F4E                     CANSTAT_RO1     equ	3918	;# 
   753   000F4F                     CANCON_RO1      equ	3919	;# 
   754   000F50                     RXB1CON         equ	3920	;# 
   755   000F51                     RXB1SIDH        equ	3921	;# 
   756   000F52                     RXB1SIDL        equ	3922	;# 
   757   000F53                     RXB1EIDH        equ	3923	;# 
   758   000F54                     RXB1EIDL        equ	3924	;# 
   759   000F55                     RXB1DLC         equ	3925	;# 
   760   000F56                     RXB1D0          equ	3926	;# 
   761   000F57                     RXB1D1          equ	3927	;# 
   762   000F58                     RXB1D2          equ	3928	;# 
   763   000F59                     RXB1D3          equ	3929	;# 
   764   000F5A                     RXB1D4          equ	3930	;# 
   765   000F5B                     RXB1D5          equ	3931	;# 
   766   000F5C                     RXB1D6          equ	3932	;# 
   767   000F5D                     RXB1D7          equ	3933	;# 
   768   000F5E                     CANSTAT_RO0     equ	3934	;# 
   769   000F5F                     CANCON_RO0      equ	3935	;# 
   770   000F60                     RXB0CON         equ	3936	;# 
   771   000F61                     RXB0SIDH        equ	3937	;# 
   772   000F62                     RXB0SIDL        equ	3938	;# 
   773   000F63                     RXB0EIDH        equ	3939	;# 
   774   000F64                     RXB0EIDL        equ	3940	;# 
   775   000F65                     RXB0DLC         equ	3941	;# 
   776   000F66                     RXB0D0          equ	3942	;# 
   777   000F67                     RXB0D1          equ	3943	;# 
   778   000F68                     RXB0D2          equ	3944	;# 
   779   000F69                     RXB0D3          equ	3945	;# 
   780   000F6A                     RXB0D4          equ	3946	;# 
   781   000F6B                     RXB0D5          equ	3947	;# 
   782   000F6C                     RXB0D6          equ	3948	;# 
   783   000F6D                     RXB0D7          equ	3949	;# 
   784   000F6E                     CANSTAT         equ	3950	;# 
   785   000F6F                     CANCON          equ	3951	;# 
   786   000F70                     BRGCON1         equ	3952	;# 
   787   000F71                     BRGCON2         equ	3953	;# 
   788   000F72                     BRGCON3         equ	3954	;# 
   789   000F73                     CIOCON          equ	3955	;# 
   790   000F74                     COMSTAT         equ	3956	;# 
   791   000F75                     RXERRCNT        equ	3957	;# 
   792   000F76                     TXERRCNT        equ	3958	;# 
   793   000F77                     ECANCON         equ	3959	;# 
   794   000F80                     PORTA           equ	3968	;# 
   795   000F81                     PORTB           equ	3969	;# 
   796   000F82                     PORTC           equ	3970	;# 
   797   000F83                     PORTD           equ	3971	;# 
   798   000F84                     PORTE           equ	3972	;# 
   799   000F89                     LATA            equ	3977	;# 
   800   000F8A                     LATB            equ	3978	;# 
   801   000F8B                     LATC            equ	3979	;# 
   802   000F8C                     LATD            equ	3980	;# 
   803   000F8D                     LATE            equ	3981	;# 
   804   000F92                     TRISA           equ	3986	;# 
   805   000F92                     DDRA            equ	3986	;# 
   806   000F93                     TRISB           equ	3987	;# 
   807   000F93                     DDRB            equ	3987	;# 
   808   000F94                     TRISC           equ	3988	;# 
   809   000F94                     DDRC            equ	3988	;# 
   810   000F95                     TRISD           equ	3989	;# 
   811   000F95                     DDRD            equ	3989	;# 
   812   000F96                     TRISE           equ	3990	;# 
   813   000F96                     DDRE            equ	3990	;# 
   814   000F9B                     OSCTUNE         equ	3995	;# 
   815   000F9D                     PIE1            equ	3997	;# 
   816   000F9E                     PIR1            equ	3998	;# 
   817   000F9F                     IPR1            equ	3999	;# 
   818   000FA0                     PIE2            equ	4000	;# 
   819   000FA1                     PIR2            equ	4001	;# 
   820   000FA2                     IPR2            equ	4002	;# 
   821   000FA3                     PIE3            equ	4003	;# 
   822   000FA4                     PIR3            equ	4004	;# 
   823   000FA5                     IPR3            equ	4005	;# 
   824   000FA6                     EECON1          equ	4006	;# 
   825   000FA7                     EECON2          equ	4007	;# 
   826   000FA8                     EEDATA          equ	4008	;# 
   827   000FA9                     EEADR           equ	4009	;# 
   828   000FAB                     RCSTA           equ	4011	;# 
   829   000FAB                     RCSTA1          equ	4011	;# 
   830   000FAC                     TXSTA           equ	4012	;# 
   831   000FAC                     TXSTA1          equ	4012	;# 
   832   000FAD                     TXREG           equ	4013	;# 
   833   000FAD                     TXREG1          equ	4013	;# 
   834   000FAE                     RCREG           equ	4014	;# 
   835   000FAE                     RCREG1          equ	4014	;# 
   836   000FAF                     SPBRG           equ	4015	;# 
   837   000FAF                     SPBRG1          equ	4015	;# 
   838   000FB0                     SPBRGH          equ	4016	;# 
   839   000FB1                     T3CON           equ	4017	;# 
   840   000FB2                     TMR3            equ	4018	;# 
   841   000FB2                     TMR3L           equ	4018	;# 
   842   000FB3                     TMR3H           equ	4019	;# 
   843   000FB4                     CMCON           equ	4020	;# 
   844   000FB5                     CVRCON          equ	4021	;# 
   845   000FB6                     ECCP1AS         equ	4022	;# 
   846   000FB7                     ECCP1DEL        equ	4023	;# 
   847   000FB8                     BAUDCON         equ	4024	;# 
   848   000FB8                     BAUDCTL         equ	4024	;# 
   849   000FBA                     ECCP1CON        equ	4026	;# 
   850   000FBB                     ECCPR1          equ	4027	;# 
   851   000FBB                     ECCPR1L         equ	4027	;# 
   852   000FBC                     ECCPR1H         equ	4028	;# 
   853   000FBD                     CCP1CON         equ	4029	;# 
   854   000FBE                     CCPR1           equ	4030	;# 
   855   000FBE                     CCPR1L          equ	4030	;# 
   856   000FBF                     CCPR1H          equ	4031	;# 
   857   000FC0                     ADCON2          equ	4032	;# 
   858   000FC1                     ADCON1          equ	4033	;# 
   859   000FC2                     ADCON0          equ	4034	;# 
   860   000FC3                     ADRES           equ	4035	;# 
   861   000FC3                     ADRESL          equ	4035	;# 
   862   000FC4                     ADRESH          equ	4036	;# 
   863   000FC5                     SSPCON2         equ	4037	;# 
   864   000FC6                     SSPCON1         equ	4038	;# 
   865   000FC7                     SSPSTAT         equ	4039	;# 
   866   000FC8                     SSPADD          equ	4040	;# 
   867   000FC9                     SSPBUF          equ	4041	;# 
   868   000FCA                     T2CON           equ	4042	;# 
   869   000FCB                     PR2             equ	4043	;# 
   870   000FCB                     MEMCON          equ	4043	;# 
   871   000FCC                     TMR2            equ	4044	;# 
   872   000FCD                     T1CON           equ	4045	;# 
   873   000FCE                     TMR1            equ	4046	;# 
   874   000FCE                     TMR1L           equ	4046	;# 
   875   000FCF                     TMR1H           equ	4047	;# 
   876   000FD0                     RCON            equ	4048	;# 
   877   000FD1                     WDTCON          equ	4049	;# 
   878   000FD2                     HLVDCON         equ	4050	;# 
   879   000FD2                     LVDCON          equ	4050	;# 
   880   000FD3                     OSCCON          equ	4051	;# 
   881   000FD5                     T0CON           equ	4053	;# 
   882   000FD6                     TMR0            equ	4054	;# 
   883   000FD6                     TMR0L           equ	4054	;# 
   884   000FD7                     TMR0H           equ	4055	;# 
   885   000FD8                     STATUS          equ	4056	;# 
   886   000FD9                     FSR2            equ	4057	;# 
   887   000FD9                     FSR2L           equ	4057	;# 
   888   000FDA                     FSR2H           equ	4058	;# 
   889   000FDB                     PLUSW2          equ	4059	;# 
   890   000FDC                     PREINC2         equ	4060	;# 
   891   000FDD                     POSTDEC2        equ	4061	;# 
   892   000FDE                     POSTINC2        equ	4062	;# 
   893   000FDF                     INDF2           equ	4063	;# 
   894   000FE0                     BSR             equ	4064	;# 
   895   000FE1                     FSR1            equ	4065	;# 
   896   000FE1                     FSR1L           equ	4065	;# 
   897   000FE2                     FSR1H           equ	4066	;# 
   898   000FE3                     PLUSW1          equ	4067	;# 
   899   000FE4                     PREINC1         equ	4068	;# 
   900   000FE5                     POSTDEC1        equ	4069	;# 
   901   000FE6                     POSTINC1        equ	4070	;# 
   902   000FE7                     INDF1           equ	4071	;# 
   903   000FE8                     WREG            equ	4072	;# 
   904   000FE9                     FSR0            equ	4073	;# 
   905   000FE9                     FSR0L           equ	4073	;# 
   906   000FEA                     FSR0H           equ	4074	;# 
   907   000FEB                     PLUSW0          equ	4075	;# 
   908   000FEC                     PREINC0         equ	4076	;# 
   909   000FED                     POSTDEC0        equ	4077	;# 
   910   000FEE                     POSTINC0        equ	4078	;# 
   911   000FEF                     INDF0           equ	4079	;# 
   912   000FF0                     INTCON3         equ	4080	;# 
   913   000FF1                     INTCON2         equ	4081	;# 
   914   000FF2                     INTCON          equ	4082	;# 
   915   000FF3                     PROD            equ	4083	;# 
   916   000FF3                     PRODL           equ	4083	;# 
   917   000FF4                     PRODH           equ	4084	;# 
   918   000FF5                     TABLAT          equ	4085	;# 
   919   000FF6                     TBLPTR          equ	4086	;# 
   920   000FF6                     TBLPTRL         equ	4086	;# 
   921   000FF7                     TBLPTRH         equ	4087	;# 
   922   000FF8                     TBLPTRU         equ	4088	;# 
   923   000FF9                     PCLAT           equ	4089	;# 
   924   000FF9                     PC              equ	4089	;# 
   925   000FF9                     PCL             equ	4089	;# 
   926   000FFA                     PCLATH          equ	4090	;# 
   927   000FFB                     PCLATU          equ	4091	;# 
   928   000FFC                     STKPTR          equ	4092	;# 
   929   000FFD                     TOS             equ	4093	;# 
   930   000FFD                     TOSL            equ	4093	;# 
   931   000FFE                     TOSH            equ	4094	;# 
   932   000FFF                     TOSU            equ	4095	;# 
   933   000D60                     RXF6SIDH        equ	3424	;# 
   934   000D61                     RXF6SIDL        equ	3425	;# 
   935   000D62                     RXF6EIDH        equ	3426	;# 
   936   000D63                     RXF6EIDL        equ	3427	;# 
   937   000D64                     RXF7SIDH        equ	3428	;# 
   938   000D65                     RXF7SIDL        equ	3429	;# 
   939   000D66                     RXF7EIDH        equ	3430	;# 
   940   000D67                     RXF7EIDL        equ	3431	;# 
   941   000D68                     RXF8SIDH        equ	3432	;# 
   942   000D69                     RXF8SIDL        equ	3433	;# 
   943   000D6A                     RXF8EIDH        equ	3434	;# 
   944   000D6B                     RXF8EIDL        equ	3435	;# 
   945   000D70                     RXF9SIDH        equ	3440	;# 
   946   000D71                     RXF9SIDL        equ	3441	;# 
   947   000D72                     RXF9EIDH        equ	3442	;# 
   948   000D73                     RXF9EIDL        equ	3443	;# 
   949   000D74                     RXF10SIDH       equ	3444	;# 
   950   000D75                     RXF10SIDL       equ	3445	;# 
   951   000D76                     RXF10EIDH       equ	3446	;# 
   952   000D77                     RXF10EIDL       equ	3447	;# 
   953   000D78                     RXF11SIDH       equ	3448	;# 
   954   000D79                     RXF11SIDL       equ	3449	;# 
   955   000D7A                     RXF11EIDH       equ	3450	;# 
   956   000D7B                     RXF11EIDL       equ	3451	;# 
   957   000D80                     RXF12SIDH       equ	3456	;# 
   958   000D81                     RXF12SIDL       equ	3457	;# 
   959   000D82                     RXF12EIDH       equ	3458	;# 
   960   000D83                     RXF12EIDL       equ	3459	;# 
   961   000D84                     RXF13SIDH       equ	3460	;# 
   962   000D85                     RXF13SIDL       equ	3461	;# 
   963   000D86                     RXF13EIDH       equ	3462	;# 
   964   000D87                     RXF13EIDL       equ	3463	;# 
   965   000D88                     RXF14SIDH       equ	3464	;# 
   966   000D89                     RXF14SIDL       equ	3465	;# 
   967   000D8A                     RXF14EIDH       equ	3466	;# 
   968   000D8B                     RXF14EIDL       equ	3467	;# 
   969   000D90                     RXF15SIDH       equ	3472	;# 
   970   000D91                     RXF15SIDL       equ	3473	;# 
   971   000D92                     RXF15EIDH       equ	3474	;# 
   972   000D93                     RXF15EIDL       equ	3475	;# 
   973   000DD4                     RXFCON0         equ	3540	;# 
   974   000DD5                     RXFCON1         equ	3541	;# 
   975   000DD8                     SDFLC           equ	3544	;# 
   976   000DE0                     RXFBCON0        equ	3552	;# 
   977   000DE1                     RXFBCON1        equ	3553	;# 
   978   000DE2                     RXFBCON2        equ	3554	;# 
   979   000DE3                     RXFBCON3        equ	3555	;# 
   980   000DE4                     RXFBCON4        equ	3556	;# 
   981   000DE5                     RXFBCON5        equ	3557	;# 
   982   000DE6                     RXFBCON6        equ	3558	;# 
   983   000DE7                     RXFBCON7        equ	3559	;# 
   984   000DF0                     MSEL0           equ	3568	;# 
   985   000DF1                     MSEL1           equ	3569	;# 
   986   000DF2                     MSEL2           equ	3570	;# 
   987   000DF3                     MSEL3           equ	3571	;# 
   988   000DF8                     BSEL0           equ	3576	;# 
   989   000DFA                     BIE0            equ	3578	;# 
   990   000DFC                     TXBIE           equ	3580	;# 
   991   000E20                     B0CON           equ	3616	;# 
   992   000E21                     B0SIDH          equ	3617	;# 
   993   000E22                     B0SIDL          equ	3618	;# 
   994   000E23                     B0EIDH          equ	3619	;# 
   995   000E24                     B0EIDL          equ	3620	;# 
   996   000E25                     B0DLC           equ	3621	;# 
   997   000E26                     B0D0            equ	3622	;# 
   998   000E27                     B0D1            equ	3623	;# 
   999   000E28                     B0D2            equ	3624	;# 
  1000   000E29                     B0D3            equ	3625	;# 
  1001   000E2A                     B0D4            equ	3626	;# 
  1002   000E2B                     B0D5            equ	3627	;# 
  1003   000E2C                     B0D6            equ	3628	;# 
  1004   000E2D                     B0D7            equ	3629	;# 
  1005   000E2E                     CANSTAT_RO9     equ	3630	;# 
  1006   000E2F                     CANCON_RO9      equ	3631	;# 
  1007   000E30                     B1CON           equ	3632	;# 
  1008   000E31                     B1SIDH          equ	3633	;# 
  1009   000E32                     B1SIDL          equ	3634	;# 
  1010   000E33                     B1EIDH          equ	3635	;# 
  1011   000E34                     B1EIDL          equ	3636	;# 
  1012   000E35                     B1DLC           equ	3637	;# 
  1013   000E36                     B1D0            equ	3638	;# 
  1014   000E37                     B1D1            equ	3639	;# 
  1015   000E38                     B1D2            equ	3640	;# 
  1016   000E39                     B1D3            equ	3641	;# 
  1017   000E3A                     B1D4            equ	3642	;# 
  1018   000E3B                     B1D5            equ	3643	;# 
  1019   000E3C                     B1D6            equ	3644	;# 
  1020   000E3D                     B1D7            equ	3645	;# 
  1021   000E3E                     CANSTAT_RO8     equ	3646	;# 
  1022   000E3F                     CANCON_RO8      equ	3647	;# 
  1023   000E40                     B2CON           equ	3648	;# 
  1024   000E41                     B2SIDH          equ	3649	;# 
  1025   000E42                     B2SIDL          equ	3650	;# 
  1026   000E43                     B2EIDH          equ	3651	;# 
  1027   000E44                     B2EIDL          equ	3652	;# 
  1028   000E45                     B2DLC           equ	3653	;# 
  1029   000E46                     B2D0            equ	3654	;# 
  1030   000E47                     B2D1            equ	3655	;# 
  1031   000E48                     B2D2            equ	3656	;# 
  1032   000E49                     B2D3            equ	3657	;# 
  1033   000E4A                     B2D4            equ	3658	;# 
  1034   000E4B                     B2D5            equ	3659	;# 
  1035   000E4C                     B2D6            equ	3660	;# 
  1036   000E4D                     B2D7            equ	3661	;# 
  1037   000E4E                     CANSTAT_RO7     equ	3662	;# 
  1038   000E4F                     CANCON_RO7      equ	3663	;# 
  1039   000E50                     B3CON           equ	3664	;# 
  1040   000E51                     B3SIDH          equ	3665	;# 
  1041   000E52                     B3SIDL          equ	3666	;# 
  1042   000E53                     B3EIDH          equ	3667	;# 
  1043   000E54                     B3EIDL          equ	3668	;# 
  1044   000E55                     B3DLC           equ	3669	;# 
  1045   000E56                     B3D0            equ	3670	;# 
  1046   000E57                     B3D1            equ	3671	;# 
  1047   000E58                     B3D2            equ	3672	;# 
  1048   000E59                     B3D3            equ	3673	;# 
  1049   000E5A                     B3D4            equ	3674	;# 
  1050   000E5B                     B3D5            equ	3675	;# 
  1051   000E5C                     B3D6            equ	3676	;# 
  1052   000E5D                     B3D7            equ	3677	;# 
  1053   000E5E                     CANSTAT_RO6     equ	3678	;# 
  1054   000E5F                     CANCON_RO6      equ	3679	;# 
  1055   000E60                     B4CON           equ	3680	;# 
  1056   000E61                     B4SIDH          equ	3681	;# 
  1057   000E62                     B4SIDL          equ	3682	;# 
  1058   000E63                     B4EIDH          equ	3683	;# 
  1059   000E64                     B4EIDL          equ	3684	;# 
  1060   000E65                     B4DLC           equ	3685	;# 
  1061   000E66                     B4D0            equ	3686	;# 
  1062   000E67                     B4D1            equ	3687	;# 
  1063   000E68                     B4D2            equ	3688	;# 
  1064   000E69                     B4D3            equ	3689	;# 
  1065   000E6A                     B4D4            equ	3690	;# 
  1066   000E6B                     B4D5            equ	3691	;# 
  1067   000E6C                     B4D6            equ	3692	;# 
  1068   000E6D                     B4D7            equ	3693	;# 
  1069   000E6E                     CANSTAT_RO5     equ	3694	;# 
  1070   000E6F                     CANCON_RO5      equ	3695	;# 
  1071   000E70                     B5CON           equ	3696	;# 
  1072   000E71                     B5SIDH          equ	3697	;# 
  1073   000E72                     B5SIDL          equ	3698	;# 
  1074   000E73                     B5EIDH          equ	3699	;# 
  1075   000E74                     B5EIDL          equ	3700	;# 
  1076   000E75                     B5DLC           equ	3701	;# 
  1077   000E76                     B5D0            equ	3702	;# 
  1078   000E77                     B5D1            equ	3703	;# 
  1079   000E78                     B5D2            equ	3704	;# 
  1080   000E79                     B5D3            equ	3705	;# 
  1081   000E7A                     B5D4            equ	3706	;# 
  1082   000E7B                     B5D5            equ	3707	;# 
  1083   000E7C                     B5D6            equ	3708	;# 
  1084   000E7D                     B5D7            equ	3709	;# 
  1085   000E7E                     CANSTAT_RO4     equ	3710	;# 
  1086   000E7F                     CANCON_RO4      equ	3711	;# 
  1087   000F00                     RXF0SIDH        equ	3840	;# 
  1088   000F01                     RXF0SIDL        equ	3841	;# 
  1089   000F02                     RXF0EIDH        equ	3842	;# 
  1090   000F03                     RXF0EIDL        equ	3843	;# 
  1091   000F04                     RXF1SIDH        equ	3844	;# 
  1092   000F05                     RXF1SIDL        equ	3845	;# 
  1093   000F06                     RXF1EIDH        equ	3846	;# 
  1094   000F07                     RXF1EIDL        equ	3847	;# 
  1095   000F08                     RXF2SIDH        equ	3848	;# 
  1096   000F09                     RXF2SIDL        equ	3849	;# 
  1097   000F0A                     RXF2EIDH        equ	3850	;# 
  1098   000F0B                     RXF2EIDL        equ	3851	;# 
  1099   000F0C                     RXF3SIDH        equ	3852	;# 
  1100   000F0D                     RXF3SIDL        equ	3853	;# 
  1101   000F0E                     RXF3EIDH        equ	3854	;# 
  1102   000F0F                     RXF3EIDL        equ	3855	;# 
  1103   000F10                     RXF4SIDH        equ	3856	;# 
  1104   000F11                     RXF4SIDL        equ	3857	;# 
  1105   000F12                     RXF4EIDH        equ	3858	;# 
  1106   000F13                     RXF4EIDL        equ	3859	;# 
  1107   000F14                     RXF5SIDH        equ	3860	;# 
  1108   000F15                     RXF5SIDL        equ	3861	;# 
  1109   000F16                     RXF5EIDH        equ	3862	;# 
  1110   000F17                     RXF5EIDL        equ	3863	;# 
  1111   000F18                     RXM0SIDH        equ	3864	;# 
  1112   000F19                     RXM0SIDL        equ	3865	;# 
  1113   000F1A                     RXM0EIDH        equ	3866	;# 
  1114   000F1B                     RXM0EIDL        equ	3867	;# 
  1115   000F1C                     RXM1SIDH        equ	3868	;# 
  1116   000F1D                     RXM1SIDL        equ	3869	;# 
  1117   000F1E                     RXM1EIDH        equ	3870	;# 
  1118   000F1F                     RXM1EIDL        equ	3871	;# 
  1119   000F20                     TXB2CON         equ	3872	;# 
  1120   000F21                     TXB2SIDH        equ	3873	;# 
  1121   000F22                     TXB2SIDL        equ	3874	;# 
  1122   000F23                     TXB2EIDH        equ	3875	;# 
  1123   000F24                     TXB2EIDL        equ	3876	;# 
  1124   000F25                     TXB2DLC         equ	3877	;# 
  1125   000F26                     TXB2D0          equ	3878	;# 
  1126   000F27                     TXB2D1          equ	3879	;# 
  1127   000F28                     TXB2D2          equ	3880	;# 
  1128   000F29                     TXB2D3          equ	3881	;# 
  1129   000F2A                     TXB2D4          equ	3882	;# 
  1130   000F2B                     TXB2D5          equ	3883	;# 
  1131   000F2C                     TXB2D6          equ	3884	;# 
  1132   000F2D                     TXB2D7          equ	3885	;# 
  1133   000F2E                     CANSTAT_RO3     equ	3886	;# 
  1134   000F2F                     CANCON_RO3      equ	3887	;# 
  1135   000F30                     TXB1CON         equ	3888	;# 
  1136   000F31                     TXB1SIDH        equ	3889	;# 
  1137   000F32                     TXB1SIDL        equ	3890	;# 
  1138   000F33                     TXB1EIDH        equ	3891	;# 
  1139   000F34                     TXB1EIDL        equ	3892	;# 
  1140   000F35                     TXB1DLC         equ	3893	;# 
  1141   000F36                     TXB1D0          equ	3894	;# 
  1142   000F37                     TXB1D1          equ	3895	;# 
  1143   000F38                     TXB1D2          equ	3896	;# 
  1144   000F39                     TXB1D3          equ	3897	;# 
  1145   000F3A                     TXB1D4          equ	3898	;# 
  1146   000F3B                     TXB1D5          equ	3899	;# 
  1147   000F3C                     TXB1D6          equ	3900	;# 
  1148   000F3D                     TXB1D7          equ	3901	;# 
  1149   000F3E                     CANSTAT_RO2     equ	3902	;# 
  1150   000F3F                     CANCON_RO2      equ	3903	;# 
  1151   000F40                     TXB0CON         equ	3904	;# 
  1152   000F41                     TXB0SIDH        equ	3905	;# 
  1153   000F42                     TXB0SIDL        equ	3906	;# 
  1154   000F43                     TXB0EIDH        equ	3907	;# 
  1155   000F44                     TXB0EIDL        equ	3908	;# 
  1156   000F45                     TXB0DLC         equ	3909	;# 
  1157   000F46                     TXB0D0          equ	3910	;# 
  1158   000F47                     TXB0D1          equ	3911	;# 
  1159   000F48                     TXB0D2          equ	3912	;# 
  1160   000F49                     TXB0D3          equ	3913	;# 
  1161   000F4A                     TXB0D4          equ	3914	;# 
  1162   000F4B                     TXB0D5          equ	3915	;# 
  1163   000F4C                     TXB0D6          equ	3916	;# 
  1164   000F4D                     TXB0D7          equ	3917	;# 
  1165   000F4E                     CANSTAT_RO1     equ	3918	;# 
  1166   000F4F                     CANCON_RO1      equ	3919	;# 
  1167   000F50                     RXB1CON         equ	3920	;# 
  1168   000F51                     RXB1SIDH        equ	3921	;# 
  1169   000F52                     RXB1SIDL        equ	3922	;# 
  1170   000F53                     RXB1EIDH        equ	3923	;# 
  1171   000F54                     RXB1EIDL        equ	3924	;# 
  1172   000F55                     RXB1DLC         equ	3925	;# 
  1173   000F56                     RXB1D0          equ	3926	;# 
  1174   000F57                     RXB1D1          equ	3927	;# 
  1175   000F58                     RXB1D2          equ	3928	;# 
  1176   000F59                     RXB1D3          equ	3929	;# 
  1177   000F5A                     RXB1D4          equ	3930	;# 
  1178   000F5B                     RXB1D5          equ	3931	;# 
  1179   000F5C                     RXB1D6          equ	3932	;# 
  1180   000F5D                     RXB1D7          equ	3933	;# 
  1181   000F5E                     CANSTAT_RO0     equ	3934	;# 
  1182   000F5F                     CANCON_RO0      equ	3935	;# 
  1183   000F60                     RXB0CON         equ	3936	;# 
  1184   000F61                     RXB0SIDH        equ	3937	;# 
  1185   000F62                     RXB0SIDL        equ	3938	;# 
  1186   000F63                     RXB0EIDH        equ	3939	;# 
  1187   000F64                     RXB0EIDL        equ	3940	;# 
  1188   000F65                     RXB0DLC         equ	3941	;# 
  1189   000F66                     RXB0D0          equ	3942	;# 
  1190   000F67                     RXB0D1          equ	3943	;# 
  1191   000F68                     RXB0D2          equ	3944	;# 
  1192   000F69                     RXB0D3          equ	3945	;# 
  1193   000F6A                     RXB0D4          equ	3946	;# 
  1194   000F6B                     RXB0D5          equ	3947	;# 
  1195   000F6C                     RXB0D6          equ	3948	;# 
  1196   000F6D                     RXB0D7          equ	3949	;# 
  1197   000F6E                     CANSTAT         equ	3950	;# 
  1198   000F6F                     CANCON          equ	3951	;# 
  1199   000F70                     BRGCON1         equ	3952	;# 
  1200   000F71                     BRGCON2         equ	3953	;# 
  1201   000F72                     BRGCON3         equ	3954	;# 
  1202   000F73                     CIOCON          equ	3955	;# 
  1203   000F74                     COMSTAT         equ	3956	;# 
  1204   000F75                     RXERRCNT        equ	3957	;# 
  1205   000F76                     TXERRCNT        equ	3958	;# 
  1206   000F77                     ECANCON         equ	3959	;# 
  1207   000F80                     PORTA           equ	3968	;# 
  1208   000F81                     PORTB           equ	3969	;# 
  1209   000F82                     PORTC           equ	3970	;# 
  1210   000F83                     PORTD           equ	3971	;# 
  1211   000F84                     PORTE           equ	3972	;# 
  1212   000F89                     LATA            equ	3977	;# 
  1213   000F8A                     LATB            equ	3978	;# 
  1214   000F8B                     LATC            equ	3979	;# 
  1215   000F8C                     LATD            equ	3980	;# 
  1216   000F8D                     LATE            equ	3981	;# 
  1217   000F92                     TRISA           equ	3986	;# 
  1218   000F92                     DDRA            equ	3986	;# 
  1219   000F93                     TRISB           equ	3987	;# 
  1220   000F93                     DDRB            equ	3987	;# 
  1221   000F94                     TRISC           equ	3988	;# 
  1222   000F94                     DDRC            equ	3988	;# 
  1223   000F95                     TRISD           equ	3989	;# 
  1224   000F95                     DDRD            equ	3989	;# 
  1225   000F96                     TRISE           equ	3990	;# 
  1226   000F96                     DDRE            equ	3990	;# 
  1227   000F9B                     OSCTUNE         equ	3995	;# 
  1228   000F9D                     PIE1            equ	3997	;# 
  1229   000F9E                     PIR1            equ	3998	;# 
  1230   000F9F                     IPR1            equ	3999	;# 
  1231   000FA0                     PIE2            equ	4000	;# 
  1232   000FA1                     PIR2            equ	4001	;# 
  1233   000FA2                     IPR2            equ	4002	;# 
  1234   000FA3                     PIE3            equ	4003	;# 
  1235   000FA4                     PIR3            equ	4004	;# 
  1236   000FA5                     IPR3            equ	4005	;# 
  1237   000FA6                     EECON1          equ	4006	;# 
  1238   000FA7                     EECON2          equ	4007	;# 
  1239   000FA8                     EEDATA          equ	4008	;# 
  1240   000FA9                     EEADR           equ	4009	;# 
  1241   000FAB                     RCSTA           equ	4011	;# 
  1242   000FAB                     RCSTA1          equ	4011	;# 
  1243   000FAC                     TXSTA           equ	4012	;# 
  1244   000FAC                     TXSTA1          equ	4012	;# 
  1245   000FAD                     TXREG           equ	4013	;# 
  1246   000FAD                     TXREG1          equ	4013	;# 
  1247   000FAE                     RCREG           equ	4014	;# 
  1248   000FAE                     RCREG1          equ	4014	;# 
  1249   000FAF                     SPBRG           equ	4015	;# 
  1250   000FAF                     SPBRG1          equ	4015	;# 
  1251   000FB0                     SPBRGH          equ	4016	;# 
  1252   000FB1                     T3CON           equ	4017	;# 
  1253   000FB2                     TMR3            equ	4018	;# 
  1254   000FB2                     TMR3L           equ	4018	;# 
  1255   000FB3                     TMR3H           equ	4019	;# 
  1256   000FB4                     CMCON           equ	4020	;# 
  1257   000FB5                     CVRCON          equ	4021	;# 
  1258   000FB6                     ECCP1AS         equ	4022	;# 
  1259   000FB7                     ECCP1DEL        equ	4023	;# 
  1260   000FB8                     BAUDCON         equ	4024	;# 
  1261   000FB8                     BAUDCTL         equ	4024	;# 
  1262   000FBA                     ECCP1CON        equ	4026	;# 
  1263   000FBB                     ECCPR1          equ	4027	;# 
  1264   000FBB                     ECCPR1L         equ	4027	;# 
  1265   000FBC                     ECCPR1H         equ	4028	;# 
  1266   000FBD                     CCP1CON         equ	4029	;# 
  1267   000FBE                     CCPR1           equ	4030	;# 
  1268   000FBE                     CCPR1L          equ	4030	;# 
  1269   000FBF                     CCPR1H          equ	4031	;# 
  1270   000FC0                     ADCON2          equ	4032	;# 
  1271   000FC1                     ADCON1          equ	4033	;# 
  1272   000FC2                     ADCON0          equ	4034	;# 
  1273   000FC3                     ADRES           equ	4035	;# 
  1274   000FC3                     ADRESL          equ	4035	;# 
  1275   000FC4                     ADRESH          equ	4036	;# 
  1276   000FC5                     SSPCON2         equ	4037	;# 
  1277   000FC6                     SSPCON1         equ	4038	;# 
  1278   000FC7                     SSPSTAT         equ	4039	;# 
  1279   000FC8                     SSPADD          equ	4040	;# 
  1280   000FC9                     SSPBUF          equ	4041	;# 
  1281   000FCA                     T2CON           equ	4042	;# 
  1282   000FCB                     PR2             equ	4043	;# 
  1283   000FCB                     MEMCON          equ	4043	;# 
  1284   000FCC                     TMR2            equ	4044	;# 
  1285   000FCD                     T1CON           equ	4045	;# 
  1286   000FCE                     TMR1            equ	4046	;# 
  1287   000FCE                     TMR1L           equ	4046	;# 
  1288   000FCF                     TMR1H           equ	4047	;# 
  1289   000FD0                     RCON            equ	4048	;# 
  1290   000FD1                     WDTCON          equ	4049	;# 
  1291   000FD2                     HLVDCON         equ	4050	;# 
  1292   000FD2                     LVDCON          equ	4050	;# 
  1293   000FD3                     OSCCON          equ	4051	;# 
  1294   000FD5                     T0CON           equ	4053	;# 
  1295   000FD6                     TMR0            equ	4054	;# 
  1296   000FD6                     TMR0L           equ	4054	;# 
  1297   000FD7                     TMR0H           equ	4055	;# 
  1298   000FD8                     STATUS          equ	4056	;# 
  1299   000FD9                     FSR2            equ	4057	;# 
  1300   000FD9                     FSR2L           equ	4057	;# 
  1301   000FDA                     FSR2H           equ	4058	;# 
  1302   000FDB                     PLUSW2          equ	4059	;# 
  1303   000FDC                     PREINC2         equ	4060	;# 
  1304   000FDD                     POSTDEC2        equ	4061	;# 
  1305   000FDE                     POSTINC2        equ	4062	;# 
  1306   000FDF                     INDF2           equ	4063	;# 
  1307   000FE0                     BSR             equ	4064	;# 
  1308   000FE1                     FSR1            equ	4065	;# 
  1309   000FE1                     FSR1L           equ	4065	;# 
  1310   000FE2                     FSR1H           equ	4066	;# 
  1311   000FE3                     PLUSW1          equ	4067	;# 
  1312   000FE4                     PREINC1         equ	4068	;# 
  1313   000FE5                     POSTDEC1        equ	4069	;# 
  1314   000FE6                     POSTINC1        equ	4070	;# 
  1315   000FE7                     INDF1           equ	4071	;# 
  1316   000FE8                     WREG            equ	4072	;# 
  1317   000FE9                     FSR0            equ	4073	;# 
  1318   000FE9                     FSR0L           equ	4073	;# 
  1319   000FEA                     FSR0H           equ	4074	;# 
  1320   000FEB                     PLUSW0          equ	4075	;# 
  1321   000FEC                     PREINC0         equ	4076	;# 
  1322   000FED                     POSTDEC0        equ	4077	;# 
  1323   000FEE                     POSTINC0        equ	4078	;# 
  1324   000FEF                     INDF0           equ	4079	;# 
  1325   000FF0                     INTCON3         equ	4080	;# 
  1326   000FF1                     INTCON2         equ	4081	;# 
  1327   000FF2                     INTCON          equ	4082	;# 
  1328   000FF3                     PROD            equ	4083	;# 
  1329   000FF3                     PRODL           equ	4083	;# 
  1330   000FF4                     PRODH           equ	4084	;# 
  1331   000FF5                     TABLAT          equ	4085	;# 
  1332   000FF6                     TBLPTR          equ	4086	;# 
  1333   000FF6                     TBLPTRL         equ	4086	;# 
  1334   000FF7                     TBLPTRH         equ	4087	;# 
  1335   000FF8                     TBLPTRU         equ	4088	;# 
  1336   000FF9                     PCLAT           equ	4089	;# 
  1337   000FF9                     PC              equ	4089	;# 
  1338   000FF9                     PCL             equ	4089	;# 
  1339   000FFA                     PCLATH          equ	4090	;# 
  1340   000FFB                     PCLATU          equ	4091	;# 
  1341   000FFC                     STKPTR          equ	4092	;# 
  1342   000FFD                     TOS             equ	4093	;# 
  1343   000FFD                     TOSL            equ	4093	;# 
  1344   000FFE                     TOSH            equ	4094	;# 
  1345   000FFF                     TOSU            equ	4095	;# 
  1346   000D60                     RXF6SIDH        equ	3424	;# 
  1347   000D61                     RXF6SIDL        equ	3425	;# 
  1348   000D62                     RXF6EIDH        equ	3426	;# 
  1349   000D63                     RXF6EIDL        equ	3427	;# 
  1350   000D64                     RXF7SIDH        equ	3428	;# 
  1351   000D65                     RXF7SIDL        equ	3429	;# 
  1352   000D66                     RXF7EIDH        equ	3430	;# 
  1353   000D67                     RXF7EIDL        equ	3431	;# 
  1354   000D68                     RXF8SIDH        equ	3432	;# 
  1355   000D69                     RXF8SIDL        equ	3433	;# 
  1356   000D6A                     RXF8EIDH        equ	3434	;# 
  1357   000D6B                     RXF8EIDL        equ	3435	;# 
  1358   000D70                     RXF9SIDH        equ	3440	;# 
  1359   000D71                     RXF9SIDL        equ	3441	;# 
  1360   000D72                     RXF9EIDH        equ	3442	;# 
  1361   000D73                     RXF9EIDL        equ	3443	;# 
  1362   000D74                     RXF10SIDH       equ	3444	;# 
  1363   000D75                     RXF10SIDL       equ	3445	;# 
  1364   000D76                     RXF10EIDH       equ	3446	;# 
  1365   000D77                     RXF10EIDL       equ	3447	;# 
  1366   000D78                     RXF11SIDH       equ	3448	;# 
  1367   000D79                     RXF11SIDL       equ	3449	;# 
  1368   000D7A                     RXF11EIDH       equ	3450	;# 
  1369   000D7B                     RXF11EIDL       equ	3451	;# 
  1370   000D80                     RXF12SIDH       equ	3456	;# 
  1371   000D81                     RXF12SIDL       equ	3457	;# 
  1372   000D82                     RXF12EIDH       equ	3458	;# 
  1373   000D83                     RXF12EIDL       equ	3459	;# 
  1374   000D84                     RXF13SIDH       equ	3460	;# 
  1375   000D85                     RXF13SIDL       equ	3461	;# 
  1376   000D86                     RXF13EIDH       equ	3462	;# 
  1377   000D87                     RXF13EIDL       equ	3463	;# 
  1378   000D88                     RXF14SIDH       equ	3464	;# 
  1379   000D89                     RXF14SIDL       equ	3465	;# 
  1380   000D8A                     RXF14EIDH       equ	3466	;# 
  1381   000D8B                     RXF14EIDL       equ	3467	;# 
  1382   000D90                     RXF15SIDH       equ	3472	;# 
  1383   000D91                     RXF15SIDL       equ	3473	;# 
  1384   000D92                     RXF15EIDH       equ	3474	;# 
  1385   000D93                     RXF15EIDL       equ	3475	;# 
  1386   000DD4                     RXFCON0         equ	3540	;# 
  1387   000DD5                     RXFCON1         equ	3541	;# 
  1388   000DD8                     SDFLC           equ	3544	;# 
  1389   000DE0                     RXFBCON0        equ	3552	;# 
  1390   000DE1                     RXFBCON1        equ	3553	;# 
  1391   000DE2                     RXFBCON2        equ	3554	;# 
  1392   000DE3                     RXFBCON3        equ	3555	;# 
  1393   000DE4                     RXFBCON4        equ	3556	;# 
  1394   000DE5                     RXFBCON5        equ	3557	;# 
  1395   000DE6                     RXFBCON6        equ	3558	;# 
  1396   000DE7                     RXFBCON7        equ	3559	;# 
  1397   000DF0                     MSEL0           equ	3568	;# 
  1398   000DF1                     MSEL1           equ	3569	;# 
  1399   000DF2                     MSEL2           equ	3570	;# 
  1400   000DF3                     MSEL3           equ	3571	;# 
  1401   000DF8                     BSEL0           equ	3576	;# 
  1402   000DFA                     BIE0            equ	3578	;# 
  1403   000DFC                     TXBIE           equ	3580	;# 
  1404   000E20                     B0CON           equ	3616	;# 
  1405   000E21                     B0SIDH          equ	3617	;# 
  1406   000E22                     B0SIDL          equ	3618	;# 
  1407   000E23                     B0EIDH          equ	3619	;# 
  1408   000E24                     B0EIDL          equ	3620	;# 
  1409   000E25                     B0DLC           equ	3621	;# 
  1410   000E26                     B0D0            equ	3622	;# 
  1411   000E27                     B0D1            equ	3623	;# 
  1412   000E28                     B0D2            equ	3624	;# 
  1413   000E29                     B0D3            equ	3625	;# 
  1414   000E2A                     B0D4            equ	3626	;# 
  1415   000E2B                     B0D5            equ	3627	;# 
  1416   000E2C                     B0D6            equ	3628	;# 
  1417   000E2D                     B0D7            equ	3629	;# 
  1418   000E2E                     CANSTAT_RO9     equ	3630	;# 
  1419   000E2F                     CANCON_RO9      equ	3631	;# 
  1420   000E30                     B1CON           equ	3632	;# 
  1421   000E31                     B1SIDH          equ	3633	;# 
  1422   000E32                     B1SIDL          equ	3634	;# 
  1423   000E33                     B1EIDH          equ	3635	;# 
  1424   000E34                     B1EIDL          equ	3636	;# 
  1425   000E35                     B1DLC           equ	3637	;# 
  1426   000E36                     B1D0            equ	3638	;# 
  1427   000E37                     B1D1            equ	3639	;# 
  1428   000E38                     B1D2            equ	3640	;# 
  1429   000E39                     B1D3            equ	3641	;# 
  1430   000E3A                     B1D4            equ	3642	;# 
  1431   000E3B                     B1D5            equ	3643	;# 
  1432   000E3C                     B1D6            equ	3644	;# 
  1433   000E3D                     B1D7            equ	3645	;# 
  1434   000E3E                     CANSTAT_RO8     equ	3646	;# 
  1435   000E3F                     CANCON_RO8      equ	3647	;# 
  1436   000E40                     B2CON           equ	3648	;# 
  1437   000E41                     B2SIDH          equ	3649	;# 
  1438   000E42                     B2SIDL          equ	3650	;# 
  1439   000E43                     B2EIDH          equ	3651	;# 
  1440   000E44                     B2EIDL          equ	3652	;# 
  1441   000E45                     B2DLC           equ	3653	;# 
  1442   000E46                     B2D0            equ	3654	;# 
  1443   000E47                     B2D1            equ	3655	;# 
  1444   000E48                     B2D2            equ	3656	;# 
  1445   000E49                     B2D3            equ	3657	;# 
  1446   000E4A                     B2D4            equ	3658	;# 
  1447   000E4B                     B2D5            equ	3659	;# 
  1448   000E4C                     B2D6            equ	3660	;# 
  1449   000E4D                     B2D7            equ	3661	;# 
  1450   000E4E                     CANSTAT_RO7     equ	3662	;# 
  1451   000E4F                     CANCON_RO7      equ	3663	;# 
  1452   000E50                     B3CON           equ	3664	;# 
  1453   000E51                     B3SIDH          equ	3665	;# 
  1454   000E52                     B3SIDL          equ	3666	;# 
  1455   000E53                     B3EIDH          equ	3667	;# 
  1456   000E54                     B3EIDL          equ	3668	;# 
  1457   000E55                     B3DLC           equ	3669	;# 
  1458   000E56                     B3D0            equ	3670	;# 
  1459   000E57                     B3D1            equ	3671	;# 
  1460   000E58                     B3D2            equ	3672	;# 
  1461   000E59                     B3D3            equ	3673	;# 
  1462   000E5A                     B3D4            equ	3674	;# 
  1463   000E5B                     B3D5            equ	3675	;# 
  1464   000E5C                     B3D6            equ	3676	;# 
  1465   000E5D                     B3D7            equ	3677	;# 
  1466   000E5E                     CANSTAT_RO6     equ	3678	;# 
  1467   000E5F                     CANCON_RO6      equ	3679	;# 
  1468   000E60                     B4CON           equ	3680	;# 
  1469   000E61                     B4SIDH          equ	3681	;# 
  1470   000E62                     B4SIDL          equ	3682	;# 
  1471   000E63                     B4EIDH          equ	3683	;# 
  1472   000E64                     B4EIDL          equ	3684	;# 
  1473   000E65                     B4DLC           equ	3685	;# 
  1474   000E66                     B4D0            equ	3686	;# 
  1475   000E67                     B4D1            equ	3687	;# 
  1476   000E68                     B4D2            equ	3688	;# 
  1477   000E69                     B4D3            equ	3689	;# 
  1478   000E6A                     B4D4            equ	3690	;# 
  1479   000E6B                     B4D5            equ	3691	;# 
  1480   000E6C                     B4D6            equ	3692	;# 
  1481   000E6D                     B4D7            equ	3693	;# 
  1482   000E6E                     CANSTAT_RO5     equ	3694	;# 
  1483   000E6F                     CANCON_RO5      equ	3695	;# 
  1484   000E70                     B5CON           equ	3696	;# 
  1485   000E71                     B5SIDH          equ	3697	;# 
  1486   000E72                     B5SIDL          equ	3698	;# 
  1487   000E73                     B5EIDH          equ	3699	;# 
  1488   000E74                     B5EIDL          equ	3700	;# 
  1489   000E75                     B5DLC           equ	3701	;# 
  1490   000E76                     B5D0            equ	3702	;# 
  1491   000E77                     B5D1            equ	3703	;# 
  1492   000E78                     B5D2            equ	3704	;# 
  1493   000E79                     B5D3            equ	3705	;# 
  1494   000E7A                     B5D4            equ	3706	;# 
  1495   000E7B                     B5D5            equ	3707	;# 
  1496   000E7C                     B5D6            equ	3708	;# 
  1497   000E7D                     B5D7            equ	3709	;# 
  1498   000E7E                     CANSTAT_RO4     equ	3710	;# 
  1499   000E7F                     CANCON_RO4      equ	3711	;# 
  1500   000F00                     RXF0SIDH        equ	3840	;# 
  1501   000F01                     RXF0SIDL        equ	3841	;# 
  1502   000F02                     RXF0EIDH        equ	3842	;# 
  1503   000F03                     RXF0EIDL        equ	3843	;# 
  1504   000F04                     RXF1SIDH        equ	3844	;# 
  1505   000F05                     RXF1SIDL        equ	3845	;# 
  1506   000F06                     RXF1EIDH        equ	3846	;# 
  1507   000F07                     RXF1EIDL        equ	3847	;# 
  1508   000F08                     RXF2SIDH        equ	3848	;# 
  1509   000F09                     RXF2SIDL        equ	3849	;# 
  1510   000F0A                     RXF2EIDH        equ	3850	;# 
  1511   000F0B                     RXF2EIDL        equ	3851	;# 
  1512   000F0C                     RXF3SIDH        equ	3852	;# 
  1513   000F0D                     RXF3SIDL        equ	3853	;# 
  1514   000F0E                     RXF3EIDH        equ	3854	;# 
  1515   000F0F                     RXF3EIDL        equ	3855	;# 
  1516   000F10                     RXF4SIDH        equ	3856	;# 
  1517   000F11                     RXF4SIDL        equ	3857	;# 
  1518   000F12                     RXF4EIDH        equ	3858	;# 
  1519   000F13                     RXF4EIDL        equ	3859	;# 
  1520   000F14                     RXF5SIDH        equ	3860	;# 
  1521   000F15                     RXF5SIDL        equ	3861	;# 
  1522   000F16                     RXF5EIDH        equ	3862	;# 
  1523   000F17                     RXF5EIDL        equ	3863	;# 
  1524   000F18                     RXM0SIDH        equ	3864	;# 
  1525   000F19                     RXM0SIDL        equ	3865	;# 
  1526   000F1A                     RXM0EIDH        equ	3866	;# 
  1527   000F1B                     RXM0EIDL        equ	3867	;# 
  1528   000F1C                     RXM1SIDH        equ	3868	;# 
  1529   000F1D                     RXM1SIDL        equ	3869	;# 
  1530   000F1E                     RXM1EIDH        equ	3870	;# 
  1531   000F1F                     RXM1EIDL        equ	3871	;# 
  1532   000F20                     TXB2CON         equ	3872	;# 
  1533   000F21                     TXB2SIDH        equ	3873	;# 
  1534   000F22                     TXB2SIDL        equ	3874	;# 
  1535   000F23                     TXB2EIDH        equ	3875	;# 
  1536   000F24                     TXB2EIDL        equ	3876	;# 
  1537   000F25                     TXB2DLC         equ	3877	;# 
  1538   000F26                     TXB2D0          equ	3878	;# 
  1539   000F27                     TXB2D1          equ	3879	;# 
  1540   000F28                     TXB2D2          equ	3880	;# 
  1541   000F29                     TXB2D3          equ	3881	;# 
  1542   000F2A                     TXB2D4          equ	3882	;# 
  1543   000F2B                     TXB2D5          equ	3883	;# 
  1544   000F2C                     TXB2D6          equ	3884	;# 
  1545   000F2D                     TXB2D7          equ	3885	;# 
  1546   000F2E                     CANSTAT_RO3     equ	3886	;# 
  1547   000F2F                     CANCON_RO3      equ	3887	;# 
  1548   000F30                     TXB1CON         equ	3888	;# 
  1549   000F31                     TXB1SIDH        equ	3889	;# 
  1550   000F32                     TXB1SIDL        equ	3890	;# 
  1551   000F33                     TXB1EIDH        equ	3891	;# 
  1552   000F34                     TXB1EIDL        equ	3892	;# 
  1553   000F35                     TXB1DLC         equ	3893	;# 
  1554   000F36                     TXB1D0          equ	3894	;# 
  1555   000F37                     TXB1D1          equ	3895	;# 
  1556   000F38                     TXB1D2          equ	3896	;# 
  1557   000F39                     TXB1D3          equ	3897	;# 
  1558   000F3A                     TXB1D4          equ	3898	;# 
  1559   000F3B                     TXB1D5          equ	3899	;# 
  1560   000F3C                     TXB1D6          equ	3900	;# 
  1561   000F3D                     TXB1D7          equ	3901	;# 
  1562   000F3E                     CANSTAT_RO2     equ	3902	;# 
  1563   000F3F                     CANCON_RO2      equ	3903	;# 
  1564   000F40                     TXB0CON         equ	3904	;# 
  1565   000F41                     TXB0SIDH        equ	3905	;# 
  1566   000F42                     TXB0SIDL        equ	3906	;# 
  1567   000F43                     TXB0EIDH        equ	3907	;# 
  1568   000F44                     TXB0EIDL        equ	3908	;# 
  1569   000F45                     TXB0DLC         equ	3909	;# 
  1570   000F46                     TXB0D0          equ	3910	;# 
  1571   000F47                     TXB0D1          equ	3911	;# 
  1572   000F48                     TXB0D2          equ	3912	;# 
  1573   000F49                     TXB0D3          equ	3913	;# 
  1574   000F4A                     TXB0D4          equ	3914	;# 
  1575   000F4B                     TXB0D5          equ	3915	;# 
  1576   000F4C                     TXB0D6          equ	3916	;# 
  1577   000F4D                     TXB0D7          equ	3917	;# 
  1578   000F4E                     CANSTAT_RO1     equ	3918	;# 
  1579   000F4F                     CANCON_RO1      equ	3919	;# 
  1580   000F50                     RXB1CON         equ	3920	;# 
  1581   000F51                     RXB1SIDH        equ	3921	;# 
  1582   000F52                     RXB1SIDL        equ	3922	;# 
  1583   000F53                     RXB1EIDH        equ	3923	;# 
  1584   000F54                     RXB1EIDL        equ	3924	;# 
  1585   000F55                     RXB1DLC         equ	3925	;# 
  1586   000F56                     RXB1D0          equ	3926	;# 
  1587   000F57                     RXB1D1          equ	3927	;# 
  1588   000F58                     RXB1D2          equ	3928	;# 
  1589   000F59                     RXB1D3          equ	3929	;# 
  1590   000F5A                     RXB1D4          equ	3930	;# 
  1591   000F5B                     RXB1D5          equ	3931	;# 
  1592   000F5C                     RXB1D6          equ	3932	;# 
  1593   000F5D                     RXB1D7          equ	3933	;# 
  1594   000F5E                     CANSTAT_RO0     equ	3934	;# 
  1595   000F5F                     CANCON_RO0      equ	3935	;# 
  1596   000F60                     RXB0CON         equ	3936	;# 
  1597   000F61                     RXB0SIDH        equ	3937	;# 
  1598   000F62                     RXB0SIDL        equ	3938	;# 
  1599   000F63                     RXB0EIDH        equ	3939	;# 
  1600   000F64                     RXB0EIDL        equ	3940	;# 
  1601   000F65                     RXB0DLC         equ	3941	;# 
  1602   000F66                     RXB0D0          equ	3942	;# 
  1603   000F67                     RXB0D1          equ	3943	;# 
  1604   000F68                     RXB0D2          equ	3944	;# 
  1605   000F69                     RXB0D3          equ	3945	;# 
  1606   000F6A                     RXB0D4          equ	3946	;# 
  1607   000F6B                     RXB0D5          equ	3947	;# 
  1608   000F6C                     RXB0D6          equ	3948	;# 
  1609   000F6D                     RXB0D7          equ	3949	;# 
  1610   000F6E                     CANSTAT         equ	3950	;# 
  1611   000F6F                     CANCON          equ	3951	;# 
  1612   000F70                     BRGCON1         equ	3952	;# 
  1613   000F71                     BRGCON2         equ	3953	;# 
  1614   000F72                     BRGCON3         equ	3954	;# 
  1615   000F73                     CIOCON          equ	3955	;# 
  1616   000F74                     COMSTAT         equ	3956	;# 
  1617   000F75                     RXERRCNT        equ	3957	;# 
  1618   000F76                     TXERRCNT        equ	3958	;# 
  1619   000F77                     ECANCON         equ	3959	;# 
  1620   000F80                     PORTA           equ	3968	;# 
  1621   000F81                     PORTB           equ	3969	;# 
  1622   000F82                     PORTC           equ	3970	;# 
  1623   000F83                     PORTD           equ	3971	;# 
  1624   000F84                     PORTE           equ	3972	;# 
  1625   000F89                     LATA            equ	3977	;# 
  1626   000F8A                     LATB            equ	3978	;# 
  1627   000F8B                     LATC            equ	3979	;# 
  1628   000F8C                     LATD            equ	3980	;# 
  1629   000F8D                     LATE            equ	3981	;# 
  1630   000F92                     TRISA           equ	3986	;# 
  1631   000F92                     DDRA            equ	3986	;# 
  1632   000F93                     TRISB           equ	3987	;# 
  1633   000F93                     DDRB            equ	3987	;# 
  1634   000F94                     TRISC           equ	3988	;# 
  1635   000F94                     DDRC            equ	3988	;# 
  1636   000F95                     TRISD           equ	3989	;# 
  1637   000F95                     DDRD            equ	3989	;# 
  1638   000F96                     TRISE           equ	3990	;# 
  1639   000F96                     DDRE            equ	3990	;# 
  1640   000F9B                     OSCTUNE         equ	3995	;# 
  1641   000F9D                     PIE1            equ	3997	;# 
  1642   000F9E                     PIR1            equ	3998	;# 
  1643   000F9F                     IPR1            equ	3999	;# 
  1644   000FA0                     PIE2            equ	4000	;# 
  1645   000FA1                     PIR2            equ	4001	;# 
  1646   000FA2                     IPR2            equ	4002	;# 
  1647   000FA3                     PIE3            equ	4003	;# 
  1648   000FA4                     PIR3            equ	4004	;# 
  1649   000FA5                     IPR3            equ	4005	;# 
  1650   000FA6                     EECON1          equ	4006	;# 
  1651   000FA7                     EECON2          equ	4007	;# 
  1652   000FA8                     EEDATA          equ	4008	;# 
  1653   000FA9                     EEADR           equ	4009	;# 
  1654   000FAB                     RCSTA           equ	4011	;# 
  1655   000FAB                     RCSTA1          equ	4011	;# 
  1656   000FAC                     TXSTA           equ	4012	;# 
  1657   000FAC                     TXSTA1          equ	4012	;# 
  1658   000FAD                     TXREG           equ	4013	;# 
  1659   000FAD                     TXREG1          equ	4013	;# 
  1660   000FAE                     RCREG           equ	4014	;# 
  1661   000FAE                     RCREG1          equ	4014	;# 
  1662   000FAF                     SPBRG           equ	4015	;# 
  1663   000FAF                     SPBRG1          equ	4015	;# 
  1664   000FB0                     SPBRGH          equ	4016	;# 
  1665   000FB1                     T3CON           equ	4017	;# 
  1666   000FB2                     TMR3            equ	4018	;# 
  1667   000FB2                     TMR3L           equ	4018	;# 
  1668   000FB3                     TMR3H           equ	4019	;# 
  1669   000FB4                     CMCON           equ	4020	;# 
  1670   000FB5                     CVRCON          equ	4021	;# 
  1671   000FB6                     ECCP1AS         equ	4022	;# 
  1672   000FB7                     ECCP1DEL        equ	4023	;# 
  1673   000FB8                     BAUDCON         equ	4024	;# 
  1674   000FB8                     BAUDCTL         equ	4024	;# 
  1675   000FBA                     ECCP1CON        equ	4026	;# 
  1676   000FBB                     ECCPR1          equ	4027	;# 
  1677   000FBB                     ECCPR1L         equ	4027	;# 
  1678   000FBC                     ECCPR1H         equ	4028	;# 
  1679   000FBD                     CCP1CON         equ	4029	;# 
  1680   000FBE                     CCPR1           equ	4030	;# 
  1681   000FBE                     CCPR1L          equ	4030	;# 
  1682   000FBF                     CCPR1H          equ	4031	;# 
  1683   000FC0                     ADCON2          equ	4032	;# 
  1684   000FC1                     ADCON1          equ	4033	;# 
  1685   000FC2                     ADCON0          equ	4034	;# 
  1686   000FC3                     ADRES           equ	4035	;# 
  1687   000FC3                     ADRESL          equ	4035	;# 
  1688   000FC4                     ADRESH          equ	4036	;# 
  1689   000FC5                     SSPCON2         equ	4037	;# 
  1690   000FC6                     SSPCON1         equ	4038	;# 
  1691   000FC7                     SSPSTAT         equ	4039	;# 
  1692   000FC8                     SSPADD          equ	4040	;# 
  1693   000FC9                     SSPBUF          equ	4041	;# 
  1694   000FCA                     T2CON           equ	4042	;# 
  1695   000FCB                     PR2             equ	4043	;# 
  1696   000FCB                     MEMCON          equ	4043	;# 
  1697   000FCC                     TMR2            equ	4044	;# 
  1698   000FCD                     T1CON           equ	4045	;# 
  1699   000FCE                     TMR1            equ	4046	;# 
  1700   000FCE                     TMR1L           equ	4046	;# 
  1701   000FCF                     TMR1H           equ	4047	;# 
  1702   000FD0                     RCON            equ	4048	;# 
  1703   000FD1                     WDTCON          equ	4049	;# 
  1704   000FD2                     HLVDCON         equ	4050	;# 
  1705   000FD2                     LVDCON          equ	4050	;# 
  1706   000FD3                     OSCCON          equ	4051	;# 
  1707   000FD5                     T0CON           equ	4053	;# 
  1708   000FD6                     TMR0            equ	4054	;# 
  1709   000FD6                     TMR0L           equ	4054	;# 
  1710   000FD7                     TMR0H           equ	4055	;# 
  1711   000FD8                     STATUS          equ	4056	;# 
  1712   000FD9                     FSR2            equ	4057	;# 
  1713   000FD9                     FSR2L           equ	4057	;# 
  1714   000FDA                     FSR2H           equ	4058	;# 
  1715   000FDB                     PLUSW2          equ	4059	;# 
  1716   000FDC                     PREINC2         equ	4060	;# 
  1717   000FDD                     POSTDEC2        equ	4061	;# 
  1718   000FDE                     POSTINC2        equ	4062	;# 
  1719   000FDF                     INDF2           equ	4063	;# 
  1720   000FE0                     BSR             equ	4064	;# 
  1721   000FE1                     FSR1            equ	4065	;# 
  1722   000FE1                     FSR1L           equ	4065	;# 
  1723   000FE2                     FSR1H           equ	4066	;# 
  1724   000FE3                     PLUSW1          equ	4067	;# 
  1725   000FE4                     PREINC1         equ	4068	;# 
  1726   000FE5                     POSTDEC1        equ	4069	;# 
  1727   000FE6                     POSTINC1        equ	4070	;# 
  1728   000FE7                     INDF1           equ	4071	;# 
  1729   000FE8                     WREG            equ	4072	;# 
  1730   000FE9                     FSR0            equ	4073	;# 
  1731   000FE9                     FSR0L           equ	4073	;# 
  1732   000FEA                     FSR0H           equ	4074	;# 
  1733   000FEB                     PLUSW0          equ	4075	;# 
  1734   000FEC                     PREINC0         equ	4076	;# 
  1735   000FED                     POSTDEC0        equ	4077	;# 
  1736   000FEE                     POSTINC0        equ	4078	;# 
  1737   000FEF                     INDF0           equ	4079	;# 
  1738   000FF0                     INTCON3         equ	4080	;# 
  1739   000FF1                     INTCON2         equ	4081	;# 
  1740   000FF2                     INTCON          equ	4082	;# 
  1741   000FF3                     PROD            equ	4083	;# 
  1742   000FF3                     PRODL           equ	4083	;# 
  1743   000FF4                     PRODH           equ	4084	;# 
  1744   000FF5                     TABLAT          equ	4085	;# 
  1745   000FF6                     TBLPTR          equ	4086	;# 
  1746   000FF6                     TBLPTRL         equ	4086	;# 
  1747   000FF7                     TBLPTRH         equ	4087	;# 
  1748   000FF8                     TBLPTRU         equ	4088	;# 
  1749   000FF9                     PCLAT           equ	4089	;# 
  1750   000FF9                     PC              equ	4089	;# 
  1751   000FF9                     PCL             equ	4089	;# 
  1752   000FFA                     PCLATH          equ	4090	;# 
  1753   000FFB                     PCLATU          equ	4091	;# 
  1754   000FFC                     STKPTR          equ	4092	;# 
  1755   000FFD                     TOS             equ	4093	;# 
  1756   000FFD                     TOSL            equ	4093	;# 
  1757   000FFE                     TOSH            equ	4094	;# 
  1758   000FFF                     TOSU            equ	4095	;# 
  1759   000D60                     RXF6SIDH        equ	3424	;# 
  1760   000D61                     RXF6SIDL        equ	3425	;# 
  1761   000D62                     RXF6EIDH        equ	3426	;# 
  1762   000D63                     RXF6EIDL        equ	3427	;# 
  1763   000D64                     RXF7SIDH        equ	3428	;# 
  1764   000D65                     RXF7SIDL        equ	3429	;# 
  1765   000D66                     RXF7EIDH        equ	3430	;# 
  1766   000D67                     RXF7EIDL        equ	3431	;# 
  1767   000D68                     RXF8SIDH        equ	3432	;# 
  1768   000D69                     RXF8SIDL        equ	3433	;# 
  1769   000D6A                     RXF8EIDH        equ	3434	;# 
  1770   000D6B                     RXF8EIDL        equ	3435	;# 
  1771   000D70                     RXF9SIDH        equ	3440	;# 
  1772   000D71                     RXF9SIDL        equ	3441	;# 
  1773   000D72                     RXF9EIDH        equ	3442	;# 
  1774   000D73                     RXF9EIDL        equ	3443	;# 
  1775   000D74                     RXF10SIDH       equ	3444	;# 
  1776   000D75                     RXF10SIDL       equ	3445	;# 
  1777   000D76                     RXF10EIDH       equ	3446	;# 
  1778   000D77                     RXF10EIDL       equ	3447	;# 
  1779   000D78                     RXF11SIDH       equ	3448	;# 
  1780   000D79                     RXF11SIDL       equ	3449	;# 
  1781   000D7A                     RXF11EIDH       equ	3450	;# 
  1782   000D7B                     RXF11EIDL       equ	3451	;# 
  1783   000D80                     RXF12SIDH       equ	3456	;# 
  1784   000D81                     RXF12SIDL       equ	3457	;# 
  1785   000D82                     RXF12EIDH       equ	3458	;# 
  1786   000D83                     RXF12EIDL       equ	3459	;# 
  1787   000D84                     RXF13SIDH       equ	3460	;# 
  1788   000D85                     RXF13SIDL       equ	3461	;# 
  1789   000D86                     RXF13EIDH       equ	3462	;# 
  1790   000D87                     RXF13EIDL       equ	3463	;# 
  1791   000D88                     RXF14SIDH       equ	3464	;# 
  1792   000D89                     RXF14SIDL       equ	3465	;# 
  1793   000D8A                     RXF14EIDH       equ	3466	;# 
  1794   000D8B                     RXF14EIDL       equ	3467	;# 
  1795   000D90                     RXF15SIDH       equ	3472	;# 
  1796   000D91                     RXF15SIDL       equ	3473	;# 
  1797   000D92                     RXF15EIDH       equ	3474	;# 
  1798   000D93                     RXF15EIDL       equ	3475	;# 
  1799   000DD4                     RXFCON0         equ	3540	;# 
  1800   000DD5                     RXFCON1         equ	3541	;# 
  1801   000DD8                     SDFLC           equ	3544	;# 
  1802   000DE0                     RXFBCON0        equ	3552	;# 
  1803   000DE1                     RXFBCON1        equ	3553	;# 
  1804   000DE2                     RXFBCON2        equ	3554	;# 
  1805   000DE3                     RXFBCON3        equ	3555	;# 
  1806   000DE4                     RXFBCON4        equ	3556	;# 
  1807   000DE5                     RXFBCON5        equ	3557	;# 
  1808   000DE6                     RXFBCON6        equ	3558	;# 
  1809   000DE7                     RXFBCON7        equ	3559	;# 
  1810   000DF0                     MSEL0           equ	3568	;# 
  1811   000DF1                     MSEL1           equ	3569	;# 
  1812   000DF2                     MSEL2           equ	3570	;# 
  1813   000DF3                     MSEL3           equ	3571	;# 
  1814   000DF8                     BSEL0           equ	3576	;# 
  1815   000DFA                     BIE0            equ	3578	;# 
  1816   000DFC                     TXBIE           equ	3580	;# 
  1817   000E20                     B0CON           equ	3616	;# 
  1818   000E21                     B0SIDH          equ	3617	;# 
  1819   000E22                     B0SIDL          equ	3618	;# 
  1820   000E23                     B0EIDH          equ	3619	;# 
  1821   000E24                     B0EIDL          equ	3620	;# 
  1822   000E25                     B0DLC           equ	3621	;# 
  1823   000E26                     B0D0            equ	3622	;# 
  1824   000E27                     B0D1            equ	3623	;# 
  1825   000E28                     B0D2            equ	3624	;# 
  1826   000E29                     B0D3            equ	3625	;# 
  1827   000E2A                     B0D4            equ	3626	;# 
  1828   000E2B                     B0D5            equ	3627	;# 
  1829   000E2C                     B0D6            equ	3628	;# 
  1830   000E2D                     B0D7            equ	3629	;# 
  1831   000E2E                     CANSTAT_RO9     equ	3630	;# 
  1832   000E2F                     CANCON_RO9      equ	3631	;# 
  1833   000E30                     B1CON           equ	3632	;# 
  1834   000E31                     B1SIDH          equ	3633	;# 
  1835   000E32                     B1SIDL          equ	3634	;# 
  1836   000E33                     B1EIDH          equ	3635	;# 
  1837   000E34                     B1EIDL          equ	3636	;# 
  1838   000E35                     B1DLC           equ	3637	;# 
  1839   000E36                     B1D0            equ	3638	;# 
  1840   000E37                     B1D1            equ	3639	;# 
  1841   000E38                     B1D2            equ	3640	;# 
  1842   000E39                     B1D3            equ	3641	;# 
  1843   000E3A                     B1D4            equ	3642	;# 
  1844   000E3B                     B1D5            equ	3643	;# 
  1845   000E3C                     B1D6            equ	3644	;# 
  1846   000E3D                     B1D7            equ	3645	;# 
  1847   000E3E                     CANSTAT_RO8     equ	3646	;# 
  1848   000E3F                     CANCON_RO8      equ	3647	;# 
  1849   000E40                     B2CON           equ	3648	;# 
  1850   000E41                     B2SIDH          equ	3649	;# 
  1851   000E42                     B2SIDL          equ	3650	;# 
  1852   000E43                     B2EIDH          equ	3651	;# 
  1853   000E44                     B2EIDL          equ	3652	;# 
  1854   000E45                     B2DLC           equ	3653	;# 
  1855   000E46                     B2D0            equ	3654	;# 
  1856   000E47                     B2D1            equ	3655	;# 
  1857   000E48                     B2D2            equ	3656	;# 
  1858   000E49                     B2D3            equ	3657	;# 
  1859   000E4A                     B2D4            equ	3658	;# 
  1860   000E4B                     B2D5            equ	3659	;# 
  1861   000E4C                     B2D6            equ	3660	;# 
  1862   000E4D                     B2D7            equ	3661	;# 
  1863   000E4E                     CANSTAT_RO7     equ	3662	;# 
  1864   000E4F                     CANCON_RO7      equ	3663	;# 
  1865   000E50                     B3CON           equ	3664	;# 
  1866   000E51                     B3SIDH          equ	3665	;# 
  1867   000E52                     B3SIDL          equ	3666	;# 
  1868   000E53                     B3EIDH          equ	3667	;# 
  1869   000E54                     B3EIDL          equ	3668	;# 
  1870   000E55                     B3DLC           equ	3669	;# 
  1871   000E56                     B3D0            equ	3670	;# 
  1872   000E57                     B3D1            equ	3671	;# 
  1873   000E58                     B3D2            equ	3672	;# 
  1874   000E59                     B3D3            equ	3673	;# 
  1875   000E5A                     B3D4            equ	3674	;# 
  1876   000E5B                     B3D5            equ	3675	;# 
  1877   000E5C                     B3D6            equ	3676	;# 
  1878   000E5D                     B3D7            equ	3677	;# 
  1879   000E5E                     CANSTAT_RO6     equ	3678	;# 
  1880   000E5F                     CANCON_RO6      equ	3679	;# 
  1881   000E60                     B4CON           equ	3680	;# 
  1882   000E61                     B4SIDH          equ	3681	;# 
  1883   000E62                     B4SIDL          equ	3682	;# 
  1884   000E63                     B4EIDH          equ	3683	;# 
  1885   000E64                     B4EIDL          equ	3684	;# 
  1886   000E65                     B4DLC           equ	3685	;# 
  1887   000E66                     B4D0            equ	3686	;# 
  1888   000E67                     B4D1            equ	3687	;# 
  1889   000E68                     B4D2            equ	3688	;# 
  1890   000E69                     B4D3            equ	3689	;# 
  1891   000E6A                     B4D4            equ	3690	;# 
  1892   000E6B                     B4D5            equ	3691	;# 
  1893   000E6C                     B4D6            equ	3692	;# 
  1894   000E6D                     B4D7            equ	3693	;# 
  1895   000E6E                     CANSTAT_RO5     equ	3694	;# 
  1896   000E6F                     CANCON_RO5      equ	3695	;# 
  1897   000E70                     B5CON           equ	3696	;# 
  1898   000E71                     B5SIDH          equ	3697	;# 
  1899   000E72                     B5SIDL          equ	3698	;# 
  1900   000E73                     B5EIDH          equ	3699	;# 
  1901   000E74                     B5EIDL          equ	3700	;# 
  1902   000E75                     B5DLC           equ	3701	;# 
  1903   000E76                     B5D0            equ	3702	;# 
  1904   000E77                     B5D1            equ	3703	;# 
  1905   000E78                     B5D2            equ	3704	;# 
  1906   000E79                     B5D3            equ	3705	;# 
  1907   000E7A                     B5D4            equ	3706	;# 
  1908   000E7B                     B5D5            equ	3707	;# 
  1909   000E7C                     B5D6            equ	3708	;# 
  1910   000E7D                     B5D7            equ	3709	;# 
  1911   000E7E                     CANSTAT_RO4     equ	3710	;# 
  1912   000E7F                     CANCON_RO4      equ	3711	;# 
  1913   000F00                     RXF0SIDH        equ	3840	;# 
  1914   000F01                     RXF0SIDL        equ	3841	;# 
  1915   000F02                     RXF0EIDH        equ	3842	;# 
  1916   000F03                     RXF0EIDL        equ	3843	;# 
  1917   000F04                     RXF1SIDH        equ	3844	;# 
  1918   000F05                     RXF1SIDL        equ	3845	;# 
  1919   000F06                     RXF1EIDH        equ	3846	;# 
  1920   000F07                     RXF1EIDL        equ	3847	;# 
  1921   000F08                     RXF2SIDH        equ	3848	;# 
  1922   000F09                     RXF2SIDL        equ	3849	;# 
  1923   000F0A                     RXF2EIDH        equ	3850	;# 
  1924   000F0B                     RXF2EIDL        equ	3851	;# 
  1925   000F0C                     RXF3SIDH        equ	3852	;# 
  1926   000F0D                     RXF3SIDL        equ	3853	;# 
  1927   000F0E                     RXF3EIDH        equ	3854	;# 
  1928   000F0F                     RXF3EIDL        equ	3855	;# 
  1929   000F10                     RXF4SIDH        equ	3856	;# 
  1930   000F11                     RXF4SIDL        equ	3857	;# 
  1931   000F12                     RXF4EIDH        equ	3858	;# 
  1932   000F13                     RXF4EIDL        equ	3859	;# 
  1933   000F14                     RXF5SIDH        equ	3860	;# 
  1934   000F15                     RXF5SIDL        equ	3861	;# 
  1935   000F16                     RXF5EIDH        equ	3862	;# 
  1936   000F17                     RXF5EIDL        equ	3863	;# 
  1937   000F18                     RXM0SIDH        equ	3864	;# 
  1938   000F19                     RXM0SIDL        equ	3865	;# 
  1939   000F1A                     RXM0EIDH        equ	3866	;# 
  1940   000F1B                     RXM0EIDL        equ	3867	;# 
  1941   000F1C                     RXM1SIDH        equ	3868	;# 
  1942   000F1D                     RXM1SIDL        equ	3869	;# 
  1943   000F1E                     RXM1EIDH        equ	3870	;# 
  1944   000F1F                     RXM1EIDL        equ	3871	;# 
  1945   000F20                     TXB2CON         equ	3872	;# 
  1946   000F21                     TXB2SIDH        equ	3873	;# 
  1947   000F22                     TXB2SIDL        equ	3874	;# 
  1948   000F23                     TXB2EIDH        equ	3875	;# 
  1949   000F24                     TXB2EIDL        equ	3876	;# 
  1950   000F25                     TXB2DLC         equ	3877	;# 
  1951   000F26                     TXB2D0          equ	3878	;# 
  1952   000F27                     TXB2D1          equ	3879	;# 
  1953   000F28                     TXB2D2          equ	3880	;# 
  1954   000F29                     TXB2D3          equ	3881	;# 
  1955   000F2A                     TXB2D4          equ	3882	;# 
  1956   000F2B                     TXB2D5          equ	3883	;# 
  1957   000F2C                     TXB2D6          equ	3884	;# 
  1958   000F2D                     TXB2D7          equ	3885	;# 
  1959   000F2E                     CANSTAT_RO3     equ	3886	;# 
  1960   000F2F                     CANCON_RO3      equ	3887	;# 
  1961   000F30                     TXB1CON         equ	3888	;# 
  1962   000F31                     TXB1SIDH        equ	3889	;# 
  1963   000F32                     TXB1SIDL        equ	3890	;# 
  1964   000F33                     TXB1EIDH        equ	3891	;# 
  1965   000F34                     TXB1EIDL        equ	3892	;# 
  1966   000F35                     TXB1DLC         equ	3893	;# 
  1967   000F36                     TXB1D0          equ	3894	;# 
  1968   000F37                     TXB1D1          equ	3895	;# 
  1969   000F38                     TXB1D2          equ	3896	;# 
  1970   000F39                     TXB1D3          equ	3897	;# 
  1971   000F3A                     TXB1D4          equ	3898	;# 
  1972   000F3B                     TXB1D5          equ	3899	;# 
  1973   000F3C                     TXB1D6          equ	3900	;# 
  1974   000F3D                     TXB1D7          equ	3901	;# 
  1975   000F3E                     CANSTAT_RO2     equ	3902	;# 
  1976   000F3F                     CANCON_RO2      equ	3903	;# 
  1977   000F40                     TXB0CON         equ	3904	;# 
  1978   000F41                     TXB0SIDH        equ	3905	;# 
  1979   000F42                     TXB0SIDL        equ	3906	;# 
  1980   000F43                     TXB0EIDH        equ	3907	;# 
  1981   000F44                     TXB0EIDL        equ	3908	;# 
  1982   000F45                     TXB0DLC         equ	3909	;# 
  1983   000F46                     TXB0D0          equ	3910	;# 
  1984   000F47                     TXB0D1          equ	3911	;# 
  1985   000F48                     TXB0D2          equ	3912	;# 
  1986   000F49                     TXB0D3          equ	3913	;# 
  1987   000F4A                     TXB0D4          equ	3914	;# 
  1988   000F4B                     TXB0D5          equ	3915	;# 
  1989   000F4C                     TXB0D6          equ	3916	;# 
  1990   000F4D                     TXB0D7          equ	3917	;# 
  1991   000F4E                     CANSTAT_RO1     equ	3918	;# 
  1992   000F4F                     CANCON_RO1      equ	3919	;# 
  1993   000F50                     RXB1CON         equ	3920	;# 
  1994   000F51                     RXB1SIDH        equ	3921	;# 
  1995   000F52                     RXB1SIDL        equ	3922	;# 
  1996   000F53                     RXB1EIDH        equ	3923	;# 
  1997   000F54                     RXB1EIDL        equ	3924	;# 
  1998   000F55                     RXB1DLC         equ	3925	;# 
  1999   000F56                     RXB1D0          equ	3926	;# 
  2000   000F57                     RXB1D1          equ	3927	;# 
  2001   000F58                     RXB1D2          equ	3928	;# 
  2002   000F59                     RXB1D3          equ	3929	;# 
  2003   000F5A                     RXB1D4          equ	3930	;# 
  2004   000F5B                     RXB1D5          equ	3931	;# 
  2005   000F5C                     RXB1D6          equ	3932	;# 
  2006   000F5D                     RXB1D7          equ	3933	;# 
  2007   000F5E                     CANSTAT_RO0     equ	3934	;# 
  2008   000F5F                     CANCON_RO0      equ	3935	;# 
  2009   000F60                     RXB0CON         equ	3936	;# 
  2010   000F61                     RXB0SIDH        equ	3937	;# 
  2011   000F62                     RXB0SIDL        equ	3938	;# 
  2012   000F63                     RXB0EIDH        equ	3939	;# 
  2013   000F64                     RXB0EIDL        equ	3940	;# 
  2014   000F65                     RXB0DLC         equ	3941	;# 
  2015   000F66                     RXB0D0          equ	3942	;# 
  2016   000F67                     RXB0D1          equ	3943	;# 
  2017   000F68                     RXB0D2          equ	3944	;# 
  2018   000F69                     RXB0D3          equ	3945	;# 
  2019   000F6A                     RXB0D4          equ	3946	;# 
  2020   000F6B                     RXB0D5          equ	3947	;# 
  2021   000F6C                     RXB0D6          equ	3948	;# 
  2022   000F6D                     RXB0D7          equ	3949	;# 
  2023   000F6E                     CANSTAT         equ	3950	;# 
  2024   000F6F                     CANCON          equ	3951	;# 
  2025   000F70                     BRGCON1         equ	3952	;# 
  2026   000F71                     BRGCON2         equ	3953	;# 
  2027   000F72                     BRGCON3         equ	3954	;# 
  2028   000F73                     CIOCON          equ	3955	;# 
  2029   000F74                     COMSTAT         equ	3956	;# 
  2030   000F75                     RXERRCNT        equ	3957	;# 
  2031   000F76                     TXERRCNT        equ	3958	;# 
  2032   000F77                     ECANCON         equ	3959	;# 
  2033   000F80                     PORTA           equ	3968	;# 
  2034   000F81                     PORTB           equ	3969	;# 
  2035   000F82                     PORTC           equ	3970	;# 
  2036   000F83                     PORTD           equ	3971	;# 
  2037   000F84                     PORTE           equ	3972	;# 
  2038   000F89                     LATA            equ	3977	;# 
  2039   000F8A                     LATB            equ	3978	;# 
  2040   000F8B                     LATC            equ	3979	;# 
  2041   000F8C                     LATD            equ	3980	;# 
  2042   000F8D                     LATE            equ	3981	;# 
  2043   000F92                     TRISA           equ	3986	;# 
  2044   000F92                     DDRA            equ	3986	;# 
  2045   000F93                     TRISB           equ	3987	;# 
  2046   000F93                     DDRB            equ	3987	;# 
  2047   000F94                     TRISC           equ	3988	;# 
  2048   000F94                     DDRC            equ	3988	;# 
  2049   000F95                     TRISD           equ	3989	;# 
  2050   000F95                     DDRD            equ	3989	;# 
  2051   000F96                     TRISE           equ	3990	;# 
  2052   000F96                     DDRE            equ	3990	;# 
  2053   000F9B                     OSCTUNE         equ	3995	;# 
  2054   000F9D                     PIE1            equ	3997	;# 
  2055   000F9E                     PIR1            equ	3998	;# 
  2056   000F9F                     IPR1            equ	3999	;# 
  2057   000FA0                     PIE2            equ	4000	;# 
  2058   000FA1                     PIR2            equ	4001	;# 
  2059   000FA2                     IPR2            equ	4002	;# 
  2060   000FA3                     PIE3            equ	4003	;# 
  2061   000FA4                     PIR3            equ	4004	;# 
  2062   000FA5                     IPR3            equ	4005	;# 
  2063   000FA6                     EECON1          equ	4006	;# 
  2064   000FA7                     EECON2          equ	4007	;# 
  2065   000FA8                     EEDATA          equ	4008	;# 
  2066   000FA9                     EEADR           equ	4009	;# 
  2067   000FAB                     RCSTA           equ	4011	;# 
  2068   000FAB                     RCSTA1          equ	4011	;# 
  2069   000FAC                     TXSTA           equ	4012	;# 
  2070   000FAC                     TXSTA1          equ	4012	;# 
  2071   000FAD                     TXREG           equ	4013	;# 
  2072   000FAD                     TXREG1          equ	4013	;# 
  2073   000FAE                     RCREG           equ	4014	;# 
  2074   000FAE                     RCREG1          equ	4014	;# 
  2075   000FAF                     SPBRG           equ	4015	;# 
  2076   000FAF                     SPBRG1          equ	4015	;# 
  2077   000FB0                     SPBRGH          equ	4016	;# 
  2078   000FB1                     T3CON           equ	4017	;# 
  2079   000FB2                     TMR3            equ	4018	;# 
  2080   000FB2                     TMR3L           equ	4018	;# 
  2081   000FB3                     TMR3H           equ	4019	;# 
  2082   000FB4                     CMCON           equ	4020	;# 
  2083   000FB5                     CVRCON          equ	4021	;# 
  2084   000FB6                     ECCP1AS         equ	4022	;# 
  2085   000FB7                     ECCP1DEL        equ	4023	;# 
  2086   000FB8                     BAUDCON         equ	4024	;# 
  2087   000FB8                     BAUDCTL         equ	4024	;# 
  2088   000FBA                     ECCP1CON        equ	4026	;# 
  2089   000FBB                     ECCPR1          equ	4027	;# 
  2090   000FBB                     ECCPR1L         equ	4027	;# 
  2091   000FBC                     ECCPR1H         equ	4028	;# 
  2092   000FBD                     CCP1CON         equ	4029	;# 
  2093   000FBE                     CCPR1           equ	4030	;# 
  2094   000FBE                     CCPR1L          equ	4030	;# 
  2095   000FBF                     CCPR1H          equ	4031	;# 
  2096   000FC0                     ADCON2          equ	4032	;# 
  2097   000FC1                     ADCON1          equ	4033	;# 
  2098   000FC2                     ADCON0          equ	4034	;# 
  2099   000FC3                     ADRES           equ	4035	;# 
  2100   000FC3                     ADRESL          equ	4035	;# 
  2101   000FC4                     ADRESH          equ	4036	;# 
  2102   000FC5                     SSPCON2         equ	4037	;# 
  2103   000FC6                     SSPCON1         equ	4038	;# 
  2104   000FC7                     SSPSTAT         equ	4039	;# 
  2105   000FC8                     SSPADD          equ	4040	;# 
  2106   000FC9                     SSPBUF          equ	4041	;# 
  2107   000FCA                     T2CON           equ	4042	;# 
  2108   000FCB                     PR2             equ	4043	;# 
  2109   000FCB                     MEMCON          equ	4043	;# 
  2110   000FCC                     TMR2            equ	4044	;# 
  2111   000FCD                     T1CON           equ	4045	;# 
  2112   000FCE                     TMR1            equ	4046	;# 
  2113   000FCE                     TMR1L           equ	4046	;# 
  2114   000FCF                     TMR1H           equ	4047	;# 
  2115   000FD0                     RCON            equ	4048	;# 
  2116   000FD1                     WDTCON          equ	4049	;# 
  2117   000FD2                     HLVDCON         equ	4050	;# 
  2118   000FD2                     LVDCON          equ	4050	;# 
  2119   000FD3                     OSCCON          equ	4051	;# 
  2120   000FD5                     T0CON           equ	4053	;# 
  2121   000FD6                     TMR0            equ	4054	;# 
  2122   000FD6                     TMR0L           equ	4054	;# 
  2123   000FD7                     TMR0H           equ	4055	;# 
  2124   000FD8                     STATUS          equ	4056	;# 
  2125   000FD9                     FSR2            equ	4057	;# 
  2126   000FD9                     FSR2L           equ	4057	;# 
  2127   000FDA                     FSR2H           equ	4058	;# 
  2128   000FDB                     PLUSW2          equ	4059	;# 
  2129   000FDC                     PREINC2         equ	4060	;# 
  2130   000FDD                     POSTDEC2        equ	4061	;# 
  2131   000FDE                     POSTINC2        equ	4062	;# 
  2132   000FDF                     INDF2           equ	4063	;# 
  2133   000FE0                     BSR             equ	4064	;# 
  2134   000FE1                     FSR1            equ	4065	;# 
  2135   000FE1                     FSR1L           equ	4065	;# 
  2136   000FE2                     FSR1H           equ	4066	;# 
  2137   000FE3                     PLUSW1          equ	4067	;# 
  2138   000FE4                     PREINC1         equ	4068	;# 
  2139   000FE5                     POSTDEC1        equ	4069	;# 
  2140   000FE6                     POSTINC1        equ	4070	;# 
  2141   000FE7                     INDF1           equ	4071	;# 
  2142   000FE8                     WREG            equ	4072	;# 
  2143   000FE9                     FSR0            equ	4073	;# 
  2144   000FE9                     FSR0L           equ	4073	;# 
  2145   000FEA                     FSR0H           equ	4074	;# 
  2146   000FEB                     PLUSW0          equ	4075	;# 
  2147   000FEC                     PREINC0         equ	4076	;# 
  2148   000FED                     POSTDEC0        equ	4077	;# 
  2149   000FEE                     POSTINC0        equ	4078	;# 
  2150   000FEF                     INDF0           equ	4079	;# 
  2151   000FF0                     INTCON3         equ	4080	;# 
  2152   000FF1                     INTCON2         equ	4081	;# 
  2153   000FF2                     INTCON          equ	4082	;# 
  2154   000FF3                     PROD            equ	4083	;# 
  2155   000FF3                     PRODL           equ	4083	;# 
  2156   000FF4                     PRODH           equ	4084	;# 
  2157   000FF5                     TABLAT          equ	4085	;# 
  2158   000FF6                     TBLPTR          equ	4086	;# 
  2159   000FF6                     TBLPTRL         equ	4086	;# 
  2160   000FF7                     TBLPTRH         equ	4087	;# 
  2161   000FF8                     TBLPTRU         equ	4088	;# 
  2162   000FF9                     PCLAT           equ	4089	;# 
  2163   000FF9                     PC              equ	4089	;# 
  2164   000FF9                     PCL             equ	4089	;# 
  2165   000FFA                     PCLATH          equ	4090	;# 
  2166   000FFB                     PCLATU          equ	4091	;# 
  2167   000FFC                     STKPTR          equ	4092	;# 
  2168   000FFD                     TOS             equ	4093	;# 
  2169   000FFD                     TOSL            equ	4093	;# 
  2170   000FFE                     TOSH            equ	4094	;# 
  2171   000FFF                     TOSU            equ	4095	;# 
  2172   000D60                     RXF6SIDH        equ	3424	;# 
  2173   000D61                     RXF6SIDL        equ	3425	;# 
  2174   000D62                     RXF6EIDH        equ	3426	;# 
  2175   000D63                     RXF6EIDL        equ	3427	;# 
  2176   000D64                     RXF7SIDH        equ	3428	;# 
  2177   000D65                     RXF7SIDL        equ	3429	;# 
  2178   000D66                     RXF7EIDH        equ	3430	;# 
  2179   000D67                     RXF7EIDL        equ	3431	;# 
  2180   000D68                     RXF8SIDH        equ	3432	;# 
  2181   000D69                     RXF8SIDL        equ	3433	;# 
  2182   000D6A                     RXF8EIDH        equ	3434	;# 
  2183   000D6B                     RXF8EIDL        equ	3435	;# 
  2184   000D70                     RXF9SIDH        equ	3440	;# 
  2185   000D71                     RXF9SIDL        equ	3441	;# 
  2186   000D72                     RXF9EIDH        equ	3442	;# 
  2187   000D73                     RXF9EIDL        equ	3443	;# 
  2188   000D74                     RXF10SIDH       equ	3444	;# 
  2189   000D75                     RXF10SIDL       equ	3445	;# 
  2190   000D76                     RXF10EIDH       equ	3446	;# 
  2191   000D77                     RXF10EIDL       equ	3447	;# 
  2192   000D78                     RXF11SIDH       equ	3448	;# 
  2193   000D79                     RXF11SIDL       equ	3449	;# 
  2194   000D7A                     RXF11EIDH       equ	3450	;# 
  2195   000D7B                     RXF11EIDL       equ	3451	;# 
  2196   000D80                     RXF12SIDH       equ	3456	;# 
  2197   000D81                     RXF12SIDL       equ	3457	;# 
  2198   000D82                     RXF12EIDH       equ	3458	;# 
  2199   000D83                     RXF12EIDL       equ	3459	;# 
  2200   000D84                     RXF13SIDH       equ	3460	;# 
  2201   000D85                     RXF13SIDL       equ	3461	;# 
  2202   000D86                     RXF13EIDH       equ	3462	;# 
  2203   000D87                     RXF13EIDL       equ	3463	;# 
  2204   000D88                     RXF14SIDH       equ	3464	;# 
  2205   000D89                     RXF14SIDL       equ	3465	;# 
  2206   000D8A                     RXF14EIDH       equ	3466	;# 
  2207   000D8B                     RXF14EIDL       equ	3467	;# 
  2208   000D90                     RXF15SIDH       equ	3472	;# 
  2209   000D91                     RXF15SIDL       equ	3473	;# 
  2210   000D92                     RXF15EIDH       equ	3474	;# 
  2211   000D93                     RXF15EIDL       equ	3475	;# 
  2212   000DD4                     RXFCON0         equ	3540	;# 
  2213   000DD5                     RXFCON1         equ	3541	;# 
  2214   000DD8                     SDFLC           equ	3544	;# 
  2215   000DE0                     RXFBCON0        equ	3552	;# 
  2216   000DE1                     RXFBCON1        equ	3553	;# 
  2217   000DE2                     RXFBCON2        equ	3554	;# 
  2218   000DE3                     RXFBCON3        equ	3555	;# 
  2219   000DE4                     RXFBCON4        equ	3556	;# 
  2220   000DE5                     RXFBCON5        equ	3557	;# 
  2221   000DE6                     RXFBCON6        equ	3558	;# 
  2222   000DE7                     RXFBCON7        equ	3559	;# 
  2223   000DF0                     MSEL0           equ	3568	;# 
  2224   000DF1                     MSEL1           equ	3569	;# 
  2225   000DF2                     MSEL2           equ	3570	;# 
  2226   000DF3                     MSEL3           equ	3571	;# 
  2227   000DF8                     BSEL0           equ	3576	;# 
  2228   000DFA                     BIE0            equ	3578	;# 
  2229   000DFC                     TXBIE           equ	3580	;# 
  2230   000E20                     B0CON           equ	3616	;# 
  2231   000E21                     B0SIDH          equ	3617	;# 
  2232   000E22                     B0SIDL          equ	3618	;# 
  2233   000E23                     B0EIDH          equ	3619	;# 
  2234   000E24                     B0EIDL          equ	3620	;# 
  2235   000E25                     B0DLC           equ	3621	;# 
  2236   000E26                     B0D0            equ	3622	;# 
  2237   000E27                     B0D1            equ	3623	;# 
  2238   000E28                     B0D2            equ	3624	;# 
  2239   000E29                     B0D3            equ	3625	;# 
  2240   000E2A                     B0D4            equ	3626	;# 
  2241   000E2B                     B0D5            equ	3627	;# 
  2242   000E2C                     B0D6            equ	3628	;# 
  2243   000E2D                     B0D7            equ	3629	;# 
  2244   000E2E                     CANSTAT_RO9     equ	3630	;# 
  2245   000E2F                     CANCON_RO9      equ	3631	;# 
  2246   000E30                     B1CON           equ	3632	;# 
  2247   000E31                     B1SIDH          equ	3633	;# 
  2248   000E32                     B1SIDL          equ	3634	;# 
  2249   000E33                     B1EIDH          equ	3635	;# 
  2250   000E34                     B1EIDL          equ	3636	;# 
  2251   000E35                     B1DLC           equ	3637	;# 
  2252   000E36                     B1D0            equ	3638	;# 
  2253   000E37                     B1D1            equ	3639	;# 
  2254   000E38                     B1D2            equ	3640	;# 
  2255   000E39                     B1D3            equ	3641	;# 
  2256   000E3A                     B1D4            equ	3642	;# 
  2257   000E3B                     B1D5            equ	3643	;# 
  2258   000E3C                     B1D6            equ	3644	;# 
  2259   000E3D                     B1D7            equ	3645	;# 
  2260   000E3E                     CANSTAT_RO8     equ	3646	;# 
  2261   000E3F                     CANCON_RO8      equ	3647	;# 
  2262   000E40                     B2CON           equ	3648	;# 
  2263   000E41                     B2SIDH          equ	3649	;# 
  2264   000E42                     B2SIDL          equ	3650	;# 
  2265   000E43                     B2EIDH          equ	3651	;# 
  2266   000E44                     B2EIDL          equ	3652	;# 
  2267   000E45                     B2DLC           equ	3653	;# 
  2268   000E46                     B2D0            equ	3654	;# 
  2269   000E47                     B2D1            equ	3655	;# 
  2270   000E48                     B2D2            equ	3656	;# 
  2271   000E49                     B2D3            equ	3657	;# 
  2272   000E4A                     B2D4            equ	3658	;# 
  2273   000E4B                     B2D5            equ	3659	;# 
  2274   000E4C                     B2D6            equ	3660	;# 
  2275   000E4D                     B2D7            equ	3661	;# 
  2276   000E4E                     CANSTAT_RO7     equ	3662	;# 
  2277   000E4F                     CANCON_RO7      equ	3663	;# 
  2278   000E50                     B3CON           equ	3664	;# 
  2279   000E51                     B3SIDH          equ	3665	;# 
  2280   000E52                     B3SIDL          equ	3666	;# 
  2281   000E53                     B3EIDH          equ	3667	;# 
  2282   000E54                     B3EIDL          equ	3668	;# 
  2283   000E55                     B3DLC           equ	3669	;# 
  2284   000E56                     B3D0            equ	3670	;# 
  2285   000E57                     B3D1            equ	3671	;# 
  2286   000E58                     B3D2            equ	3672	;# 
  2287   000E59                     B3D3            equ	3673	;# 
  2288   000E5A                     B3D4            equ	3674	;# 
  2289   000E5B                     B3D5            equ	3675	;# 
  2290   000E5C                     B3D6            equ	3676	;# 
  2291   000E5D                     B3D7            equ	3677	;# 
  2292   000E5E                     CANSTAT_RO6     equ	3678	;# 
  2293   000E5F                     CANCON_RO6      equ	3679	;# 
  2294   000E60                     B4CON           equ	3680	;# 
  2295   000E61                     B4SIDH          equ	3681	;# 
  2296   000E62                     B4SIDL          equ	3682	;# 
  2297   000E63                     B4EIDH          equ	3683	;# 
  2298   000E64                     B4EIDL          equ	3684	;# 
  2299   000E65                     B4DLC           equ	3685	;# 
  2300   000E66                     B4D0            equ	3686	;# 
  2301   000E67                     B4D1            equ	3687	;# 
  2302   000E68                     B4D2            equ	3688	;# 
  2303   000E69                     B4D3            equ	3689	;# 
  2304   000E6A                     B4D4            equ	3690	;# 
  2305   000E6B                     B4D5            equ	3691	;# 
  2306   000E6C                     B4D6            equ	3692	;# 
  2307   000E6D                     B4D7            equ	3693	;# 
  2308   000E6E                     CANSTAT_RO5     equ	3694	;# 
  2309   000E6F                     CANCON_RO5      equ	3695	;# 
  2310   000E70                     B5CON           equ	3696	;# 
  2311   000E71                     B5SIDH          equ	3697	;# 
  2312   000E72                     B5SIDL          equ	3698	;# 
  2313   000E73                     B5EIDH          equ	3699	;# 
  2314   000E74                     B5EIDL          equ	3700	;# 
  2315   000E75                     B5DLC           equ	3701	;# 
  2316   000E76                     B5D0            equ	3702	;# 
  2317   000E77                     B5D1            equ	3703	;# 
  2318   000E78                     B5D2            equ	3704	;# 
  2319   000E79                     B5D3            equ	3705	;# 
  2320   000E7A                     B5D4            equ	3706	;# 
  2321   000E7B                     B5D5            equ	3707	;# 
  2322   000E7C                     B5D6            equ	3708	;# 
  2323   000E7D                     B5D7            equ	3709	;# 
  2324   000E7E                     CANSTAT_RO4     equ	3710	;# 
  2325   000E7F                     CANCON_RO4      equ	3711	;# 
  2326   000F00                     RXF0SIDH        equ	3840	;# 
  2327   000F01                     RXF0SIDL        equ	3841	;# 
  2328   000F02                     RXF0EIDH        equ	3842	;# 
  2329   000F03                     RXF0EIDL        equ	3843	;# 
  2330   000F04                     RXF1SIDH        equ	3844	;# 
  2331   000F05                     RXF1SIDL        equ	3845	;# 
  2332   000F06                     RXF1EIDH        equ	3846	;# 
  2333   000F07                     RXF1EIDL        equ	3847	;# 
  2334   000F08                     RXF2SIDH        equ	3848	;# 
  2335   000F09                     RXF2SIDL        equ	3849	;# 
  2336   000F0A                     RXF2EIDH        equ	3850	;# 
  2337   000F0B                     RXF2EIDL        equ	3851	;# 
  2338   000F0C                     RXF3SIDH        equ	3852	;# 
  2339   000F0D                     RXF3SIDL        equ	3853	;# 
  2340   000F0E                     RXF3EIDH        equ	3854	;# 
  2341   000F0F                     RXF3EIDL        equ	3855	;# 
  2342   000F10                     RXF4SIDH        equ	3856	;# 
  2343   000F11                     RXF4SIDL        equ	3857	;# 
  2344   000F12                     RXF4EIDH        equ	3858	;# 
  2345   000F13                     RXF4EIDL        equ	3859	;# 
  2346   000F14                     RXF5SIDH        equ	3860	;# 
  2347   000F15                     RXF5SIDL        equ	3861	;# 
  2348   000F16                     RXF5EIDH        equ	3862	;# 
  2349   000F17                     RXF5EIDL        equ	3863	;# 
  2350   000F18                     RXM0SIDH        equ	3864	;# 
  2351   000F19                     RXM0SIDL        equ	3865	;# 
  2352   000F1A                     RXM0EIDH        equ	3866	;# 
  2353   000F1B                     RXM0EIDL        equ	3867	;# 
  2354   000F1C                     RXM1SIDH        equ	3868	;# 
  2355   000F1D                     RXM1SIDL        equ	3869	;# 
  2356   000F1E                     RXM1EIDH        equ	3870	;# 
  2357   000F1F                     RXM1EIDL        equ	3871	;# 
  2358   000F20                     TXB2CON         equ	3872	;# 
  2359   000F21                     TXB2SIDH        equ	3873	;# 
  2360   000F22                     TXB2SIDL        equ	3874	;# 
  2361   000F23                     TXB2EIDH        equ	3875	;# 
  2362   000F24                     TXB2EIDL        equ	3876	;# 
  2363   000F25                     TXB2DLC         equ	3877	;# 
  2364   000F26                     TXB2D0          equ	3878	;# 
  2365   000F27                     TXB2D1          equ	3879	;# 
  2366   000F28                     TXB2D2          equ	3880	;# 
  2367   000F29                     TXB2D3          equ	3881	;# 
  2368   000F2A                     TXB2D4          equ	3882	;# 
  2369   000F2B                     TXB2D5          equ	3883	;# 
  2370   000F2C                     TXB2D6          equ	3884	;# 
  2371   000F2D                     TXB2D7          equ	3885	;# 
  2372   000F2E                     CANSTAT_RO3     equ	3886	;# 
  2373   000F2F                     CANCON_RO3      equ	3887	;# 
  2374   000F30                     TXB1CON         equ	3888	;# 
  2375   000F31                     TXB1SIDH        equ	3889	;# 
  2376   000F32                     TXB1SIDL        equ	3890	;# 
  2377   000F33                     TXB1EIDH        equ	3891	;# 
  2378   000F34                     TXB1EIDL        equ	3892	;# 
  2379   000F35                     TXB1DLC         equ	3893	;# 
  2380   000F36                     TXB1D0          equ	3894	;# 
  2381   000F37                     TXB1D1          equ	3895	;# 
  2382   000F38                     TXB1D2          equ	3896	;# 
  2383   000F39                     TXB1D3          equ	3897	;# 
  2384   000F3A                     TXB1D4          equ	3898	;# 
  2385   000F3B                     TXB1D5          equ	3899	;# 
  2386   000F3C                     TXB1D6          equ	3900	;# 
  2387   000F3D                     TXB1D7          equ	3901	;# 
  2388   000F3E                     CANSTAT_RO2     equ	3902	;# 
  2389   000F3F                     CANCON_RO2      equ	3903	;# 
  2390   000F40                     TXB0CON         equ	3904	;# 
  2391   000F41                     TXB0SIDH        equ	3905	;# 
  2392   000F42                     TXB0SIDL        equ	3906	;# 
  2393   000F43                     TXB0EIDH        equ	3907	;# 
  2394   000F44                     TXB0EIDL        equ	3908	;# 
  2395   000F45                     TXB0DLC         equ	3909	;# 
  2396   000F46                     TXB0D0          equ	3910	;# 
  2397   000F47                     TXB0D1          equ	3911	;# 
  2398   000F48                     TXB0D2          equ	3912	;# 
  2399   000F49                     TXB0D3          equ	3913	;# 
  2400   000F4A                     TXB0D4          equ	3914	;# 
  2401   000F4B                     TXB0D5          equ	3915	;# 
  2402   000F4C                     TXB0D6          equ	3916	;# 
  2403   000F4D                     TXB0D7          equ	3917	;# 
  2404   000F4E                     CANSTAT_RO1     equ	3918	;# 
  2405   000F4F                     CANCON_RO1      equ	3919	;# 
  2406   000F50                     RXB1CON         equ	3920	;# 
  2407   000F51                     RXB1SIDH        equ	3921	;# 
  2408   000F52                     RXB1SIDL        equ	3922	;# 
  2409   000F53                     RXB1EIDH        equ	3923	;# 
  2410   000F54                     RXB1EIDL        equ	3924	;# 
  2411   000F55                     RXB1DLC         equ	3925	;# 
  2412   000F56                     RXB1D0          equ	3926	;# 
  2413   000F57                     RXB1D1          equ	3927	;# 
  2414   000F58                     RXB1D2          equ	3928	;# 
  2415   000F59                     RXB1D3          equ	3929	;# 
  2416   000F5A                     RXB1D4          equ	3930	;# 
  2417   000F5B                     RXB1D5          equ	3931	;# 
  2418   000F5C                     RXB1D6          equ	3932	;# 
  2419   000F5D                     RXB1D7          equ	3933	;# 
  2420   000F5E                     CANSTAT_RO0     equ	3934	;# 
  2421   000F5F                     CANCON_RO0      equ	3935	;# 
  2422   000F60                     RXB0CON         equ	3936	;# 
  2423   000F61                     RXB0SIDH        equ	3937	;# 
  2424   000F62                     RXB0SIDL        equ	3938	;# 
  2425   000F63                     RXB0EIDH        equ	3939	;# 
  2426   000F64                     RXB0EIDL        equ	3940	;# 
  2427   000F65                     RXB0DLC         equ	3941	;# 
  2428   000F66                     RXB0D0          equ	3942	;# 
  2429   000F67                     RXB0D1          equ	3943	;# 
  2430   000F68                     RXB0D2          equ	3944	;# 
  2431   000F69                     RXB0D3          equ	3945	;# 
  2432   000F6A                     RXB0D4          equ	3946	;# 
  2433   000F6B                     RXB0D5          equ	3947	;# 
  2434   000F6C                     RXB0D6          equ	3948	;# 
  2435   000F6D                     RXB0D7          equ	3949	;# 
  2436   000F6E                     CANSTAT         equ	3950	;# 
  2437   000F6F                     CANCON          equ	3951	;# 
  2438   000F70                     BRGCON1         equ	3952	;# 
  2439   000F71                     BRGCON2         equ	3953	;# 
  2440   000F72                     BRGCON3         equ	3954	;# 
  2441   000F73                     CIOCON          equ	3955	;# 
  2442   000F74                     COMSTAT         equ	3956	;# 
  2443   000F75                     RXERRCNT        equ	3957	;# 
  2444   000F76                     TXERRCNT        equ	3958	;# 
  2445   000F77                     ECANCON         equ	3959	;# 
  2446   000F80                     PORTA           equ	3968	;# 
  2447   000F81                     PORTB           equ	3969	;# 
  2448   000F82                     PORTC           equ	3970	;# 
  2449   000F83                     PORTD           equ	3971	;# 
  2450   000F84                     PORTE           equ	3972	;# 
  2451   000F89                     LATA            equ	3977	;# 
  2452   000F8A                     LATB            equ	3978	;# 
  2453   000F8B                     LATC            equ	3979	;# 
  2454   000F8C                     LATD            equ	3980	;# 
  2455   000F8D                     LATE            equ	3981	;# 
  2456   000F92                     TRISA           equ	3986	;# 
  2457   000F92                     DDRA            equ	3986	;# 
  2458   000F93                     TRISB           equ	3987	;# 
  2459   000F93                     DDRB            equ	3987	;# 
  2460   000F94                     TRISC           equ	3988	;# 
  2461   000F94                     DDRC            equ	3988	;# 
  2462   000F95                     TRISD           equ	3989	;# 
  2463   000F95                     DDRD            equ	3989	;# 
  2464   000F96                     TRISE           equ	3990	;# 
  2465   000F96                     DDRE            equ	3990	;# 
  2466   000F9B                     OSCTUNE         equ	3995	;# 
  2467   000F9D                     PIE1            equ	3997	;# 
  2468   000F9E                     PIR1            equ	3998	;# 
  2469   000F9F                     IPR1            equ	3999	;# 
  2470   000FA0                     PIE2            equ	4000	;# 
  2471   000FA1                     PIR2            equ	4001	;# 
  2472   000FA2                     IPR2            equ	4002	;# 
  2473   000FA3                     PIE3            equ	4003	;# 
  2474   000FA4                     PIR3            equ	4004	;# 
  2475   000FA5                     IPR3            equ	4005	;# 
  2476   000FA6                     EECON1          equ	4006	;# 
  2477   000FA7                     EECON2          equ	4007	;# 
  2478   000FA8                     EEDATA          equ	4008	;# 
  2479   000FA9                     EEADR           equ	4009	;# 
  2480   000FAB                     RCSTA           equ	4011	;# 
  2481   000FAB                     RCSTA1          equ	4011	;# 
  2482   000FAC                     TXSTA           equ	4012	;# 
  2483   000FAC                     TXSTA1          equ	4012	;# 
  2484   000FAD                     TXREG           equ	4013	;# 
  2485   000FAD                     TXREG1          equ	4013	;# 
  2486   000FAE                     RCREG           equ	4014	;# 
  2487   000FAE                     RCREG1          equ	4014	;# 
  2488   000FAF                     SPBRG           equ	4015	;# 
  2489   000FAF                     SPBRG1          equ	4015	;# 
  2490   000FB0                     SPBRGH          equ	4016	;# 
  2491   000FB1                     T3CON           equ	4017	;# 
  2492   000FB2                     TMR3            equ	4018	;# 
  2493   000FB2                     TMR3L           equ	4018	;# 
  2494   000FB3                     TMR3H           equ	4019	;# 
  2495   000FB4                     CMCON           equ	4020	;# 
  2496   000FB5                     CVRCON          equ	4021	;# 
  2497   000FB6                     ECCP1AS         equ	4022	;# 
  2498   000FB7                     ECCP1DEL        equ	4023	;# 
  2499   000FB8                     BAUDCON         equ	4024	;# 
  2500   000FB8                     BAUDCTL         equ	4024	;# 
  2501   000FBA                     ECCP1CON        equ	4026	;# 
  2502   000FBB                     ECCPR1          equ	4027	;# 
  2503   000FBB                     ECCPR1L         equ	4027	;# 
  2504   000FBC                     ECCPR1H         equ	4028	;# 
  2505   000FBD                     CCP1CON         equ	4029	;# 
  2506   000FBE                     CCPR1           equ	4030	;# 
  2507   000FBE                     CCPR1L          equ	4030	;# 
  2508   000FBF                     CCPR1H          equ	4031	;# 
  2509   000FC0                     ADCON2          equ	4032	;# 
  2510   000FC1                     ADCON1          equ	4033	;# 
  2511   000FC2                     ADCON0          equ	4034	;# 
  2512   000FC3                     ADRES           equ	4035	;# 
  2513   000FC3                     ADRESL          equ	4035	;# 
  2514   000FC4                     ADRESH          equ	4036	;# 
  2515   000FC5                     SSPCON2         equ	4037	;# 
  2516   000FC6                     SSPCON1         equ	4038	;# 
  2517   000FC7                     SSPSTAT         equ	4039	;# 
  2518   000FC8                     SSPADD          equ	4040	;# 
  2519   000FC9                     SSPBUF          equ	4041	;# 
  2520   000FCA                     T2CON           equ	4042	;# 
  2521   000FCB                     PR2             equ	4043	;# 
  2522   000FCB                     MEMCON          equ	4043	;# 
  2523   000FCC                     TMR2            equ	4044	;# 
  2524   000FCD                     T1CON           equ	4045	;# 
  2525   000FCE                     TMR1            equ	4046	;# 
  2526   000FCE                     TMR1L           equ	4046	;# 
  2527   000FCF                     TMR1H           equ	4047	;# 
  2528   000FD0                     RCON            equ	4048	;# 
  2529   000FD1                     WDTCON          equ	4049	;# 
  2530   000FD2                     HLVDCON         equ	4050	;# 
  2531   000FD2                     LVDCON          equ	4050	;# 
  2532   000FD3                     OSCCON          equ	4051	;# 
  2533   000FD5                     T0CON           equ	4053	;# 
  2534   000FD6                     TMR0            equ	4054	;# 
  2535   000FD6                     TMR0L           equ	4054	;# 
  2536   000FD7                     TMR0H           equ	4055	;# 
  2537   000FD8                     STATUS          equ	4056	;# 
  2538   000FD9                     FSR2            equ	4057	;# 
  2539   000FD9                     FSR2L           equ	4057	;# 
  2540   000FDA                     FSR2H           equ	4058	;# 
  2541   000FDB                     PLUSW2          equ	4059	;# 
  2542   000FDC                     PREINC2         equ	4060	;# 
  2543   000FDD                     POSTDEC2        equ	4061	;# 
  2544   000FDE                     POSTINC2        equ	4062	;# 
  2545   000FDF                     INDF2           equ	4063	;# 
  2546   000FE0                     BSR             equ	4064	;# 
  2547   000FE1                     FSR1            equ	4065	;# 
  2548   000FE1                     FSR1L           equ	4065	;# 
  2549   000FE2                     FSR1H           equ	4066	;# 
  2550   000FE3                     PLUSW1          equ	4067	;# 
  2551   000FE4                     PREINC1         equ	4068	;# 
  2552   000FE5                     POSTDEC1        equ	4069	;# 
  2553   000FE6                     POSTINC1        equ	4070	;# 
  2554   000FE7                     INDF1           equ	4071	;# 
  2555   000FE8                     WREG            equ	4072	;# 
  2556   000FE9                     FSR0            equ	4073	;# 
  2557   000FE9                     FSR0L           equ	4073	;# 
  2558   000FEA                     FSR0H           equ	4074	;# 
  2559   000FEB                     PLUSW0          equ	4075	;# 
  2560   000FEC                     PREINC0         equ	4076	;# 
  2561   000FED                     POSTDEC0        equ	4077	;# 
  2562   000FEE                     POSTINC0        equ	4078	;# 
  2563   000FEF                     INDF0           equ	4079	;# 
  2564   000FF0                     INTCON3         equ	4080	;# 
  2565   000FF1                     INTCON2         equ	4081	;# 
  2566   000FF2                     INTCON          equ	4082	;# 
  2567   000FF3                     PROD            equ	4083	;# 
  2568   000FF3                     PRODL           equ	4083	;# 
  2569   000FF4                     PRODH           equ	4084	;# 
  2570   000FF5                     TABLAT          equ	4085	;# 
  2571   000FF6                     TBLPTR          equ	4086	;# 
  2572   000FF6                     TBLPTRL         equ	4086	;# 
  2573   000FF7                     TBLPTRH         equ	4087	;# 
  2574   000FF8                     TBLPTRU         equ	4088	;# 
  2575   000FF9                     PCLAT           equ	4089	;# 
  2576   000FF9                     PC              equ	4089	;# 
  2577   000FF9                     PCL             equ	4089	;# 
  2578   000FFA                     PCLATH          equ	4090	;# 
  2579   000FFB                     PCLATU          equ	4091	;# 
  2580   000FFC                     STKPTR          equ	4092	;# 
  2581   000FFD                     TOS             equ	4093	;# 
  2582   000FFD                     TOSL            equ	4093	;# 
  2583   000FFE                     TOSH            equ	4094	;# 
  2584   000FFF                     TOSU            equ	4095	;# 
  2585                           
  2586                           	psect	idataCOMRAM
  2587   000BEC                     __pidataCOMRAM:
  2588                           	callstack 0
  2589                           
  2590                           ;initializer for _gear_pos
  2591   000BEC  4E                 	db	78
  2592   000BED  31                 	db	49
  2593   000BEE  32                 	db	50
  2594   000BEF  33                 	db	51
  2595   000BF0  34                 	db	52
  2596   000BF1  35                 	db	53
  2597   000BF2  52                 	db	82
  2598   000BF3  43                 	db	67
  2599                           
  2600                           ;initializer for read_digital_keypad@once
  2601   000BF4  01                 	db	1
  2602   000DD4                     _RXFCON0        set	3540
  2603   000F45                     _TXB0DLC        set	3909
  2604   000F44                     _TXB0EIDL       set	3908
  2605   000F43                     _TXB0EIDH       set	3907
  2606   000F41                     _TXB0SIDH       set	3905
  2607   000F42                     _TXB0SIDL       set	3906
  2608   000F46                     _TXB0D0         set	3910
  2609   007A03                     _TXB0REQ        set	31235
  2610   000FAE                     _RCREG          set	4014
  2611   000FAD                     _TXREG          set	4013
  2612   000FAF                     _SPBRG          set	4015
  2613   000F82                     _PORTC          set	3970
  2614   000F94                     _TRISC          set	3988
  2615   000F65                     _RXB0DLC        set	3941
  2616   000F61                     _RXB0SIDH       set	3937
  2617   000F62                     _RXB0SIDL       set	3938
  2618   000F60                     _RXB0CONbits    set	3936
  2619   000F60                     _RXB0CON        set	3936
  2620   000F72                     _BRGCON3        set	3954
  2621   000F71                     _BRGCON2        set	3953
  2622   000F70                     _BRGCON1        set	3952
  2623   000F77                     _ECANCON        set	3959
  2624   000F6E                     _CANSTAT        set	3950
  2625   000F6F                     _CANCON         set	3951
  2626   000FC2                     _ADCON0         set	4034
  2627   000FC3                     _ADRESL         set	4035
  2628   000FC4                     _ADRESH         set	4036
  2629   000F66                     _RXB0D0         set	3942
  2630   007CF5                     _RCIF           set	31989
  2631   007CF4                     _TXIF           set	31988
  2632   007DC3                     _BRG16          set	32195
  2633   007D5C                     _CREN           set	32092
  2634   007D5E                     _RX9            set	32094
  2635   007D5F                     _SPEN           set	32095
  2636   007D62                     _BRGH           set	32098
  2637   007D63                     _SENDB          set	32099
  2638   007D64                     _SYNC           set	32100
  2639   007D65                     _TXEN           set	32101
  2640   007D66                     _TX9            set	32102
  2641   007CA6                     _TRISC6         set	31910
  2642   007CA7                     _TRISC7         set	31911
  2643   007D20                     _RXB0IF         set	32032
  2644   007B07                     _RXB0FUL        set	31495
  2645   007C9B                     _TRISB3         set	31899
  2646   007C9A                     _TRISB2         set	31898
  2647   007E11                     _GO             set	32273
  2648   007E10                     _ADON           set	32272
  2649   007E0C                     _VCFG0          set	32268
  2650   007E0D                     _VCFG1          set	32269
  2651   007E11                     _GODONE         set	32273
  2652   007E02                     _ADCS2          set	32258
  2653   007E01                     _ADCS1          set	32257
  2654   007E00                     _ADCS0          set	32256
  2655   007E03                     _ACQT0          set	32259
  2656   007E04                     _ACQT1          set	32260
  2657   007E05                     _ACQT2          set	32261
  2658   007E07                     _ADFM           set	32263
  2659                           
  2660                           ; #config settings
  2661                           
  2662                           	psect	cinit
  2663   000B9A                     __pcinit:
  2664                           	callstack 0
  2665   000B9A                     start_initialization:
  2666                           	callstack 0
  2667   000B9A                     __initialization:
  2668                           	callstack 0
  2669                           
  2670                           ; Initialize objects allocated to COMRAM (9 bytes)
  2671                           ; load TBLPTR registers with __pidataCOMRAM
  2672   000B9A  0EEC               	movlw	low __pidataCOMRAM
  2673   000B9C  6EF6               	movwf	tblptrl,c
  2674   000B9E  0E0B               	movlw	high __pidataCOMRAM
  2675   000BA0  6EF7               	movwf	tblptrh,c
  2676   000BA2  0E00               	movlw	low (__pidataCOMRAM shr (0+16))
  2677   000BA4  6EF8               	movwf	tblptru,c
  2678   000BA6  EE00  F028         	lfsr	0,__pdataCOMRAM
  2679   000BAA  EE10 F009          	lfsr	1,9
  2680   000BAE                     copy_data0:
  2681   000BAE  0009               	tblrd		*+
  2682   000BB0  CFF5 FFEE          	movff	tablat,postinc0
  2683   000BB4  50E5               	movf	postdec1,w,c
  2684   000BB6  50E1               	movf	fsr1l,w,c
  2685   000BB8  E1FA               	bnz	copy_data0
  2686                           
  2687                           ; Clear objects allocated to COMRAM (1 bytes)
  2688   000BBA  6A31               	clrf	__pbssCOMRAM& (0+255),c
  2689   000BBC                     end_of_initialization:
  2690                           	callstack 0
  2691   000BBC                     __end_of__initialization:
  2692                           	callstack 0
  2693   000BBC  0100               	movlb	0
  2694   000BBE  EFB3  F003         	goto	_main	;jump to C main() function
  2695                           
  2696                           	psect	bssCOMRAM
  2697   000031                     __pbssCOMRAM:
  2698                           	callstack 0
  2699   000031                     get_gear_pos@gear:
  2700                           	callstack 0
  2701   000031                     	ds	1
  2702                           
  2703                           	psect	dataCOMRAM
  2704   000028                     __pdataCOMRAM:
  2705                           	callstack 0
  2706   000028                     _gear_pos:
  2707                           	callstack 0
  2708   000028                     	ds	8
  2709   000030                     read_digital_keypad@once:
  2710                           	callstack 0
  2711   000030                     	ds	1
  2712                           
  2713                           	psect	cstackCOMRAM
  2714   000001                     __pcstackCOMRAM:
  2715                           	callstack 0
  2716   000001                     ?___lwdiv:
  2717                           	callstack 0
  2718   000001                     ?___lwmod:
  2719                           	callstack 0
  2720   000001                     ?_read_adc:
  2721                           	callstack 0
  2722   000001                     ?___lmul:
  2723                           	callstack 0
  2724   000001                     read_digital_keypad@detection_type:
  2725                           	callstack 0
  2726   000001                     set_msg_id_std@id:
  2727                           	callstack 0
  2728   000001                     ___lwdiv@dividend:
  2729                           	callstack 0
  2730   000001                     ___lwmod@dividend:
  2731                           	callstack 0
  2732   000001                     ___lmul@multiplier:
  2733                           	callstack 0
  2734   000001                     
  2735                           ; 1 bytes @ 0x0
  2736   000001                     	ds	1
  2737   000002                     get_gear_pos@key:
  2738                           	callstack 0
  2739   000002                     
  2740                           ; 1 bytes @ 0x1
  2741   000002                     	ds	1
  2742   000003                     ___lwdiv@divisor:
  2743                           	callstack 0
  2744   000003                     ___lwmod@divisor:
  2745                           	callstack 0
  2746   000003                     ??_read_adc:
  2747   000003                     ??_set_msg_id_std:
  2748                           
  2749                           ; 1 bytes @ 0x2
  2750   000003                     	ds	2
  2751   000005                     ___lwmod@counter:
  2752                           	callstack 0
  2753   000005                     read_adc@reg_val:
  2754                           	callstack 0
  2755   000005                     can_transmit@msg_id:
  2756                           	callstack 0
  2757   000005                     ___lwdiv@quotient:
  2758                           	callstack 0
  2759   000005                     ___lmul@multiplicand:
  2760                           	callstack 0
  2761   000005                     
  2762                           ; 1 bytes @ 0x4
  2763   000005                     	ds	2
  2764   000007                     read_adc@channel:
  2765                           	callstack 0
  2766   000007                     can_transmit@data:
  2767                           	callstack 0
  2768   000007                     ___lwdiv@counter:
  2769                           	callstack 0
  2770                           
  2771                           ; 1 bytes @ 0x6
  2772   000007                     	ds	1
  2773   000008                     can_transmit@len:
  2774                           	callstack 0
  2775   000008                     convert_speed@speed:
  2776                           	callstack 0
  2777                           
  2778                           ; 2 bytes @ 0x7
  2779   000008                     	ds	1
  2780   000009                     ___lmul@product:
  2781                           	callstack 0
  2782   000009                     ??_can_transmit:
  2783   000009                     
  2784                           ; 1 bytes @ 0x8
  2785   000009                     	ds	1
  2786   00000A                     convert_speed@buffer:
  2787                           	callstack 0
  2788                           
  2789                           ; 1 bytes @ 0x9
  2790   00000A                     	ds	1
  2791   00000B                     convert_speed@i:
  2792                           	callstack 0
  2793   00000B                     
  2794                           ; 1 bytes @ 0xA
  2795   00000B                     	ds	1
  2796   00000C                     can_transmit@ptr:
  2797                           	callstack 0
  2798                           
  2799                           ; 2 bytes @ 0xB
  2800   00000C                     	ds	1
  2801   00000D                     ?___lldiv:
  2802                           	callstack 0
  2803   00000D                     ___lldiv@dividend:
  2804                           	callstack 0
  2805                           
  2806                           ; 4 bytes @ 0xC
  2807   00000D                     	ds	1
  2808   00000E                     can_transmit@i:
  2809                           	callstack 0
  2810                           
  2811                           ; 2 bytes @ 0xD
  2812   00000E                     	ds	3
  2813   000011                     ___lldiv@divisor:
  2814                           	callstack 0
  2815                           
  2816                           ; 4 bytes @ 0x10
  2817   000011                     	ds	4
  2818   000015                     ___lldiv@quotient:
  2819                           	callstack 0
  2820   000015                     
  2821                           ; 1 bytes @ 0x14
  2822   000015                     	ds	4
  2823   000019                     ___lldiv@counter:
  2824                           	callstack 0
  2825                           
  2826                           ; 1 bytes @ 0x18
  2827   000019                     	ds	1
  2828   00001A                     ?_get_speed:
  2829                           	callstack 0
  2830                           
  2831                           ; 2 bytes @ 0x19
  2832   00001A                     	ds	2
  2833   00001C                     get_speed@speed:
  2834                           	callstack 0
  2835   00001C                     
  2836                           ; 1 bytes @ 0x1B
  2837   00001C                     	ds	4
  2838   000020                     ??_main:
  2839                           
  2840                           ; 1 bytes @ 0x1F
  2841   000020                     	ds	2
  2842   000022                     main@speed_str:
  2843                           	callstack 0
  2844                           
  2845                           ; 3 bytes @ 0x21
  2846   000022                     	ds	3
  2847   000025                     main@speed:
  2848                           	callstack 0
  2849                           
  2850                           ; 2 bytes @ 0x24
  2851   000025                     	ds	2
  2852   000027                     main@gear:
  2853                           	callstack 0
  2854                           
  2855                           ; 1 bytes @ 0x26
  2856   000027                     	ds	1
  2857                           
  2858 ;;
  2859 ;;Main: autosize = 0, tempsize = 2, incstack = 0, save=0
  2860 ;;
  2861 ;; *************** function _main *****************
  2862 ;; Defined at:
  2863 ;;		line 20 in file "ecu1_main.c"
  2864 ;; Parameters:    Size  Location     Type
  2865 ;;		None
  2866 ;; Auto vars:     Size  Location     Type
  2867 ;;  speed_str       3   33[COMRAM] unsigned char [3]
  2868 ;;  speed           2   36[COMRAM] unsigned short 
  2869 ;;  gear            1   38[COMRAM] unsigned char 
  2870 ;; Return value:  Size  Location     Type
  2871 ;;                  2  157[None  ] int 
  2872 ;; Registers used:
  2873 ;;		wreg, fsr1l, fsr1h, fsr2l, fsr2h, status,2, status,0, cstack
  2874 ;; Tracked objects:
  2875 ;;		On entry : 0/0
  2876 ;;		On exit  : 0/0
  2877 ;;		Unchanged: 0/0
  2878 ;; Data sizes:     COMRAM   BANK0   BANK1   BANK2   BANK3   BANK4   BANK5
  2879 ;;      Params:         0       0       0       0       0       0       0
  2880 ;;      Locals:         6       0       0       0       0       0       0
  2881 ;;      Temps:          2       0       0       0       0       0       0
  2882 ;;      Totals:         8       0       0       0       0       0       0
  2883 ;;Total ram usage:        8 bytes
  2884 ;; Hardware stack levels required when called: 2
  2885 ;; This function calls:
  2886 ;;		_can_transmit
  2887 ;;		_config
  2888 ;;		_convert_speed
  2889 ;;		_get_gear_pos
  2890 ;;		_get_speed
  2891 ;; This function is called by:
  2892 ;;		Startup code after reset
  2893 ;; This function uses a non-reentrant model
  2894 ;;
  2895                           
  2896                           	psect	text0
  2897   000766                     __ptext0:
  2898                           	callstack 0
  2899   000766                     _main:
  2900                           	callstack 29
  2901   000766                     
  2902                           ;ecu1_main.c: 22:     config();
  2903   000766  ECEF  F005         	call	_config	;wreg free
  2904   00076A                     l158:
  2905                           
  2906                           ;ecu1_main.c: 27:         speed = get_speed();
  2907   00076A  ECF2  F003         	call	_get_speed	;wreg free
  2908   00076E  C01A  F025         	movff	?_get_speed,main@speed
  2909   000772  C01B  F026         	movff	?_get_speed+1,main@speed+1
  2910   000776                     
  2911                           ;ecu1_main.c: 28:         convert_speed(speed, speed_str);
  2912   000776  C025  F008         	movff	main@speed,convert_speed@speed
  2913   00077A  C026  F009         	movff	main@speed+1,convert_speed@speed+1
  2914   00077E  0E22               	movlw	low main@speed_str
  2915   000780  6E0A               	movwf	convert_speed@buffer^0,c
  2916   000782  EC3D  F005         	call	_convert_speed	;wreg free
  2917   000786                     
  2918                           ;ecu1_main.c: 29:         can_transmit(0x10, speed_str, 3);
  2919   000786  6A06               	clrf	(can_transmit@msg_id+1)^0,c
  2920   000788  0E10               	movlw	16
  2921   00078A  6E05               	movwf	can_transmit@msg_id^0,c
  2922   00078C  0E22               	movlw	low main@speed_str
  2923   00078E  6E07               	movwf	can_transmit@data^0,c
  2924   000790  0E03               	movlw	3
  2925   000792  6E08               	movwf	can_transmit@len^0,c
  2926   000794  EC9F  F004         	call	_can_transmit	;wreg free
  2927   000798                     
  2928                           ;ecu1_main.c: 30:         _delay((unsigned long)((50)*(20000000/4000.0)));
  2929   000798  0E02               	movlw	2
  2930   00079A  6E21               	movwf	(??_main+1)^0,c
  2931   00079C  0E45               	movlw	69
  2932   00079E  6E20               	movwf	??_main^0,c
  2933   0007A0  0EAA               	movlw	170
  2934   0007A2                     u507:
  2935   0007A2  2EE8               	decfsz	wreg,f,c
  2936   0007A4  D7FE               	bra	u507
  2937   0007A6  2E20               	decfsz	??_main^0,f,c
  2938   0007A8  D7FC               	bra	u507
  2939   0007AA  2E21               	decfsz	(??_main+1)^0,f,c
  2940   0007AC  D7FA               	bra	u507
  2941   0007AE                     
  2942                           ;ecu1_main.c: 31:         gear = get_gear_pos();
  2943   0007AE  EC01  F003         	call	_get_gear_pos	;wreg free
  2944   0007B2  6E27               	movwf	main@gear^0,c
  2945   0007B4                     
  2946                           ;ecu1_main.c: 32:         can_transmit(0x20, &gear, 1);
  2947   0007B4  6A06               	clrf	(can_transmit@msg_id+1)^0,c
  2948   0007B6  0E20               	movlw	32
  2949   0007B8  6E05               	movwf	can_transmit@msg_id^0,c
  2950   0007BA  0E27               	movlw	low main@gear
  2951   0007BC  6E07               	movwf	can_transmit@data^0,c
  2952   0007BE  0E01               	movlw	1
  2953   0007C0  6E08               	movwf	can_transmit@len^0,c
  2954   0007C2  EC9F  F004         	call	_can_transmit	;wreg free
  2955   0007C6                     
  2956                           ;ecu1_main.c: 33:         _delay((unsigned long)((50)*(20000000/4000.0)));
  2957   0007C6  0E02               	movlw	2
  2958   0007C8  6E21               	movwf	(??_main+1)^0,c
  2959   0007CA  0E45               	movlw	69
  2960   0007CC  6E20               	movwf	??_main^0,c
  2961   0007CE  0EAA               	movlw	170
  2962   0007D0                     u517:
  2963   0007D0  2EE8               	decfsz	wreg,f,c
  2964   0007D2  D7FE               	bra	u517
  2965   0007D4  2E20               	decfsz	??_main^0,f,c
  2966   0007D6  D7FC               	bra	u517
  2967   0007D8  2E21               	decfsz	(??_main+1)^0,f,c
  2968   0007DA  D7FA               	bra	u517
  2969   0007DC  EFB5  F003         	goto	l158
  2970   0007E0  EFFE  F017         	goto	start
  2971   0007E4                     __end_of_main:
  2972                           	callstack 0
  2973                           
  2974 ;; *************** function _get_speed *****************
  2975 ;; Defined at:
  2976 ;;		line 10 in file "ecu1_sensor.c"
  2977 ;; Parameters:    Size  Location     Type
  2978 ;;		None
  2979 ;; Auto vars:     Size  Location     Type
  2980 ;;  speed           4   27[COMRAM] unsigned long 
  2981 ;; Return value:  Size  Location     Type
  2982 ;;                  2   25[COMRAM] unsigned short 
  2983 ;; Registers used:
  2984 ;;		wreg, status,2, status,0, cstack
  2985 ;; Tracked objects:
  2986 ;;		On entry : 0/0
  2987 ;;		On exit  : 0/0
  2988 ;;		Unchanged: 0/0
  2989 ;; Data sizes:     COMRAM   BANK0   BANK1   BANK2   BANK3   BANK4   BANK5
  2990 ;;      Params:         2       0       0       0       0       0       0
  2991 ;;      Locals:         4       0       0       0       0       0       0
  2992 ;;      Temps:          0       0       0       0       0       0       0
  2993 ;;      Totals:         6       0       0       0       0       0       0
  2994 ;;Total ram usage:        6 bytes
  2995 ;; Hardware stack levels used: 1
  2996 ;; Hardware stack levels required when called: 1
  2997 ;; This function calls:
  2998 ;;		___lldiv
  2999 ;;		___lmul
  3000 ;;		_read_adc
  3001 ;; This function is called by:
  3002 ;;		_main
  3003 ;; This function uses a non-reentrant model
  3004 ;;
  3005                           
  3006                           	psect	text1
  3007   0007E4                     __ptext1:
  3008                           	callstack 0
  3009   0007E4                     _get_speed:
  3010                           	callstack 29
  3011   0007E4                     
  3012                           ;ecu1_sensor.c: 12:     uint32_t speed = read_adc(0x04);
  3013   0007E4  0E04               	movlw	4
  3014   0007E6  EC6E  F005         	call	_read_adc
  3015   0007EA  C001  F01C         	movff	?_read_adc,get_speed@speed
  3016   0007EE  C002  F01D         	movff	?_read_adc+1,get_speed@speed+1
  3017   0007F2  6A1E               	clrf	(get_speed@speed+2)^0,c
  3018   0007F4  6A1F               	clrf	(get_speed@speed+3)^0,c
  3019                           
  3020                           ;ecu1_sensor.c: 13:     speed = (speed * 99) / 1023;
  3021   0007F6  C01C  F001         	movff	get_speed@speed,___lmul@multiplier
  3022   0007FA  C01D  F002         	movff	get_speed@speed+1,___lmul@multiplier+1
  3023   0007FE  C01E  F003         	movff	get_speed@speed+2,___lmul@multiplier+2
  3024   000802  C01F  F004         	movff	get_speed@speed+3,___lmul@multiplier+3
  3025   000806  0E63               	movlw	99
  3026   000808  6E05               	movwf	___lmul@multiplicand^0,c
  3027   00080A  0E00               	movlw	0
  3028   00080C  6E06               	movwf	(___lmul@multiplicand+1)^0,c
  3029   00080E  0E00               	movlw	0
  3030   000810  6E07               	movwf	(___lmul@multiplicand+2)^0,c
  3031   000812  0E00               	movlw	0
  3032   000814  6E08               	movwf	(___lmul@multiplicand+3)^0,c
  3033   000816  ECD6  F004         	call	___lmul	;wreg free
  3034   00081A  C001  F00D         	movff	?___lmul,___lldiv@dividend
  3035   00081E  C002  F00E         	movff	?___lmul+1,___lldiv@dividend+1
  3036   000822  C003  F00F         	movff	?___lmul+2,___lldiv@dividend+2
  3037   000826  C004  F010         	movff	?___lmul+3,___lldiv@dividend+3
  3038   00082A  0EFF               	movlw	255
  3039   00082C  6E11               	movwf	___lldiv@divisor^0,c
  3040   00082E  0E03               	movlw	3
  3041   000830  6E12               	movwf	(___lldiv@divisor+1)^0,c
  3042   000832  0E00               	movlw	0
  3043   000834  6E13               	movwf	(___lldiv@divisor+2)^0,c
  3044   000836  0E00               	movlw	0
  3045   000838  6E14               	movwf	(___lldiv@divisor+3)^0,c
  3046   00083A  EC61  F003         	call	___lldiv	;wreg free
  3047   00083E  C00D  F01C         	movff	?___lldiv,get_speed@speed
  3048   000842  C00E  F01D         	movff	?___lldiv+1,get_speed@speed+1
  3049   000846  C00F  F01E         	movff	?___lldiv+2,get_speed@speed+2
  3050   00084A  C010  F01F         	movff	?___lldiv+3,get_speed@speed+3
  3051   00084E                     
  3052                           ;ecu1_sensor.c: 14:     return speed;
  3053   00084E  C01C  F01A         	movff	get_speed@speed,?_get_speed
  3054   000852  C01D  F01B         	movff	get_speed@speed+1,?_get_speed+1
  3055   000856  0012               	return		;funcret
  3056   000858                     __end_of_get_speed:
  3057                           	callstack 0
  3058                           
  3059 ;; *************** function _read_adc *****************
  3060 ;; Defined at:
  3061 ;;		line 43 in file "adc.c"
  3062 ;; Parameters:    Size  Location     Type
  3063 ;;  channel         1    wreg     unsigned char 
  3064 ;; Auto vars:     Size  Location     Type
  3065 ;;  channel         1    6[COMRAM] unsigned char 
  3066 ;;  reg_val         2    4[COMRAM] unsigned short 
  3067 ;; Return value:  Size  Location     Type
  3068 ;;                  2    0[COMRAM] unsigned short 
  3069 ;; Registers used:
  3070 ;;		wreg, status,2, status,0
  3071 ;; Tracked objects:
  3072 ;;		On entry : 0/0
  3073 ;;		On exit  : 0/0
  3074 ;;		Unchanged: 0/0
  3075 ;; Data sizes:     COMRAM   BANK0   BANK1   BANK2   BANK3   BANK4   BANK5
  3076 ;;      Params:         2       0       0       0       0       0       0
  3077 ;;      Locals:         3       0       0       0       0       0       0
  3078 ;;      Temps:          2       0       0       0       0       0       0
  3079 ;;      Totals:         7       0       0       0       0       0       0
  3080 ;;Total ram usage:        7 bytes
  3081 ;; Hardware stack levels used: 1
  3082 ;; This function calls:
  3083 ;;		Nothing
  3084 ;; This function is called by:
  3085 ;;		_get_speed
  3086 ;; This function uses a non-reentrant model
  3087 ;;
  3088                           
  3089                           	psect	text2
  3090   000ADC                     __ptext2:
  3091                           	callstack 0
  3092   000ADC                     _read_adc:
  3093                           	callstack 29
  3094                           
  3095                           ;incstack = 0
  3096                           ;read_adc@channel stored from wreg
  3097   000ADC  6E07               	movwf	read_adc@channel^0,c
  3098   000ADE                     
  3099                           ;adc.c: 43: unsigned short read_adc(unsigned char channel);adc.c: 44: {;adc.c: 45:  unsi
      +                          gned short reg_val;;adc.c: 48:  ADCON0 = (ADCON0 & 0xC3) | (channel << 2);
  3100   000ADE  C007  F003         	movff	read_adc@channel,??_read_adc
  3101   000AE2  90D8               	bcf	status,0,c
  3102   000AE4  3603               	rlcf	??_read_adc^0,f,c
  3103   000AE6  90D8               	bcf	status,0,c
  3104   000AE8  3603               	rlcf	??_read_adc^0,f,c
  3105   000AEA  50C2               	movf	194,w,c	;volatile
  3106   000AEC  0BC3               	andlw	195
  3107   000AEE  1003               	iorwf	??_read_adc^0,w,c
  3108   000AF0  6EC2               	movwf	194,c	;volatile
  3109   000AF2                     
  3110                           ;adc.c: 51:  GO = 1;
  3111   000AF2  82C2               	bsf	4034,1,c	;volatile
  3112   000AF4                     l36:
  3113   000AF4  B2C2               	btfsc	4034,1,c	;volatile
  3114   000AF6  EF7F  F005         	goto	u351
  3115   000AFA  EF81  F005         	goto	u350
  3116   000AFE                     u351:
  3117   000AFE  EF7A  F005         	goto	l36
  3118   000B02                     u350:
  3119   000B02                     
  3120                           ;adc.c: 53:  reg_val = (ADRESH << 8) | ADRESL;
  3121   000B02  50C3               	movf	195,w,c	;volatile
  3122   000B04  CFC4 F003          	movff	4036,??_read_adc	;volatile
  3123   000B08  6A04               	clrf	(??_read_adc+1)^0,c
  3124   000B0A  C003  F004         	movff	??_read_adc,??_read_adc+1
  3125   000B0E  6A03               	clrf	??_read_adc^0,c
  3126   000B10  1003               	iorwf	??_read_adc^0,w,c
  3127   000B12  6E05               	movwf	read_adc@reg_val^0,c
  3128   000B14  5004               	movf	(??_read_adc+1)^0,w,c
  3129   000B16  6E06               	movwf	(read_adc@reg_val+1)^0,c
  3130   000B18                     
  3131                           ;adc.c: 55:  return reg_val;
  3132   000B18  C005  F001         	movff	read_adc@reg_val,?_read_adc
  3133   000B1C  C006  F002         	movff	read_adc@reg_val+1,?_read_adc+1
  3134   000B20  0012               	return		;funcret
  3135   000B22                     __end_of_read_adc:
  3136                           	callstack 0
  3137                           
  3138 ;; *************** function ___lmul *****************
  3139 ;; Defined at:
  3140 ;;		line 15 in file "C:\Program Files\Microchip\xc8\v3.10\pic\sources\c99\common\Umul32.c"
  3141 ;; Parameters:    Size  Location     Type
  3142 ;;  multiplier      4    0[COMRAM] unsigned long 
  3143 ;;  multiplicand    4    4[COMRAM] unsigned long 
  3144 ;; Auto vars:     Size  Location     Type
  3145 ;;  product         4    8[COMRAM] unsigned long 
  3146 ;; Return value:  Size  Location     Type
  3147 ;;                  4    0[COMRAM] unsigned long 
  3148 ;; Registers used:
  3149 ;;		wreg, status,2, status,0
  3150 ;; Tracked objects:
  3151 ;;		On entry : 0/0
  3152 ;;		On exit  : 0/0
  3153 ;;		Unchanged: 0/0
  3154 ;; Data sizes:     COMRAM   BANK0   BANK1   BANK2   BANK3   BANK4   BANK5
  3155 ;;      Params:         8       0       0       0       0       0       0
  3156 ;;      Locals:         4       0       0       0       0       0       0
  3157 ;;      Temps:          0       0       0       0       0       0       0
  3158 ;;      Totals:        12       0       0       0       0       0       0
  3159 ;;Total ram usage:       12 bytes
  3160 ;; Hardware stack levels used: 1
  3161 ;; This function calls:
  3162 ;;		Nothing
  3163 ;; This function is called by:
  3164 ;;		_get_speed
  3165 ;; This function uses a non-reentrant model
  3166 ;;
  3167                           
  3168                           	psect	text3
  3169   0009AC                     __ptext3:
  3170                           	callstack 0
  3171   0009AC                     ___lmul:
  3172                           	callstack 29
  3173   0009AC  0E00               	movlw	0
  3174   0009AE  6E09               	movwf	___lmul@product^0,c
  3175   0009B0  0E00               	movlw	0
  3176   0009B2  6E0A               	movwf	(___lmul@product+1)^0,c
  3177   0009B4  0E00               	movlw	0
  3178   0009B6  6E0B               	movwf	(___lmul@product+2)^0,c
  3179   0009B8  0E00               	movlw	0
  3180   0009BA  6E0C               	movwf	(___lmul@product+3)^0,c
  3181   0009BC                     l1326:
  3182   0009BC  A001               	btfss	___lmul@multiplier^0,0,c
  3183   0009BE  EFE3  F004         	goto	u371
  3184   0009C2  EFE5  F004         	goto	u370
  3185   0009C6                     u371:
  3186   0009C6  EFED  F004         	goto	l1330
  3187   0009CA                     u370:
  3188   0009CA  5005               	movf	___lmul@multiplicand^0,w,c
  3189   0009CC  2609               	addwf	___lmul@product^0,f,c
  3190   0009CE  5006               	movf	(___lmul@multiplicand+1)^0,w,c
  3191   0009D0  220A               	addwfc	(___lmul@product+1)^0,f,c
  3192   0009D2  5007               	movf	(___lmul@multiplicand+2)^0,w,c
  3193   0009D4  220B               	addwfc	(___lmul@product+2)^0,f,c
  3194   0009D6  5008               	movf	(___lmul@multiplicand+3)^0,w,c
  3195   0009D8  220C               	addwfc	(___lmul@product+3)^0,f,c
  3196   0009DA                     l1330:
  3197   0009DA  90D8               	bcf	status,0,c
  3198   0009DC  3605               	rlcf	___lmul@multiplicand^0,f,c
  3199   0009DE  3606               	rlcf	(___lmul@multiplicand+1)^0,f,c
  3200   0009E0  3607               	rlcf	(___lmul@multiplicand+2)^0,f,c
  3201   0009E2  3608               	rlcf	(___lmul@multiplicand+3)^0,f,c
  3202   0009E4  90D8               	bcf	status,0,c
  3203   0009E6  3204               	rrcf	(___lmul@multiplier+3)^0,f,c
  3204   0009E8  3203               	rrcf	(___lmul@multiplier+2)^0,f,c
  3205   0009EA  3202               	rrcf	(___lmul@multiplier+1)^0,f,c
  3206   0009EC  3201               	rrcf	___lmul@multiplier^0,f,c
  3207   0009EE  5001               	movf	___lmul@multiplier^0,w,c
  3208   0009F0  1002               	iorwf	(___lmul@multiplier+1)^0,w,c
  3209   0009F2  1003               	iorwf	(___lmul@multiplier+2)^0,w,c
  3210   0009F4  1004               	iorwf	(___lmul@multiplier+3)^0,w,c
  3211   0009F6  A4D8               	btfss	status,2,c
  3212   0009F8  EF00  F005         	goto	u381
  3213   0009FC  EF02  F005         	goto	u380
  3214   000A00                     u381:
  3215   000A00  EFDE  F004         	goto	l1326
  3216   000A04                     u380:
  3217   000A04  C009  F001         	movff	___lmul@product,?___lmul
  3218   000A08  C00A  F002         	movff	___lmul@product+1,?___lmul+1
  3219   000A0C  C00B  F003         	movff	___lmul@product+2,?___lmul+2
  3220   000A10  C00C  F004         	movff	___lmul@product+3,?___lmul+3
  3221   000A14  0012               	return		;funcret
  3222   000A16                     __end_of___lmul:
  3223                           	callstack 0
  3224                           
  3225 ;; *************** function ___lldiv *****************
  3226 ;; Defined at:
  3227 ;;		line 7 in file "C:\Program Files\Microchip\xc8\v3.10\pic\sources\c99\common\__lldiv.c"
  3228 ;; Parameters:    Size  Location     Type
  3229 ;;  dividend        4   12[COMRAM] unsigned long 
  3230 ;;  divisor         4   16[COMRAM] unsigned long 
  3231 ;; Auto vars:     Size  Location     Type
  3232 ;;  quotient        4   20[COMRAM] unsigned long 
  3233 ;;  counter         1   24[COMRAM] unsigned char 
  3234 ;; Return value:  Size  Location     Type
  3235 ;;                  4   12[COMRAM] unsigned long 
  3236 ;; Registers used:
  3237 ;;		wreg, status,2, status,0
  3238 ;; Tracked objects:
  3239 ;;		On entry : 0/0
  3240 ;;		On exit  : 0/0
  3241 ;;		Unchanged: 0/0
  3242 ;; Data sizes:     COMRAM   BANK0   BANK1   BANK2   BANK3   BANK4   BANK5
  3243 ;;      Params:         8       0       0       0       0       0       0
  3244 ;;      Locals:         5       0       0       0       0       0       0
  3245 ;;      Temps:          0       0       0       0       0       0       0
  3246 ;;      Totals:        13       0       0       0       0       0       0
  3247 ;;Total ram usage:       13 bytes
  3248 ;; Hardware stack levels used: 1
  3249 ;; This function calls:
  3250 ;;		Nothing
  3251 ;; This function is called by:
  3252 ;;		_get_speed
  3253 ;; This function uses a non-reentrant model
  3254 ;;
  3255                           
  3256                           	psect	text4
  3257   0006C2                     __ptext4:
  3258                           	callstack 0
  3259   0006C2                     ___lldiv:
  3260                           	callstack 29
  3261   0006C2  0E00               	movlw	0
  3262   0006C4  6E15               	movwf	___lldiv@quotient^0,c
  3263   0006C6  0E00               	movlw	0
  3264   0006C8  6E16               	movwf	(___lldiv@quotient+1)^0,c
  3265   0006CA  0E00               	movlw	0
  3266   0006CC  6E17               	movwf	(___lldiv@quotient+2)^0,c
  3267   0006CE  0E00               	movlw	0
  3268   0006D0  6E18               	movwf	(___lldiv@quotient+3)^0,c
  3269   0006D2  5011               	movf	___lldiv@divisor^0,w,c
  3270   0006D4  1012               	iorwf	(___lldiv@divisor+1)^0,w,c
  3271   0006D6  1013               	iorwf	(___lldiv@divisor+2)^0,w,c
  3272   0006D8  1014               	iorwf	(___lldiv@divisor+3)^0,w,c
  3273   0006DA  B4D8               	btfsc	status,2,c
  3274   0006DC  EF72  F003         	goto	u391
  3275   0006E0  EF74  F003         	goto	u390
  3276   0006E4                     u391:
  3277   0006E4  EFAA  F003         	goto	l268
  3278   0006E8                     u390:
  3279   0006E8  0E01               	movlw	1
  3280   0006EA  6E19               	movwf	___lldiv@counter^0,c
  3281   0006EC  EF7E  F003         	goto	l1342
  3282   0006F0                     l1340:
  3283   0006F0  90D8               	bcf	status,0,c
  3284   0006F2  3611               	rlcf	___lldiv@divisor^0,f,c
  3285   0006F4  3612               	rlcf	(___lldiv@divisor+1)^0,f,c
  3286   0006F6  3613               	rlcf	(___lldiv@divisor+2)^0,f,c
  3287   0006F8  3614               	rlcf	(___lldiv@divisor+3)^0,f,c
  3288   0006FA  2A19               	incf	___lldiv@counter^0,f,c
  3289   0006FC                     l1342:
  3290   0006FC  AE14               	btfss	(___lldiv@divisor+3)^0,7,c
  3291   0006FE  EF83  F003         	goto	u401
  3292   000702  EF85  F003         	goto	u400
  3293   000706                     u401:
  3294   000706  EF78  F003         	goto	l1340
  3295   00070A                     u400:
  3296   00070A                     l1344:
  3297   00070A  90D8               	bcf	status,0,c
  3298   00070C  3615               	rlcf	___lldiv@quotient^0,f,c
  3299   00070E  3616               	rlcf	(___lldiv@quotient+1)^0,f,c
  3300   000710  3617               	rlcf	(___lldiv@quotient+2)^0,f,c
  3301   000712  3618               	rlcf	(___lldiv@quotient+3)^0,f,c
  3302   000714  5011               	movf	___lldiv@divisor^0,w,c
  3303   000716  5C0D               	subwf	___lldiv@dividend^0,w,c
  3304   000718  5012               	movf	(___lldiv@divisor+1)^0,w,c
  3305   00071A  580E               	subwfb	(___lldiv@dividend+1)^0,w,c
  3306   00071C  5013               	movf	(___lldiv@divisor+2)^0,w,c
  3307   00071E  580F               	subwfb	(___lldiv@dividend+2)^0,w,c
  3308   000720  5014               	movf	(___lldiv@divisor+3)^0,w,c
  3309   000722  5810               	subwfb	(___lldiv@dividend+3)^0,w,c
  3310   000724  A0D8               	btfss	status,0,c
  3311   000726  EF97  F003         	goto	u411
  3312   00072A  EF99  F003         	goto	u410
  3313   00072E                     u411:
  3314   00072E  EFA2  F003         	goto	l1352
  3315   000732                     u410:
  3316   000732  5011               	movf	___lldiv@divisor^0,w,c
  3317   000734  5E0D               	subwf	___lldiv@dividend^0,f,c
  3318   000736  5012               	movf	(___lldiv@divisor+1)^0,w,c
  3319   000738  5A0E               	subwfb	(___lldiv@dividend+1)^0,f,c
  3320   00073A  5013               	movf	(___lldiv@divisor+2)^0,w,c
  3321   00073C  5A0F               	subwfb	(___lldiv@dividend+2)^0,f,c
  3322   00073E  5014               	movf	(___lldiv@divisor+3)^0,w,c
  3323   000740  5A10               	subwfb	(___lldiv@dividend+3)^0,f,c
  3324   000742  8015               	bsf	___lldiv@quotient^0,0,c
  3325   000744                     l1352:
  3326   000744  90D8               	bcf	status,0,c
  3327   000746  3214               	rrcf	(___lldiv@divisor+3)^0,f,c
  3328   000748  3213               	rrcf	(___lldiv@divisor+2)^0,f,c
  3329   00074A  3212               	rrcf	(___lldiv@divisor+1)^0,f,c
  3330   00074C  3211               	rrcf	___lldiv@divisor^0,f,c
  3331   00074E  2E19               	decfsz	___lldiv@counter^0,f,c
  3332   000750  EF85  F003         	goto	l1344
  3333   000754                     l268:
  3334   000754  C015  F00D         	movff	___lldiv@quotient,?___lldiv
  3335   000758  C016  F00E         	movff	___lldiv@quotient+1,?___lldiv+1
  3336   00075C  C017  F00F         	movff	___lldiv@quotient+2,?___lldiv+2
  3337   000760  C018  F010         	movff	___lldiv@quotient+3,?___lldiv+3
  3338   000764  0012               	return		;funcret
  3339   000766                     __end_of___lldiv:
  3340                           	callstack 0
  3341                           
  3342 ;; *************** function _get_gear_pos *****************
  3343 ;; Defined at:
  3344 ;;		line 17 in file "ecu1_sensor.c"
  3345 ;; Parameters:    Size  Location     Type
  3346 ;;		None
  3347 ;; Auto vars:     Size  Location     Type
  3348 ;;  key             1    1[COMRAM] unsigned char 
  3349 ;; Return value:  Size  Location     Type
  3350 ;;                  1    wreg      unsigned char 
  3351 ;; Registers used:
  3352 ;;		wreg, fsr2l, fsr2h, status,2, status,0, cstack
  3353 ;; Tracked objects:
  3354 ;;		On entry : 0/0
  3355 ;;		On exit  : 0/0
  3356 ;;		Unchanged: 0/0
  3357 ;; Data sizes:     COMRAM   BANK0   BANK1   BANK2   BANK3   BANK4   BANK5
  3358 ;;      Params:         0       0       0       0       0       0       0
  3359 ;;      Locals:         1       0       0       0       0       0       0
  3360 ;;      Temps:          0       0       0       0       0       0       0
  3361 ;;      Totals:         1       0       0       0       0       0       0
  3362 ;;Total ram usage:        1 bytes
  3363 ;; Hardware stack levels used: 1
  3364 ;; Hardware stack levels required when called: 1
  3365 ;; This function calls:
  3366 ;;		_read_digital_keypad
  3367 ;; This function is called by:
  3368 ;;		_main
  3369 ;; This function uses a non-reentrant model
  3370 ;;
  3371                           
  3372                           	psect	text5
  3373   000602                     __ptext5:
  3374                           	callstack 0
  3375   000602                     _get_gear_pos:
  3376                           	callstack 29
  3377   000602                     
  3378                           ;ecu1_sensor.c: 19:     static unsigned char gear = 0;;ecu1_sensor.c: 20:     unsigned c
      +                          har key = read_digital_keypad(1);
  3379   000602  0E01               	movlw	1
  3380   000604  EC2C  F004         	call	_read_digital_keypad
  3381   000608  6E02               	movwf	get_gear_pos@key^0,c
  3382   00060A                     
  3383                           ;ecu1_sensor.c: 21:     if (key == 0x0F)
  3384   00060A  0E0F               	movlw	15
  3385   00060C  1802               	xorwf	get_gear_pos@key^0,w,c
  3386   00060E  A4D8               	btfss	status,2,c
  3387   000610  EF0C  F003         	goto	u221
  3388   000614  EF0E  F003         	goto	u220
  3389   000618                     u221:
  3390   000618  EF15  F003         	goto	l1212
  3391   00061C                     u220:
  3392   00061C                     l1208:
  3393                           
  3394                           ;ecu1_sensor.c: 22:         return gear_pos[gear];
  3395   00061C  5031               	movf	get_gear_pos@gear^0,w,c
  3396   00061E  0F28               	addlw	low _gear_pos
  3397   000620  6ED9               	movwf	fsr2l,c
  3398   000622  6ADA               	clrf	fsr2h,c
  3399   000624  50DF               	movf	indf2,w,c
  3400   000626  EF60  F003         	goto	l176
  3401   00062A                     l1212:
  3402                           
  3403                           ;ecu1_sensor.c: 23:     if (key != 0x0B && gear == 7) {
  3404   00062A  0E0B               	movlw	11
  3405   00062C  1802               	xorwf	get_gear_pos@key^0,w,c
  3406   00062E  B4D8               	btfsc	status,2,c
  3407   000630  EF1C  F003         	goto	u231
  3408   000634  EF1E  F003         	goto	u230
  3409   000638                     u231:
  3410   000638  EF2B  F003         	goto	l1222
  3411   00063C                     u230:
  3412   00063C  0E07               	movlw	7
  3413   00063E  1831               	xorwf	get_gear_pos@gear^0,w,c
  3414   000640  A4D8               	btfss	status,2,c
  3415   000642  EF25  F003         	goto	u241
  3416   000646  EF27  F003         	goto	u240
  3417   00064A                     u241:
  3418   00064A  EF2B  F003         	goto	l1222
  3419   00064E                     u240:
  3420   00064E                     
  3421                           ;ecu1_sensor.c: 24:         gear = 0;
  3422   00064E  6A31               	clrf	get_gear_pos@gear^0,c
  3423   000650                     
  3424                           ;ecu1_sensor.c: 25:         return gear_pos[gear];
  3425   000650  5028               	movf	_gear_pos^0,w,c
  3426   000652  EF60  F003         	goto	l176
  3427   000656                     l1222:
  3428                           
  3429                           ;ecu1_sensor.c: 27:     if (key == 0x0E && gear < 6)
  3430   000656  0E0E               	movlw	14
  3431   000658  1802               	xorwf	get_gear_pos@key^0,w,c
  3432   00065A  A4D8               	btfss	status,2,c
  3433   00065C  EF32  F003         	goto	u251
  3434   000660  EF34  F003         	goto	u250
  3435   000664                     u251:
  3436   000664  EF3F  F003         	goto	l1228
  3437   000668                     u250:
  3438   000668  0E06               	movlw	6
  3439   00066A  6031               	cpfslt	get_gear_pos@gear^0,c
  3440   00066C  EF3A  F003         	goto	u261
  3441   000670  EF3C  F003         	goto	u260
  3442   000674                     u261:
  3443   000674  EF3F  F003         	goto	l1228
  3444   000678                     u260:
  3445   000678                     
  3446                           ;ecu1_sensor.c: 28:         gear++;
  3447   000678  2A31               	incf	get_gear_pos@gear^0,f,c
  3448   00067A  EF0E  F003         	goto	l1208
  3449   00067E                     l1228:
  3450   00067E  0E0D               	movlw	13
  3451   000680  1802               	xorwf	get_gear_pos@key^0,w,c
  3452   000682  A4D8               	btfss	status,2,c
  3453   000684  EF46  F003         	goto	u271
  3454   000688  EF48  F003         	goto	u270
  3455   00068C                     u271:
  3456   00068C  EF53  F003         	goto	l1234
  3457   000690                     u270:
  3458   000690  5031               	movf	get_gear_pos@gear^0,w,c
  3459   000692  B4D8               	btfsc	status,2,c
  3460   000694  EF4E  F003         	goto	u281
  3461   000698  EF50  F003         	goto	u280
  3462   00069C                     u281:
  3463   00069C  EF53  F003         	goto	l1234
  3464   0006A0                     u280:
  3465   0006A0                     
  3466                           ;ecu1_sensor.c: 30:         gear--;
  3467   0006A0  0631               	decf	get_gear_pos@gear^0,f,c
  3468   0006A2  EF0E  F003         	goto	l1208
  3469   0006A6                     l1234:
  3470   0006A6  0E0B               	movlw	11
  3471   0006A8  1802               	xorwf	get_gear_pos@key^0,w,c
  3472   0006AA  A4D8               	btfss	status,2,c
  3473   0006AC  EF5A  F003         	goto	u291
  3474   0006B0  EF5C  F003         	goto	u290
  3475   0006B4                     u291:
  3476   0006B4  EF0E  F003         	goto	l1208
  3477   0006B8                     u290:
  3478   0006B8                     
  3479                           ;ecu1_sensor.c: 32:         gear = 7;
  3480   0006B8  0E07               	movlw	7
  3481   0006BA  6E31               	movwf	get_gear_pos@gear^0,c
  3482   0006BC  EF0E  F003         	goto	l1208
  3483   0006C0                     l176:
  3484   0006C0  0012               	return		;funcret
  3485   0006C2                     __end_of_get_gear_pos:
  3486                           	callstack 0
  3487                           
  3488 ;; *************** function _read_digital_keypad *****************
  3489 ;; Defined at:
  3490 ;;		line 9 in file "digital_keypad.c"
  3491 ;; Parameters:    Size  Location     Type
  3492 ;;  detection_ty    1    wreg     unsigned char 
  3493 ;; Auto vars:     Size  Location     Type
  3494 ;;  detection_ty    1    0[COMRAM] unsigned char 
  3495 ;; Return value:  Size  Location     Type
  3496 ;;                  1    wreg      unsigned char 
  3497 ;; Registers used:
  3498 ;;		wreg, status,2, status,0
  3499 ;; Tracked objects:
  3500 ;;		On entry : 0/0
  3501 ;;		On exit  : 0/0
  3502 ;;		Unchanged: 0/0
  3503 ;; Data sizes:     COMRAM   BANK0   BANK1   BANK2   BANK3   BANK4   BANK5
  3504 ;;      Params:         0       0       0       0       0       0       0
  3505 ;;      Locals:         1       0       0       0       0       0       0
  3506 ;;      Temps:          0       0       0       0       0       0       0
  3507 ;;      Totals:         1       0       0       0       0       0       0
  3508 ;;Total ram usage:        1 bytes
  3509 ;; Hardware stack levels used: 1
  3510 ;; This function calls:
  3511 ;;		Nothing
  3512 ;; This function is called by:
  3513 ;;		_get_gear_pos
  3514 ;; This function uses a non-reentrant model
  3515 ;;
  3516                           
  3517                           	psect	text6
  3518   000858                     __ptext6:
  3519                           	callstack 0
  3520   000858                     _read_digital_keypad:
  3521                           	callstack 29
  3522                           
  3523                           ;incstack = 0
  3524                           ;read_digital_keypad@detection_type stored from wreg
  3525   000858  6E01               	movwf	read_digital_keypad@detection_type^0,c
  3526   00085A                     
  3527                           ;digital_keypad.c: 9: unsigned char read_digital_keypad(unsigned char detection_type);di
      +                          gital_keypad.c: 10: {;digital_keypad.c: 11:  static unsigned char once = 1;;digital_keyp
      +                          ad.c: 13:  if (detection_type == 1)
  3528   00085A  0401               	decf	read_digital_keypad@detection_type^0,w,c
  3529   00085C  A4D8               	btfss	status,2,c
  3530   00085E  EF33  F004         	goto	u41
  3531   000862  EF35  F004         	goto	u40
  3532   000866                     u41:
  3533   000866  EF5A  F004         	goto	l1080
  3534   00086A                     u40:
  3535   00086A                     
  3536                           ;digital_keypad.c: 14:  {;digital_keypad.c: 15:   if (((PORTC & 0x0F) != 0x0F) && once)
  3537   00086A  5082               	movf	130,w,c	;volatile
  3538   00086C  0B0F               	andlw	15
  3539   00086E  0A0F               	xorlw	15
  3540   000870  B4D8               	btfsc	status,2,c
  3541   000872  EF3D  F004         	goto	u51
  3542   000876  EF3F  F004         	goto	u50
  3543   00087A                     u51:
  3544   00087A  EF4C  F004         	goto	l1076
  3545   00087E                     u50:
  3546   00087E  5030               	movf	read_digital_keypad@once^0,w,c
  3547   000880  B4D8               	btfsc	status,2,c
  3548   000882  EF45  F004         	goto	u61
  3549   000886  EF47  F004         	goto	u60
  3550   00088A                     u61:
  3551   00088A  EF4C  F004         	goto	l1076
  3552   00088E                     u60:
  3553   00088E                     
  3554                           ;digital_keypad.c: 16:   {;digital_keypad.c: 17:    once = 0;
  3555   00088E  6A30               	clrf	read_digital_keypad@once^0,c
  3556   000890                     l1070:
  3557                           
  3558                           ;digital_keypad.c: 19:    return (PORTC & 0x0F);
  3559   000890  5082               	movf	130,w,c	;volatile
  3560   000892  0B0F               	andlw	15
  3561   000894  EF65  F004         	goto	l127
  3562   000898                     l1076:
  3563   000898  5082               	movf	130,w,c	;volatile
  3564   00089A  0B0F               	andlw	15
  3565   00089C  0A0F               	xorlw	15
  3566   00089E  A4D8               	btfss	status,2,c
  3567   0008A0  EF54  F004         	goto	u71
  3568   0008A4  EF56  F004         	goto	u70
  3569   0008A8                     u71:
  3570   0008A8  EF64  F004         	goto	l1086
  3571   0008AC                     u70:
  3572   0008AC                     
  3573                           ;digital_keypad.c: 22:   {;digital_keypad.c: 23:    once = 1;
  3574   0008AC  0E01               	movlw	1
  3575   0008AE  6E30               	movwf	read_digital_keypad@once^0,c
  3576   0008B0  EF64  F004         	goto	l1086
  3577   0008B4                     l1080:
  3578   0008B4  5001               	movf	read_digital_keypad@detection_type^0,w,c
  3579   0008B6  A4D8               	btfss	status,2,c
  3580   0008B8  EF60  F004         	goto	u81
  3581   0008BC  EF62  F004         	goto	u80
  3582   0008C0                     u81:
  3583   0008C0  EF64  F004         	goto	l1086
  3584   0008C4                     u80:
  3585   0008C4  EF48  F004         	goto	l1070
  3586   0008C8                     l1086:
  3587                           
  3588                           ;digital_keypad.c: 31:  return 0x0F;
  3589   0008C8  0E0F               	movlw	15
  3590   0008CA                     l127:
  3591   0008CA  0012               	return		;funcret
  3592   0008CC                     __end_of_read_digital_keypad:
  3593                           	callstack 0
  3594                           
  3595 ;; *************** function _convert_speed *****************
  3596 ;; Defined at:
  3597 ;;		line 12 in file "ecu1_main.c"
  3598 ;; Parameters:    Size  Location     Type
  3599 ;;  speed           2    7[COMRAM] unsigned short 
  3600 ;;  buffer          1    9[COMRAM] PTR unsigned char 
  3601 ;;		 -> main@speed_str(3), 
  3602 ;; Auto vars:     Size  Location     Type
  3603 ;;  i               2   10[COMRAM] int 
  3604 ;; Return value:  Size  Location     Type
  3605 ;;                  1    wreg      void 
  3606 ;; Registers used:
  3607 ;;		wreg, fsr2l, fsr2h, status,2, status,0, cstack
  3608 ;; Tracked objects:
  3609 ;;		On entry : 0/0
  3610 ;;		On exit  : 0/0
  3611 ;;		Unchanged: 0/0
  3612 ;; Data sizes:     COMRAM   BANK0   BANK1   BANK2   BANK3   BANK4   BANK5
  3613 ;;      Params:         3       0       0       0       0       0       0
  3614 ;;      Locals:         2       0       0       0       0       0       0
  3615 ;;      Temps:          0       0       0       0       0       0       0
  3616 ;;      Totals:         5       0       0       0       0       0       0
  3617 ;;Total ram usage:        5 bytes
  3618 ;; Hardware stack levels used: 1
  3619 ;; Hardware stack levels required when called: 1
  3620 ;; This function calls:
  3621 ;;		___lwdiv
  3622 ;;		___lwmod
  3623 ;; This function is called by:
  3624 ;;		_main
  3625 ;; This function uses a non-reentrant model
  3626 ;;
  3627                           
  3628                           	psect	text7
  3629   000A7A                     __ptext7:
  3630                           	callstack 0
  3631   000A7A                     _convert_speed:
  3632                           	callstack 29
  3633   000A7A                     
  3634                           ;ecu1_main.c: 13:     for (int i = 1; i >= 0; i--) {
  3635   000A7A  6A0C               	clrf	(convert_speed@i+1)^0,c
  3636   000A7C  0E01               	movlw	1
  3637   000A7E  6E0B               	movwf	convert_speed@i^0,c
  3638   000A80                     l1416:
  3639                           
  3640                           ;ecu1_main.c: 14:         buffer[i] = (speed % 10 + '0');
  3641   000A80  500A               	movf	convert_speed@buffer^0,w,c
  3642   000A82  240B               	addwf	convert_speed@i^0,w,c
  3643   000A84  6ED9               	movwf	fsr2l,c
  3644   000A86  6ADA               	clrf	fsr2h,c
  3645   000A88  C008  F001         	movff	convert_speed@speed,___lwmod@dividend
  3646   000A8C  C009  F002         	movff	convert_speed@speed+1,___lwmod@dividend+1
  3647   000A90  6A04               	clrf	(___lwmod@divisor+1)^0,c
  3648   000A92  0E0A               	movlw	10
  3649   000A94  6E03               	movwf	___lwmod@divisor^0,c
  3650   000A96  EC0B  F005         	call	___lwmod	;wreg free
  3651   000A9A  5001               	movf	?___lwmod^0,w,c
  3652   000A9C  0F30               	addlw	48
  3653   000A9E  6EDF               	movwf	indf2,c
  3654   000AA0                     
  3655                           ;ecu1_main.c: 15:         speed /= 10;
  3656   000AA0  C008  F001         	movff	convert_speed@speed,___lwdiv@dividend
  3657   000AA4  C009  F002         	movff	convert_speed@speed+1,___lwdiv@dividend+1
  3658   000AA8  6A04               	clrf	(___lwdiv@divisor+1)^0,c
  3659   000AAA  0E0A               	movlw	10
  3660   000AAC  6E03               	movwf	___lwdiv@divisor^0,c
  3661   000AAE  EC66  F004         	call	___lwdiv	;wreg free
  3662   000AB2  C001  F008         	movff	?___lwdiv,convert_speed@speed
  3663   000AB6  C002  F009         	movff	?___lwdiv+1,convert_speed@speed+1
  3664   000ABA                     
  3665                           ;ecu1_main.c: 16:     }
  3666   000ABA  060B               	decf	convert_speed@i^0,f,c
  3667   000ABC  A0D8               	btfss	status,0,c
  3668   000ABE  060C               	decf	(convert_speed@i+1)^0,f,c
  3669   000AC0  BE0C               	btfsc	(convert_speed@i+1)^0,7,c
  3670   000AC2  EF67  F005         	goto	u490
  3671   000AC6  EF65  F005         	goto	u491
  3672   000ACA                     u491:
  3673   000ACA  EF40  F005         	goto	l1416
  3674   000ACE                     u490:
  3675   000ACE                     
  3676                           ;ecu1_main.c: 17:     buffer[2] = '\0';
  3677   000ACE  500A               	movf	convert_speed@buffer^0,w,c
  3678   000AD0  6ED9               	movwf	fsr2l,c
  3679   000AD2  6ADA               	clrf	fsr2h,c
  3680   000AD4  0E02               	movlw	2
  3681   000AD6  26D9               	addwf	fsr2l,f,c
  3682   000AD8  6ADF               	clrf	indf2,c
  3683   000ADA  0012               	return		;funcret
  3684   000ADC                     __end_of_convert_speed:
  3685                           	callstack 0
  3686                           
  3687 ;; *************** function ___lwmod *****************
  3688 ;; Defined at:
  3689 ;;		line 7 in file "C:\Program Files\Microchip\xc8\v3.10\pic\sources\c99\common\lwmod.c"
  3690 ;; Parameters:    Size  Location     Type
  3691 ;;  dividend        2    0[COMRAM] unsigned int 
  3692 ;;  divisor         2    2[COMRAM] unsigned int 
  3693 ;; Auto vars:     Size  Location     Type
  3694 ;;  counter         1    4[COMRAM] unsigned char 
  3695 ;; Return value:  Size  Location     Type
  3696 ;;                  2    0[COMRAM] unsigned int 
  3697 ;; Registers used:
  3698 ;;		wreg, status,2, status,0
  3699 ;; Tracked objects:
  3700 ;;		On entry : 0/0
  3701 ;;		On exit  : 0/0
  3702 ;;		Unchanged: 0/0
  3703 ;; Data sizes:     COMRAM   BANK0   BANK1   BANK2   BANK3   BANK4   BANK5
  3704 ;;      Params:         4       0       0       0       0       0       0
  3705 ;;      Locals:         1       0       0       0       0       0       0
  3706 ;;      Temps:          0       0       0       0       0       0       0
  3707 ;;      Totals:         5       0       0       0       0       0       0
  3708 ;;Total ram usage:        5 bytes
  3709 ;; Hardware stack levels used: 1
  3710 ;; This function calls:
  3711 ;;		Nothing
  3712 ;; This function is called by:
  3713 ;;		_convert_speed
  3714 ;; This function uses a non-reentrant model
  3715 ;;
  3716                           
  3717                           	psect	text8
  3718   000A16                     __ptext8:
  3719                           	callstack 0
  3720   000A16                     ___lwmod:
  3721                           	callstack 29
  3722   000A16  5003               	movf	___lwmod@divisor^0,w,c
  3723   000A18  1004               	iorwf	(___lwmod@divisor+1)^0,w,c
  3724   000A1A  B4D8               	btfsc	status,2,c
  3725   000A1C  EF12  F005         	goto	u451
  3726   000A20  EF14  F005         	goto	u450
  3727   000A24                     u451:
  3728   000A24  EF38  F005         	goto	l852
  3729   000A28                     u450:
  3730   000A28  0E01               	movlw	1
  3731   000A2A  6E05               	movwf	___lwmod@counter^0,c
  3732   000A2C  EF1C  F005         	goto	l1384
  3733   000A30                     l1382:
  3734   000A30  90D8               	bcf	status,0,c
  3735   000A32  3603               	rlcf	___lwmod@divisor^0,f,c
  3736   000A34  3604               	rlcf	(___lwmod@divisor+1)^0,f,c
  3737   000A36  2A05               	incf	___lwmod@counter^0,f,c
  3738   000A38                     l1384:
  3739   000A38  AE04               	btfss	(___lwmod@divisor+1)^0,7,c
  3740   000A3A  EF21  F005         	goto	u461
  3741   000A3E  EF23  F005         	goto	u460
  3742   000A42                     u461:
  3743   000A42  EF18  F005         	goto	l1382
  3744   000A46                     u460:
  3745   000A46                     l1386:
  3746   000A46  5003               	movf	___lwmod@divisor^0,w,c
  3747   000A48  5C01               	subwf	___lwmod@dividend^0,w,c
  3748   000A4A  5004               	movf	(___lwmod@divisor+1)^0,w,c
  3749   000A4C  5802               	subwfb	(___lwmod@dividend+1)^0,w,c
  3750   000A4E  A0D8               	btfss	status,0,c
  3751   000A50  EF2C  F005         	goto	u471
  3752   000A54  EF2E  F005         	goto	u470
  3753   000A58                     u471:
  3754   000A58  EF32  F005         	goto	l1390
  3755   000A5C                     u470:
  3756   000A5C  5003               	movf	___lwmod@divisor^0,w,c
  3757   000A5E  5E01               	subwf	___lwmod@dividend^0,f,c
  3758   000A60  5004               	movf	(___lwmod@divisor+1)^0,w,c
  3759   000A62  5A02               	subwfb	(___lwmod@dividend+1)^0,f,c
  3760   000A64                     l1390:
  3761   000A64  90D8               	bcf	status,0,c
  3762   000A66  3204               	rrcf	(___lwmod@divisor+1)^0,f,c
  3763   000A68  3203               	rrcf	___lwmod@divisor^0,f,c
  3764   000A6A  2E05               	decfsz	___lwmod@counter^0,f,c
  3765   000A6C  EF23  F005         	goto	l1386
  3766   000A70                     l852:
  3767   000A70  C001  F001         	movff	___lwmod@dividend,?___lwmod
  3768   000A74  C002  F002         	movff	___lwmod@dividend+1,?___lwmod+1
  3769   000A78  0012               	return		;funcret
  3770   000A7A                     __end_of___lwmod:
  3771                           	callstack 0
  3772                           
  3773 ;; *************** function ___lwdiv *****************
  3774 ;; Defined at:
  3775 ;;		line 7 in file "C:\Program Files\Microchip\xc8\v3.10\pic\sources\c99\common\lwdiv.c"
  3776 ;; Parameters:    Size  Location     Type
  3777 ;;  dividend        2    0[COMRAM] unsigned int 
  3778 ;;  divisor         2    2[COMRAM] unsigned int 
  3779 ;; Auto vars:     Size  Location     Type
  3780 ;;  quotient        2    4[COMRAM] unsigned int 
  3781 ;;  counter         1    6[COMRAM] unsigned char 
  3782 ;; Return value:  Size  Location     Type
  3783 ;;                  2    0[COMRAM] unsigned int 
  3784 ;; Registers used:
  3785 ;;		wreg, status,2, status,0
  3786 ;; Tracked objects:
  3787 ;;		On entry : 0/0
  3788 ;;		On exit  : 0/0
  3789 ;;		Unchanged: 0/0
  3790 ;; Data sizes:     COMRAM   BANK0   BANK1   BANK2   BANK3   BANK4   BANK5
  3791 ;;      Params:         4       0       0       0       0       0       0
  3792 ;;      Locals:         3       0       0       0       0       0       0
  3793 ;;      Temps:          0       0       0       0       0       0       0
  3794 ;;      Totals:         7       0       0       0       0       0       0
  3795 ;;Total ram usage:        7 bytes
  3796 ;; Hardware stack levels used: 1
  3797 ;; This function calls:
  3798 ;;		Nothing
  3799 ;; This function is called by:
  3800 ;;		_convert_speed
  3801 ;; This function uses a non-reentrant model
  3802 ;;
  3803                           
  3804                           	psect	text9
  3805   0008CC                     __ptext9:
  3806                           	callstack 0
  3807   0008CC                     ___lwdiv:
  3808                           	callstack 29
  3809   0008CC  6A06               	clrf	(___lwdiv@quotient+1)^0,c
  3810   0008CE  0E00               	movlw	0
  3811   0008D0  6E05               	movwf	___lwdiv@quotient^0,c
  3812   0008D2  5003               	movf	___lwdiv@divisor^0,w,c
  3813   0008D4  1004               	iorwf	(___lwdiv@divisor+1)^0,w,c
  3814   0008D6  B4D8               	btfsc	status,2,c
  3815   0008D8  EF70  F004         	goto	u421
  3816   0008DC  EF72  F004         	goto	u420
  3817   0008E0                     u421:
  3818   0008E0  EF9A  F004         	goto	l842
  3819   0008E4                     u420:
  3820   0008E4  0E01               	movlw	1
  3821   0008E6  6E07               	movwf	___lwdiv@counter^0,c
  3822   0008E8  EF7A  F004         	goto	l1364
  3823   0008EC                     l1362:
  3824   0008EC  90D8               	bcf	status,0,c
  3825   0008EE  3603               	rlcf	___lwdiv@divisor^0,f,c
  3826   0008F0  3604               	rlcf	(___lwdiv@divisor+1)^0,f,c
  3827   0008F2  2A07               	incf	___lwdiv@counter^0,f,c
  3828   0008F4                     l1364:
  3829   0008F4  AE04               	btfss	(___lwdiv@divisor+1)^0,7,c
  3830   0008F6  EF7F  F004         	goto	u431
  3831   0008FA  EF81  F004         	goto	u430
  3832   0008FE                     u431:
  3833   0008FE  EF76  F004         	goto	l1362
  3834   000902                     u430:
  3835   000902                     l1366:
  3836   000902  90D8               	bcf	status,0,c
  3837   000904  3605               	rlcf	___lwdiv@quotient^0,f,c
  3838   000906  3606               	rlcf	(___lwdiv@quotient+1)^0,f,c
  3839   000908  5003               	movf	___lwdiv@divisor^0,w,c
  3840   00090A  5C01               	subwf	___lwdiv@dividend^0,w,c
  3841   00090C  5004               	movf	(___lwdiv@divisor+1)^0,w,c
  3842   00090E  5802               	subwfb	(___lwdiv@dividend+1)^0,w,c
  3843   000910  A0D8               	btfss	status,0,c
  3844   000912  EF8D  F004         	goto	u441
  3845   000916  EF8F  F004         	goto	u440
  3846   00091A                     u441:
  3847   00091A  EF94  F004         	goto	l1374
  3848   00091E                     u440:
  3849   00091E  5003               	movf	___lwdiv@divisor^0,w,c
  3850   000920  5E01               	subwf	___lwdiv@dividend^0,f,c
  3851   000922  5004               	movf	(___lwdiv@divisor+1)^0,w,c
  3852   000924  5A02               	subwfb	(___lwdiv@dividend+1)^0,f,c
  3853   000926  8005               	bsf	___lwdiv@quotient^0,0,c
  3854   000928                     l1374:
  3855   000928  90D8               	bcf	status,0,c
  3856   00092A  3204               	rrcf	(___lwdiv@divisor+1)^0,f,c
  3857   00092C  3203               	rrcf	___lwdiv@divisor^0,f,c
  3858   00092E  2E07               	decfsz	___lwdiv@counter^0,f,c
  3859   000930  EF81  F004         	goto	l1366
  3860   000934                     l842:
  3861   000934  C005  F001         	movff	___lwdiv@quotient,?___lwdiv
  3862   000938  C006  F002         	movff	___lwdiv@quotient+1,?___lwdiv+1
  3863   00093C  0012               	return		;funcret
  3864   00093E                     __end_of___lwdiv:
  3865                           	callstack 0
  3866                           
  3867 ;; *************** function _config *****************
  3868 ;; Defined at:
  3869 ;;		line 6 in file "ecu1_main.c"
  3870 ;; Parameters:    Size  Location     Type
  3871 ;;		None
  3872 ;; Auto vars:     Size  Location     Type
  3873 ;;		None
  3874 ;; Return value:  Size  Location     Type
  3875 ;;                  1    wreg      void 
  3876 ;; Registers used:
  3877 ;;		wreg, status,2, status,0, cstack
  3878 ;; Tracked objects:
  3879 ;;		On entry : 0/0
  3880 ;;		On exit  : 0/0
  3881 ;;		Unchanged: 0/0
  3882 ;; Data sizes:     COMRAM   BANK0   BANK1   BANK2   BANK3   BANK4   BANK5
  3883 ;;      Params:         0       0       0       0       0       0       0
  3884 ;;      Locals:         0       0       0       0       0       0       0
  3885 ;;      Temps:          0       0       0       0       0       0       0
  3886 ;;      Totals:         0       0       0       0       0       0       0
  3887 ;;Total ram usage:        0 bytes
  3888 ;; Hardware stack levels used: 1
  3889 ;; Hardware stack levels required when called: 1
  3890 ;; This function calls:
  3891 ;;		_init_adc
  3892 ;;		_init_can
  3893 ;;		_init_digital_keypad
  3894 ;; This function is called by:
  3895 ;;		_main
  3896 ;; This function uses a non-reentrant model
  3897 ;;
  3898                           
  3899                           	psect	text10
  3900   000BDE                     __ptext10:
  3901                           	callstack 0
  3902   000BDE                     _config:
  3903                           	callstack 29
  3904   000BDE                     
  3905                           ;ecu1_main.c: 7:     init_can();
  3906   000BDE  EC91  F005         	call	_init_can	;wreg free
  3907   000BE2                     
  3908                           ;ecu1_main.c: 8:     init_adc();
  3909   000BE2  ECE1  F005         	call	_init_adc	;wreg free
  3910   000BE6                     
  3911                           ;ecu1_main.c: 9:     init_digital_keypad();
  3912   000BE6  ECFB  F005         	call	_init_digital_keypad	;wreg free
  3913   000BEA  0012               	return		;funcret
  3914   000BEC                     __end_of_config:
  3915                           	callstack 0
  3916                           
  3917 ;; *************** function _init_digital_keypad *****************
  3918 ;; Defined at:
  3919 ;;		line 4 in file "digital_keypad.c"
  3920 ;; Parameters:    Size  Location     Type
  3921 ;;		None
  3922 ;; Auto vars:     Size  Location     Type
  3923 ;;		None
  3924 ;; Return value:  Size  Location     Type
  3925 ;;                  1    wreg      void 
  3926 ;; Registers used:
  3927 ;;		wreg, status,2, status,0
  3928 ;; Tracked objects:
  3929 ;;		On entry : 0/0
  3930 ;;		On exit  : 0/0
  3931 ;;		Unchanged: 0/0
  3932 ;; Data sizes:     COMRAM   BANK0   BANK1   BANK2   BANK3   BANK4   BANK5
  3933 ;;      Params:         0       0       0       0       0       0       0
  3934 ;;      Locals:         0       0       0       0       0       0       0
  3935 ;;      Temps:          0       0       0       0       0       0       0
  3936 ;;      Totals:         0       0       0       0       0       0       0
  3937 ;;Total ram usage:        0 bytes
  3938 ;; Hardware stack levels used: 1
  3939 ;; This function calls:
  3940 ;;		Nothing
  3941 ;; This function is called by:
  3942 ;;		_config
  3943 ;; This function uses a non-reentrant model
  3944 ;;
  3945                           
  3946                           	psect	text11
  3947   000BF6                     __ptext11:
  3948                           	callstack 0
  3949   000BF6                     _init_digital_keypad:
  3950                           	callstack 29
  3951   000BF6                     
  3952                           ;digital_keypad.c: 6:  TRISC = TRISC | 0x0F;
  3953   000BF6  5094               	movf	148,w,c	;volatile
  3954   000BF8  090F               	iorlw	15
  3955   000BFA  6E94               	movwf	148,c	;volatile
  3956   000BFC  0012               	return		;funcret
  3957   000BFE                     __end_of_init_digital_keypad:
  3958                           	callstack 0
  3959                           
  3960 ;; *************** function _init_can *****************
  3961 ;; Defined at:
  3962 ;;		line 14 in file "can.c"
  3963 ;; Parameters:    Size  Location     Type
  3964 ;;		None
  3965 ;; Auto vars:     Size  Location     Type
  3966 ;;		None
  3967 ;; Return value:  Size  Location     Type
  3968 ;;                  1    wreg      void 
  3969 ;; Registers used:
  3970 ;;		wreg, status,2, status,0
  3971 ;; Tracked objects:
  3972 ;;		On entry : 0/0
  3973 ;;		On exit  : 0/0
  3974 ;;		Unchanged: 0/0
  3975 ;; Data sizes:     COMRAM   BANK0   BANK1   BANK2   BANK3   BANK4   BANK5
  3976 ;;      Params:         0       0       0       0       0       0       0
  3977 ;;      Locals:         0       0       0       0       0       0       0
  3978 ;;      Temps:          0       0       0       0       0       0       0
  3979 ;;      Totals:         0       0       0       0       0       0       0
  3980 ;;Total ram usage:        0 bytes
  3981 ;; Hardware stack levels used: 1
  3982 ;; This function calls:
  3983 ;;		Nothing
  3984 ;; This function is called by:
  3985 ;;		_config
  3986 ;; This function uses a non-reentrant model
  3987 ;;
  3988                           
  3989                           	psect	text12
  3990   000B22                     __ptext12:
  3991                           	callstack 0
  3992   000B22                     _init_can:
  3993                           	callstack 29
  3994   000B22                     
  3995                           ;can.c: 16:     TRISB2 = 0;
  3996   000B22  9493               	bcf	3987,2,c	;volatile
  3997                           
  3998                           ;can.c: 17:     TRISB3 = 1;
  3999   000B24  8693               	bsf	3987,3,c	;volatile
  4000   000B26                     
  4001                           ;can.c: 21:     { CANCON &= 0x1F; CANCON |= e_can_op_mode_config; };
  4002   000B26  0E1F               	movlw	31
  4003   000B28  166F               	andwf	111,f,c	;volatile
  4004   000B2A  8E6F               	bsf	111,7,c	;volatile
  4005   000B2C                     l1042:
  4006   000B2C  0E80               	movlw	128
  4007   000B2E  186E               	xorwf	110,w,c	;volatile
  4008   000B30  A4D8               	btfss	status,2,c
  4009   000B32  EF9D  F005         	goto	u21
  4010   000B36  EF9F  F005         	goto	u20
  4011   000B3A                     u21:
  4012   000B3A  EF96  F005         	goto	l1042
  4013   000B3E                     u20:
  4014   000B3E                     
  4015                           ;can.c: 26:     ECANCON = 0x00;
  4016   000B3E  6A77               	clrf	119,c	;volatile
  4017   000B40                     
  4018                           ;can.c: 29:     BRGCON1 = 0xE1;
  4019   000B40  0EE1               	movlw	225
  4020   000B42  6E70               	movwf	112,c	;volatile
  4021                           
  4022                           ;can.c: 30:     BRGCON2 = 0x1B;
  4023   000B44  0E1B               	movlw	27
  4024   000B46  6E71               	movwf	113,c	;volatile
  4025                           
  4026                           ;can.c: 31:     BRGCON3 = 0x03;
  4027   000B48  0E03               	movlw	3
  4028   000B4A  6E72               	movwf	114,c	;volatile
  4029   000B4C                     
  4030                           ;can.c: 37:     RXFCON0 = 0x00;
  4031   000B4C  010D               	movlb	13	; () banked
  4032   000B4E  6BD4               	clrf	212,b	;volatile
  4033   000B50                     
  4034                           ; BSR set to: 13
  4035                           ;can.c: 39:     { CANCON &= 0x1F; CANCON |= e_can_op_mode_normal; };
  4036   000B50  0E1F               	movlw	31
  4037   000B52  166F               	andwf	111,f,c	;volatile
  4038   000B54                     
  4039                           ; BSR set to: 13
  4040   000B54  506F               	movf	111,w,c	;volatile
  4041   000B56                     
  4042                           ; BSR set to: 13
  4043                           ;can.c: 42:     RXB0CON = 0x00;
  4044   000B56  6A60               	clrf	96,c	;volatile
  4045   000B58                     
  4046                           ; BSR set to: 13
  4047                           ;can.c: 43:     RXB0CONbits.RXM1 = 1;
  4048   000B58  8C60               	bsf	96,6,c	;volatile
  4049   000B5A                     
  4050                           ; BSR set to: 13
  4051                           ;can.c: 44:     RXB0CONbits.RXM0 = 1;
  4052   000B5A  8A60               	bsf	96,5,c	;volatile
  4053   000B5C                     
  4054                           ; BSR set to: 13
  4055   000B5C  0012               	return		;funcret
  4056   000B5E                     __end_of_init_can:
  4057                           	callstack 0
  4058                           
  4059 ;; *************** function _init_adc *****************
  4060 ;; Defined at:
  4061 ;;		line 4 in file "adc.c"
  4062 ;; Parameters:    Size  Location     Type
  4063 ;;		None
  4064 ;; Auto vars:     Size  Location     Type
  4065 ;;		None
  4066 ;; Return value:  Size  Location     Type
  4067 ;;                  1    wreg      void 
  4068 ;; Registers used:
  4069 ;;		None
  4070 ;; Tracked objects:
  4071 ;;		On entry : 0/0
  4072 ;;		On exit  : 0/0
  4073 ;;		Unchanged: 0/0
  4074 ;; Data sizes:     COMRAM   BANK0   BANK1   BANK2   BANK3   BANK4   BANK5
  4075 ;;      Params:         0       0       0       0       0       0       0
  4076 ;;      Locals:         0       0       0       0       0       0       0
  4077 ;;      Temps:          0       0       0       0       0       0       0
  4078 ;;      Totals:         0       0       0       0       0       0       0
  4079 ;;Total ram usage:        0 bytes
  4080 ;; Hardware stack levels used: 1
  4081 ;; This function calls:
  4082 ;;		Nothing
  4083 ;; This function is called by:
  4084 ;;		_config
  4085 ;; This function uses a non-reentrant model
  4086 ;;
  4087                           
  4088                           	psect	text13
  4089   000BC2                     __ptext13:
  4090                           	callstack 0
  4091   000BC2                     _init_adc:
  4092                           	callstack 29
  4093   000BC2                     
  4094                           ;adc.c: 7:  ADFM = 1;
  4095   000BC2  8EC0               	bsf	4032,7,c	;volatile
  4096                           
  4097                           ;adc.c: 13:  ACQT2 = 0;
  4098   000BC4  9AC0               	bcf	4032,5,c	;volatile
  4099                           
  4100                           ;adc.c: 14:  ACQT1 = 1;
  4101   000BC6  88C0               	bsf	4032,4,c	;volatile
  4102                           
  4103                           ;adc.c: 15:  ACQT0 = 0;
  4104   000BC8  96C0               	bcf	4032,3,c	;volatile
  4105                           
  4106                           ;adc.c: 21:  ADCS0 = 0;
  4107   000BCA  90C0               	bcf	4032,0,c	;volatile
  4108                           
  4109                           ;adc.c: 22:  ADCS1 = 1;
  4110   000BCC  82C0               	bsf	4032,1,c	;volatile
  4111                           
  4112                           ;adc.c: 23:  ADCS2 = 0;
  4113   000BCE  94C0               	bcf	4032,2,c	;volatile
  4114                           
  4115                           ;adc.c: 26:  GODONE = 0;
  4116   000BD0  92C2               	bcf	4034,1,c	;volatile
  4117                           
  4118                           ;adc.c: 31:  VCFG1 = 0;
  4119   000BD2  9AC1               	bcf	4033,5,c	;volatile
  4120                           
  4121                           ;adc.c: 33:  VCFG0 = 0;
  4122   000BD4  98C1               	bcf	4033,4,c	;volatile
  4123                           
  4124                           ;adc.c: 36:  ADRESH = 0;
  4125   000BD6  6AC4               	clrf	196,c	;volatile
  4126                           
  4127                           ;adc.c: 37:  ADRESL = 0;
  4128   000BD8  6AC3               	clrf	195,c	;volatile
  4129                           
  4130                           ;adc.c: 40:  ADON = 1;
  4131   000BDA  80C2               	bsf	4034,0,c	;volatile
  4132   000BDC  0012               	return		;funcret
  4133   000BDE                     __end_of_init_adc:
  4134                           	callstack 0
  4135                           
  4136 ;; *************** function _can_transmit *****************
  4137 ;; Defined at:
  4138 ;;		line 61 in file "can.c"
  4139 ;; Parameters:    Size  Location     Type
  4140 ;;  msg_id          2    4[COMRAM] unsigned short 
  4141 ;;  data            1    6[COMRAM] PTR const unsigned char 
  4142 ;;		 -> main@gear(1), main@speed_str(3), 
  4143 ;;  len             1    7[COMRAM] unsigned char 
  4144 ;; Auto vars:     Size  Location     Type
  4145 ;;  i               2   13[COMRAM] int 
  4146 ;;  ptr             2   11[COMRAM] PTR unsigned char 
  4147 ;;		 -> TXB0D0(1), 
  4148 ;; Return value:  Size  Location     Type
  4149 ;;                  1    wreg      void 
  4150 ;; Registers used:
  4151 ;;		wreg, fsr1l, fsr1h, fsr2l, fsr2h, status,2, status,0, cstack
  4152 ;; Tracked objects:
  4153 ;;		On entry : 0/0
  4154 ;;		On exit  : 0/0
  4155 ;;		Unchanged: 0/0
  4156 ;; Data sizes:     COMRAM   BANK0   BANK1   BANK2   BANK3   BANK4   BANK5
  4157 ;;      Params:         4       0       0       0       0       0       0
  4158 ;;      Locals:         4       0       0       0       0       0       0
  4159 ;;      Temps:          3       0       0       0       0       0       0
  4160 ;;      Totals:        11       0       0       0       0       0       0
  4161 ;;Total ram usage:       11 bytes
  4162 ;; Hardware stack levels used: 1
  4163 ;; Hardware stack levels required when called: 1
  4164 ;; This function calls:
  4165 ;;		_set_msg_id_std
  4166 ;; This function is called by:
  4167 ;;		_main
  4168 ;; This function uses a non-reentrant model
  4169 ;;
  4170                           
  4171                           	psect	text14
  4172   00093E                     __ptext14:
  4173                           	callstack 0
  4174   00093E                     _can_transmit:
  4175                           	callstack 29
  4176   00093E                     
  4177                           ;can.c: 62:     uint8_t *ptr;;can.c: 63:     TXB0EIDH = 0x00;
  4178   00093E  010F               	movlb	15	; () banked
  4179   000940  6B43               	clrf	67,b	;volatile
  4180                           
  4181                           ;can.c: 64:     TXB0EIDL = 0x00;
  4182   000942  6B44               	clrf	68,b	;volatile
  4183   000944                     
  4184                           ; BSR set to: 15
  4185                           ;can.c: 67:     set_msg_id_std(msg_id);
  4186   000944  C005  F001         	movff	can_transmit@msg_id,set_msg_id_std@id
  4187   000948  C006  F002         	movff	can_transmit@msg_id+1,set_msg_id_std@id+1
  4188   00094C  ECAF  F005         	call	_set_msg_id_std	;wreg free
  4189   000950                     
  4190                           ;can.c: 70:     TXB0DLC = len;
  4191   000950  C008  FF45         	movff	can_transmit@len,3909	;volatile
  4192   000954                     
  4193                           ;can.c: 75:     ptr = (uint8_t *) & TXB0D0;
  4194   000954  0E46               	movlw	70
  4195   000956  6E0C               	movwf	can_transmit@ptr^0,c
  4196   000958  0E0F               	movlw	15
  4197   00095A  6E0D               	movwf	(can_transmit@ptr+1)^0,c
  4198   00095C                     
  4199                           ;can.c: 76:     for (int i = 0; i < len; i++) {
  4200   00095C  6A0F               	clrf	(can_transmit@i+1)^0,c
  4201   00095E  0E00               	movlw	0
  4202   000960  6E0E               	movwf	can_transmit@i^0,c
  4203   000962  EFC1  F004         	goto	l1408
  4204   000966                     l1404:
  4205                           
  4206                           ;can.c: 77:         ptr[i] = data[i];
  4207   000966  5007               	movf	can_transmit@data^0,w,c
  4208   000968  240E               	addwf	can_transmit@i^0,w,c
  4209   00096A  6ED9               	movwf	fsr2l,c
  4210   00096C  6ADA               	clrf	fsr2h,c
  4211   00096E  500E               	movf	can_transmit@i^0,w,c
  4212   000970  240C               	addwf	can_transmit@ptr^0,w,c
  4213   000972  6EE1               	movwf	fsr1l,c
  4214   000974  500F               	movf	(can_transmit@i+1)^0,w,c
  4215   000976  200D               	addwfc	(can_transmit@ptr+1)^0,w,c
  4216   000978  6EE2               	movwf	fsr1h,c
  4217   00097A  CFDF FFE7          	movff	indf2,indf1
  4218   00097E                     
  4219                           ;can.c: 78:     }
  4220   00097E  4A0E               	infsnz	can_transmit@i^0,f,c
  4221   000980  2A0F               	incf	(can_transmit@i+1)^0,f,c
  4222   000982                     l1408:
  4223   000982  5008               	movf	can_transmit@len^0,w,c
  4224   000984  6E09               	movwf	??_can_transmit^0,c
  4225   000986  6A0A               	clrf	(??_can_transmit+1)^0,c
  4226   000988  5009               	movf	??_can_transmit^0,w,c
  4227   00098A  5C0E               	subwf	can_transmit@i^0,w,c
  4228   00098C  500F               	movf	(can_transmit@i+1)^0,w,c
  4229   00098E  0A80               	xorlw	128
  4230   000990  6E0B               	movwf	(??_can_transmit+2)^0,c
  4231   000992  500A               	movf	(??_can_transmit+1)^0,w,c
  4232   000994  0A80               	xorlw	128
  4233   000996  580B               	subwfb	(??_can_transmit+2)^0,w,c
  4234   000998  A0D8               	btfss	status,0,c
  4235   00099A  EFD1  F004         	goto	u481
  4236   00099E  EFD3  F004         	goto	u480
  4237   0009A2                     u481:
  4238   0009A2  EFB3  F004         	goto	l1404
  4239   0009A6                     u480:
  4240   0009A6                     
  4241                           ;can.c: 79:     TXB0REQ = 1;
  4242   0009A6  010F               	movlb	15	; () banked
  4243   0009A8  8740               	bsf	64,3,b	;volatile
  4244   0009AA                     
  4245                           ; BSR set to: 15
  4246   0009AA  0012               	return		;funcret
  4247   0009AC                     __end_of_can_transmit:
  4248                           	callstack 0
  4249                           
  4250 ;; *************** function _set_msg_id_std *****************
  4251 ;; Defined at:
  4252 ;;		line 54 in file "can.c"
  4253 ;; Parameters:    Size  Location     Type
  4254 ;;  id              2    0[COMRAM] unsigned int 
  4255 ;; Auto vars:     Size  Location     Type
  4256 ;;		None
  4257 ;; Return value:  Size  Location     Type
  4258 ;;                  1    wreg      void 
  4259 ;; Registers used:
  4260 ;;		wreg, status,2, status,0
  4261 ;; Tracked objects:
  4262 ;;		On entry : 0/0
  4263 ;;		On exit  : 0/0
  4264 ;;		Unchanged: 0/0
  4265 ;; Data sizes:     COMRAM   BANK0   BANK1   BANK2   BANK3   BANK4   BANK5
  4266 ;;      Params:         2       0       0       0       0       0       0
  4267 ;;      Locals:         0       0       0       0       0       0       0
  4268 ;;      Temps:          2       0       0       0       0       0       0
  4269 ;;      Totals:         4       0       0       0       0       0       0
  4270 ;;Total ram usage:        4 bytes
  4271 ;; Hardware stack levels used: 1
  4272 ;; This function calls:
  4273 ;;		Nothing
  4274 ;; This function is called by:
  4275 ;;		_can_transmit
  4276 ;; This function uses a non-reentrant model
  4277 ;;
  4278                           
  4279                           	psect	text15
  4280   000B5E                     __ptext15:
  4281                           	callstack 0
  4282   000B5E                     _set_msg_id_std:
  4283                           	callstack 29
  4284   000B5E                     
  4285                           ;can.c: 55:     TXB0SIDL = (id & 0x7) << 5;
  4286   000B5E  C001  F003         	movff	set_msg_id_std@id,??_set_msg_id_std
  4287   000B62  0E07               	movlw	7
  4288   000B64  1603               	andwf	??_set_msg_id_std^0,f,c
  4289   000B66  0E05               	movlw	5
  4290   000B68  6E04               	movwf	(??_set_msg_id_std+1)^0,c
  4291   000B6A                     u365:
  4292   000B6A  90D8               	bcf	status,0,c
  4293   000B6C  3603               	rlcf	??_set_msg_id_std^0,f,c
  4294   000B6E  2E04               	decfsz	(??_set_msg_id_std+1)^0,f,c
  4295   000B70  EFB5  F005         	goto	u365
  4296   000B74  5003               	movf	??_set_msg_id_std^0,w,c
  4297   000B76  010F               	movlb	15	; () banked
  4298   000B78  6F42               	movwf	66,b	;volatile
  4299                           
  4300                           ;can.c: 56:     TXB0SIDH = (id >> 3);
  4301   000B7A  C001  F003         	movff	set_msg_id_std@id,??_set_msg_id_std
  4302   000B7E  C002  F004         	movff	set_msg_id_std@id+1,??_set_msg_id_std+1
  4303   000B82  90D8               	bcf	status,0,c
  4304   000B84  3204               	rrcf	(??_set_msg_id_std+1)^0,f,c
  4305   000B86  3203               	rrcf	??_set_msg_id_std^0,f,c
  4306   000B88  90D8               	bcf	status,0,c
  4307   000B8A  3204               	rrcf	(??_set_msg_id_std+1)^0,f,c
  4308   000B8C  3203               	rrcf	??_set_msg_id_std^0,f,c
  4309   000B8E  90D8               	bcf	status,0,c
  4310   000B90  3204               	rrcf	(??_set_msg_id_std+1)^0,f,c
  4311   000B92  3203               	rrcf	??_set_msg_id_std^0,f,c
  4312   000B94  5003               	movf	??_set_msg_id_std^0,w,c
  4313   000B96  6F41               	movwf	65,b	;volatile
  4314   000B98                     
  4315                           ; BSR set to: 15
  4316   000B98  0012               	return		;funcret
  4317   000B9A                     __end_of_set_msg_id_std:
  4318                           	callstack 0
  4319                           
  4320                           	psect	smallconst
  4321   000600                     __psmallconst:
  4322                           	callstack 0
  4323   000600  00                 	db	0
  4324   000601  00                 	db	0	; dummy byte at the end
  4325   000600                     __smallconst    set	__psmallconst
  4326   000600                     __mediumconst   set	__psmallconst
  4327   000000                     __activetblptr  equ	0
  4328                           
  4329                           	psect	rparam
  4330   000001                     ___rparam_used  equ	1
  4331   000000                     ___param_bank   equ	0
  4332   000000                     __Lparam        equ	__Lrparam
  4333   000000                     __Hparam        equ	__Hrparam
  4334                           
  4335                           	psect	idloc
  4336                           
  4337                           ;Config register IDLOC0 @ 0x200000
  4338                           ;	unspecified, using default values
  4339   200000                     	org	2097152
  4340   200000  FF                 	db	255
  4341                           
  4342                           ;Config register IDLOC1 @ 0x200001
  4343                           ;	unspecified, using default values
  4344   200001                     	org	2097153
  4345   200001  FF                 	db	255
  4346                           
  4347                           ;Config register IDLOC2 @ 0x200002
  4348                           ;	unspecified, using default values
  4349   200002                     	org	2097154
  4350   200002  FF                 	db	255
  4351                           
  4352                           ;Config register IDLOC3 @ 0x200003
  4353                           ;	unspecified, using default values
  4354   200003                     	org	2097155
  4355   200003  FF                 	db	255
  4356                           
  4357                           ;Config register IDLOC4 @ 0x200004
  4358                           ;	unspecified, using default values
  4359   200004                     	org	2097156
  4360   200004  FF                 	db	255
  4361                           
  4362                           ;Config register IDLOC5 @ 0x200005
  4363                           ;	unspecified, using default values
  4364   200005                     	org	2097157
  4365   200005  FF                 	db	255
  4366                           
  4367                           ;Config register IDLOC6 @ 0x200006
  4368                           ;	unspecified, using default values
  4369   200006                     	org	2097158
  4370   200006  FF                 	db	255
  4371                           
  4372                           ;Config register IDLOC7 @ 0x200007
  4373                           ;	unspecified, using default values
  4374   200007                     	org	2097159
  4375   200007  FF                 	db	255
  4376                           
  4377                           	psect	config
  4378                           
  4379                           ; Padding undefined space
  4380   300000                     	org	3145728
  4381   300000  FF                 	db	255
  4382                           
  4383                           ;Config register CONFIG1H @ 0x300001
  4384                           ;	unspecified, using default values
  4385                           ;	Oscillator Selection bits
  4386                           ;	OSC = 0x7, unprogrammed default
  4387                           ;	Fail-Safe Clock Monitor Enable bit
  4388                           ;	FCMEN = 0x0, unprogrammed default
  4389                           ;	Internal/External Oscillator Switchover bit
  4390                           ;	IESO = 0x0, unprogrammed default
  4391   300001                     	org	3145729
  4392   300001  07                 	db	7
  4393                           
  4394                           ;Config register CONFIG2L @ 0x300002
  4395                           ;	unspecified, using default values
  4396                           ;	Power-up Timer Enable bit
  4397                           ;	PWRT = 0x1, unprogrammed default
  4398                           ;	Brown-out Reset Enable bits
  4399                           ;	BOREN = 0x3, unprogrammed default
  4400                           ;	Brown-out Reset Voltage bits
  4401                           ;	BORV = 0x3, unprogrammed default
  4402   300002                     	org	3145730
  4403   300002  1F                 	db	31
  4404                           
  4405                           ;Config register CONFIG2H @ 0x300003
  4406                           ;	unspecified, using default values
  4407                           ;	Watchdog Timer Enable bit
  4408                           ;	WDT = 0x1, unprogrammed default
  4409                           ;	Watchdog Timer Postscale Select bits
  4410                           ;	WDTPS = 0xF, unprogrammed default
  4411   300003                     	org	3145731
  4412   300003  1F                 	db	31
  4413                           
  4414                           ; Padding undefined space
  4415   300004                     	org	3145732
  4416   300004  FF                 	db	255
  4417                           
  4418                           ;Config register CONFIG3H @ 0x300005
  4419                           ;	unspecified, using default values
  4420                           ;	PORTB A/D Enable bit
  4421                           ;	PBADEN = 0x1, unprogrammed default
  4422                           ;	Low-Power Timer 1 Oscillator Enable bit
  4423                           ;	LPT1OSC = 0x0, unprogrammed default
  4424                           ;	MCLR Pin Enable bit
  4425                           ;	MCLRE = 0x1, unprogrammed default
  4426   300005                     	org	3145733
  4427   300005  82                 	db	130
  4428                           
  4429                           ;Config register CONFIG4L @ 0x300006
  4430                           ;	unspecified, using default values
  4431                           ;	Stack Full/Underflow Reset Enable bit
  4432                           ;	STVREN = 0x1, unprogrammed default
  4433                           ;	Single-Supply ICSP Enable bit
  4434                           ;	LVP = 0x1, unprogrammed default
  4435                           ;	Boot Block Size Select bit
  4436                           ;	BBSIZ = 0x0, unprogrammed default
  4437                           ;	Extended Instruction Set Enable bit
  4438                           ;	XINST = 0x0, unprogrammed default
  4439                           ;	Background Debugger Enable bit
  4440                           ;	DEBUG = 0x1, unprogrammed default
  4441   300006                     	org	3145734
  4442   300006  85                 	db	133
  4443                           
  4444                           ; Padding undefined space
  4445   300007                     	org	3145735
  4446   300007  FF                 	db	255
  4447                           
  4448                           ;Config register CONFIG5L @ 0x300008
  4449                           ;	unspecified, using default values
  4450                           ;	Code Protection bit
  4451                           ;	CP0 = 0x1, unprogrammed default
  4452                           ;	Code Protection bit
  4453                           ;	CP1 = 0x1, unprogrammed default
  4454                           ;	Code Protection bit
  4455                           ;	CP2 = 0x1, unprogrammed default
  4456                           ;	Code Protection bit
  4457                           ;	CP3 = 0x1, unprogrammed default
  4458   300008                     	org	3145736
  4459   300008  0F                 	db	15
  4460                           
  4461                           ;Config register CONFIG5H @ 0x300009
  4462                           ;	unspecified, using default values
  4463                           ;	Boot Block Code Protection bit
  4464                           ;	CPB = 0x1, unprogrammed default
  4465                           ;	Data EEPROM Code Protection bit
  4466                           ;	CPD = 0x1, unprogrammed default
  4467   300009                     	org	3145737
  4468   300009  C0                 	db	192
  4469                           
  4470                           ;Config register CONFIG6L @ 0x30000A
  4471                           ;	unspecified, using default values
  4472                           ;	Write Protection bit
  4473                           ;	WRT0 = 0x1, unprogrammed default
  4474                           ;	Write Protection bit
  4475                           ;	WRT1 = 0x1, unprogrammed default
  4476                           ;	Write Protection bit
  4477                           ;	WRT2 = 0x1, unprogrammed default
  4478                           ;	Write Protection bit
  4479                           ;	WRT3 = 0x1, unprogrammed default
  4480   30000A                     	org	3145738
  4481   30000A  0F                 	db	15
  4482                           
  4483                           ;Config register CONFIG6H @ 0x30000B
  4484                           ;	unspecified, using default values
  4485                           ;	Configuration Register Write Protection bit
  4486                           ;	WRTC = 0x1, unprogrammed default
  4487                           ;	Boot Block Write Protection bit
  4488                           ;	WRTB = 0x1, unprogrammed default
  4489                           ;	Data EEPROM Write Protection bit
  4490                           ;	WRTD = 0x1, unprogrammed default
  4491   30000B                     	org	3145739
  4492   30000B  E0                 	db	224
  4493                           
  4494                           ;Config register CONFIG7L @ 0x30000C
  4495                           ;	unspecified, using default values
  4496                           ;	Table Read Protection bit
  4497                           ;	EBTR0 = 0x1, unprogrammed default
  4498                           ;	Table Read Protection bit
  4499                           ;	EBTR1 = 0x1, unprogrammed default
  4500                           ;	Table Read Protection bit
  4501                           ;	EBTR2 = 0x1, unprogrammed default
  4502                           ;	Table Read Protection bit
  4503                           ;	EBTR3 = 0x1, unprogrammed default
  4504   30000C                     	org	3145740
  4505   30000C  0F                 	db	15
  4506                           
  4507                           ;Config register CONFIG7H @ 0x30000D
  4508                           ;	unspecified, using default values
  4509                           ;	Boot Block Table Read Protection bit
  4510                           ;	EBTRB = 0x1, unprogrammed default
  4511   30000D                     	org	3145741
  4512   30000D  40                 	db	64
  4513                           tosu	equ	0xFFF
  4514                           tosh	equ	0xFFE
  4515                           tosl	equ	0xFFD
  4516                           stkptr	equ	0xFFC
  4517                           pclatu	equ	0xFFB
  4518                           pclath	equ	0xFFA
  4519                           pcl	equ	0xFF9
  4520                           tblptru	equ	0xFF8
  4521                           tblptrh	equ	0xFF7
  4522                           tblptrl	equ	0xFF6
  4523                           tablat	equ	0xFF5
  4524                           prodh	equ	0xFF4
  4525                           prodl	equ	0xFF3
  4526                           indf0	equ	0xFEF
  4527                           postinc0	equ	0xFEE
  4528                           postdec0	equ	0xFED
  4529                           preinc0	equ	0xFEC
  4530                           plusw0	equ	0xFEB
  4531                           fsr0h	equ	0xFEA
  4532                           fsr0l	equ	0xFE9
  4533                           wreg	equ	0xFE8
  4534                           indf1	equ	0xFE7
  4535                           postinc1	equ	0xFE6
  4536                           postdec1	equ	0xFE5
  4537                           preinc1	equ	0xFE4
  4538                           plusw1	equ	0xFE3
  4539                           fsr1h	equ	0xFE2
  4540                           fsr1l	equ	0xFE1
  4541                           bsr	equ	0xFE0
  4542                           indf2	equ	0xFDF
  4543                           postinc2	equ	0xFDE
  4544                           postdec2	equ	0xFDD
  4545                           preinc2	equ	0xFDC
  4546                           plusw2	equ	0xFDB
  4547                           fsr2h	equ	0xFDA
  4548                           fsr2l	equ	0xFD9
  4549                           status	equ	0xFD8

Data Sizes:
    Strings     0
    Constant    0
    Data        9
    BSS         1
    Persistent  0
    Stack       0

Auto Spaces:
    Space          Size  Autos    Used
    COMRAM           95     39      49
    BANK0           160      0       0
    BANK1           256      0       0
    BANK2           256      0       0
    BANK3           256      0       0
    BANK4           256      0       0
    BANK5           256      0       0

Pointer List with Targets:

    can_transmit@data	PTR const unsigned char  size(1) Largest target is 3
		 -> main@gear(COMRAM[1]), main@speed_str(COMRAM[3]), 

    can_transmit@ptr	PTR unsigned char  size(2) Largest target is 1
		 -> TXB0D0(SFR_2[1]), 

    convert_speed@buffer	PTR unsigned char  size(1) Largest target is 3
		 -> main@speed_str(COMRAM[3]), 


Critical Paths under _main in COMRAM

    _main->_get_speed
    _get_speed->___lldiv
    ___lldiv->___lmul
    _get_gear_pos->_read_digital_keypad
    _convert_speed->___lwdiv
    _can_transmit->_set_msg_id_std

Critical Paths under _main in BANK0

    None.

Critical Paths under _main in BANK1

    None.

Critical Paths under _main in BANK2

    None.

Critical Paths under _main in BANK3

    None.

Critical Paths under _main in BANK4

    None.

Critical Paths under _main in BANK5

    None.

Call Graph Tables:

 ---------------------------------------------------------------------------------
 (Depth) Function   	        Calls       Base Space   Used Autos Params    Refs
 ---------------------------------------------------------------------------------
 (0) _main                                                 8     8      0    1271
                                             31 COMRAM     8     8      0
                       _can_transmit
                             _config
                      _convert_speed
                       _get_gear_pos
                          _get_speed
 ---------------------------------------------------------------------------------
 (1) _get_speed                                            6     4      2     356
                                             25 COMRAM     6     4      2
                            ___lldiv
                             ___lmul
                           _read_adc
 ---------------------------------------------------------------------------------
 (2) _read_adc                                             7     5      2      52
                                              0 COMRAM     7     5      2
 ---------------------------------------------------------------------------------
 (2) ___lmul                                              12     4      8      94
                                              0 COMRAM    12     4      8
 ---------------------------------------------------------------------------------
 (2) ___lldiv                                             13     5      8     164
                                             12 COMRAM    13     5      8
                             ___lmul (ARG)
 ---------------------------------------------------------------------------------
 (1) _get_gear_pos                                         1     1      0     105
                                              1 COMRAM     1     1      0
                _read_digital_keypad
 ---------------------------------------------------------------------------------
 (2) _read_digital_keypad                                  1     1      0      30
                                              0 COMRAM     1     1      0
 ---------------------------------------------------------------------------------
 (1) _convert_speed                                        5     2      3     484
                                              7 COMRAM     5     2      3
                            ___lwdiv
                            ___lwmod
 ---------------------------------------------------------------------------------
 (2) ___lwmod                                              5     1      4     161
                                              0 COMRAM     5     1      4
 ---------------------------------------------------------------------------------
 (2) ___lwdiv                                              7     3      4     164
                                              0 COMRAM     7     3      4
 ---------------------------------------------------------------------------------
 (1) _config                                               0     0      0       0
                           _init_adc
                           _init_can
                _init_digital_keypad
 ---------------------------------------------------------------------------------
 (2) _init_digital_keypad                                  0     0      0       0
 ---------------------------------------------------------------------------------
 (2) _init_can                                             0     0      0       0
 ---------------------------------------------------------------------------------
 (2) _init_adc                                             0     0      0       0
 ---------------------------------------------------------------------------------
 (1) _can_transmit                                        11     7      4     230
                                              4 COMRAM    11     7      4
                     _set_msg_id_std
 ---------------------------------------------------------------------------------
 (2) _set_msg_id_std                                       4     2      2      45
                                              0 COMRAM     4     2      2
 ---------------------------------------------------------------------------------
 Estimated maximum stack depth 2
 ---------------------------------------------------------------------------------

 Call Graph Graphs:

 _main (ROOT)
   _can_transmit
     _set_msg_id_std
   _config
     _init_adc
     _init_can
     _init_digital_keypad
   _convert_speed
     ___lwdiv
     ___lwmod
   _get_gear_pos
     _read_digital_keypad
   _get_speed
     ___lldiv
       ___lmul (ARG)
     ___lmul
     _read_adc

Address spaces:
Name               Size   Autos  Total    Usage
BIGRAM            1535      0       0      0.0%
BITBIGSFRllh       410      0       0      0.0%
BITBANK5           256      0       0      0.0%
BANK5              256      0       0      0.0%
BITBANK4           256      0       0      0.0%
BANK4              256      0       0      0.0%
BITBANK3           256      0       0      0.0%
BANK3              256      0       0      0.0%
BITBANK2           256      0       0      0.0%
BANK2              256      0       0      0.0%
BITBANK1           256      0       0      0.0%
BANK1              256      0       0      0.0%
BITBIGSFRlll       212      0       0      0.0%
BITBANK0           160      0       0      0.0%
BANK0              160      0       0      0.0%
BITCOMRAM           95      0       0      0.0%
COMRAM              95     39      49     51.6%
BITBIGSFRh          82      0       0      0.0%
BITBIGSFRlh         61      0       0      0.0%
STACK                0      0       0      0.0%
DATA                 0      0      49      0.0%


Microchip Technology PIC18 Macro Assembler V3.10 build 20250813170317 
Symbol Table                                                                                   Thu Jul  9 17:59:54 2026

                               l33 0BDC                                 l36 0AF4  
                               l39 0B20                                 l92 0B3E  
                               l93 0B5C                                 _GO 7E11  
                               l99 0B98                                 u20 0B3E  
                               u21 0B3A                                 u40 086A  
                               u41 0866                                 u50 087E  
                               u51 087A                                 u60 088E  
                               u61 088A                                 u70 08AC  
                               u71 08A8                                 u80 08C4  
                               u81 08C0                                l104 09A6  
                              l120 0BFC                                l105 09AA  
                              l127 08CA                                l153 0ADA  
                              l170 0856                                l148 0BEA  
                              l252 0A04                                l253 0A14  
                              l158 076A                                l176 06C0  
                              l275 0764                                l268 0754  
                              l842 0934                                l852 0A70  
                              l849 093C                                l859 0A78  
                              u220 061C                                u221 0618  
                              u230 063C                                u231 0638  
                              u240 064E                                u400 070A  
                              u241 064A                                u401 0706  
                              u250 0668                                u410 0732  
                              u251 0664                                u411 072E  
                              u420 08E4                                u260 0678  
                              u421 08E0                                u261 0674  
                              u430 0902                                u270 0690  
                              u350 0B02                                u431 08FE  
                              u271 068C                                u351 0AFE  
                              u440 091E                                u280 06A0  
                              u441 091A                                u281 069C  
                              u450 0A28                                u290 06B8  
                              u370 09CA                                u451 0A24  
                              u291 06B4                                u371 09C6  
                              u507 07A2                                u460 0A46  
                              u380 0A04                                u365 0B6A  
                              u461 0A42                                u381 0A00  
                              u517 07D0                                u470 0A5C  
                              u390 06E8                                u471 0A58  
                              u391 06E4                                u480 09A6  
                              u481 09A2                                u490 0ACE  
                              u491 0ACA                                _RX9 7D5E  
                              _TX9 7D66                                wreg 0FE8  
                   ??_get_gear_pos 0002                               l1024 0BC2  
                             l1040 0B2A                               l1050 0B54  
                             l1042 0B2C                               l1052 0B56  
                             l1044 0B40                               l1036 0B22  
                             l1060 0BF6                               l1212 062A  
                             l1204 0602                               l1054 0B58  
                             l1046 0B4C                               l1038 0B26  
                             l1070 0890                               l1062 085A  
                             l1230 0690                               l1214 063C  
                             l1222 0656                               l1206 060A  
                             l1400 0954                               l1056 0B5A  
                             l1048 0B50                               l1064 086A  
                             l1080 08B4                               l1232 06A0  
                             l1224 0668                               l1216 064E  
                             l1208 061C                               l1312 0ADE  
                             l1322 0B5E                               l1402 095C  
                             l1410 0A7A                               l1066 087E  
                             l1234 06A6                               l1226 0678  
                             l1218 0650                               l1330 09DA  
                             l1314 0AF2                               l1404 0966  
                             l1180 0BE6                               l1420 0ABA  
                             l1068 088E                               l1076 0898  
                             l1236 06B8                               l1228 067E  
                             l1340 06F0                               l1332 09E4  
                             l1324 09AC                               l1316 0B02  
                             l1406 097E                               l1422 0AC0  
                             l1078 08AC                               l1086 08C8  
                             l1350 0742                               l1342 06FC  
                             l1334 06C2                               l1326 09BC  
                             l1318 0B18                               l1408 0982  
                             l1176 0BDE                               l1360 08E4  
                             l1424 0ACE                               l1416 0A80  
                             l1352 0744                               l1344 070A  
                             l1336 06D2                               l1328 09CA  
                             l1440 07AE                               l1432 0766  
            ??_read_digital_keypad 0001                               l1178 0BE2  
                             l1370 091E                               l1362 08EC  
                             l1418 0AA0                               l1354 074E  
                             l1346 0714                               l1338 06E8  
                             l1426 07E4                               l1442 07B4  
                             l1434 0776                               l1372 0926  
                             l1364 08F4                               l1356 08CC  
                             l1380 0A28                               l1348 0732  
                             l1428 084E                               l1444 07C6  
                             l1436 0786                               l1374 0928  
                             l1366 0902                               l1358 08D2  
                             l1390 0A64                               l1382 0A30  
                             l1438 0798                               l1376 092E  
                             l1368 0908                               l1392 0A6A  
                             l1384 0A38                               l1394 093E  
                             l1386 0A46                               l1378 0A16  
                             l1396 0944                               l1388 0A5C  
                             l1398 0950                               _ADFM 7E07  
                             _ADON 7E10                               _BRGH 7D62  
                             _CREN 7D5C                               _RCIF 7CF5  
                             _SPEN 7D5F                               _TXEN 7D65  
                             _TXIF 7CF4                               _SYNC 7D64  
                             _main 0766                               fsr2h 0FDA  
                             indf1 0FE7                               indf2 0FDF  
                             fsr1l 0FE1                               fsr2l 0FD9  
                             start 2FFC                       ___param_bank 0000  
                            _ADCS0 7E00                              _ADCS1 7E01  
                            _ADCS2 7E02                              ?_main 0001  
                            _ACQT0 7E03                              _ACQT1 7E04  
                            _ACQT2 7E05                      _convert_speed 0A7A  
                            _BRG16 7DC3                    __end_of___lldiv 0766  
                  __end_of___lwdiv 093E                    __end_of___lwmod 0A7A  
                            _VCFG0 7E0C                              _VCFG1 7E0D  
                            _RCREG 0FAE                              _SENDB 7D63  
                            _SPBRG 0FAF                              _PORTC 0F82  
                            _TRISC 0F94                              _TXREG 0FAD  
              ___lmul@multiplicand 0005                              tablat 0FF5  
                            status 0FD8                    __initialization 0B9A  
                     __end_of_main 07E4                     ?_convert_speed 0008  
                           ??_main 0020                      __activetblptr 0000  
                           _ADCON0 0FC2                             _CANCON 0F6F  
                           _ADRESH 0FC4                             _ADRESL 0FC3  
                           _GODONE 7E11                             _RXB0D0 0F66  
                           _RXB0IF 7D20                             _TXB0D0 0F46  
                           _TRISB2 7C9A                             _TRISB3 7C9B  
                           _TRISC6 7CA6                             _TRISC7 7CA7  
      __end_of_init_digital_keypad 0BFE                             ___lmul 09AC  
               convert_speed@speed 0008                          ??___lldiv 0015  
                    can_transmit@i 000E                          ??___lwdiv 0005  
                        ??___lwmod 0005                             _config 0BDE  
             __end_of_get_gear_pos 06C2                   __end_of_init_adc 0BDE  
                 __end_of_init_can 0B5E                   __end_of_read_adc 0B22  
                           isa$std 0001                    get_gear_pos@key 0002  
                    main@speed_str 0022                       __pdataCOMRAM 0028  
                     __mediumconst 0600                             tblptrh 0FF7  
                           tblptrl 0FF6                             tblptru 0FF8  
                     _can_transmit 093E                         __accesstop 0060  
          __end_of__initialization 0BBC                      ___rparam_used 0001  
                   __pcstackCOMRAM 0001                   set_msg_id_std@id 0001  
                  ??_convert_speed 000B                            ?___lmul 0001  
                          ?_config 0001                            _ECANCON 0F77  
                   ___lmul@product 0009                            _CANSTAT 0F6E  
                          _BRGCON1 0F70                            _BRGCON2 0F71  
                          _BRGCON3 0F72        __end_of_read_digital_keypad 08CC  
                          _RXB0DLC 0F65                            _RXB0CON 0F60  
                          _RXB0FUL 7B07                            _TXB0DLC 0F45  
                          _TXB0REQ 7A03                            _RXFCON0 0DD4  
                   get_speed@speed 001C                          ?_init_adc 0001  
                        ?_init_can 0001                          ?_read_adc 0001  
                          __Hparam 0000                            __Lparam 0000  
              convert_speed@buffer 000A                  __end_of_get_speed 0858  
                          ___lldiv 06C2                            ___lwdiv 08CC  
                          ___lwmod 0A16                       __psmallconst 0600  
                          __pcinit 0B9A                            __ramtop 0600  
                          __ptext0 0766                            __ptext1 07E4  
                          __ptext2 0ADC                            __ptext3 09AC  
                          __ptext4 06C2                            __ptext5 0602  
                          __ptext6 0858                            __ptext7 0A7A  
                          __ptext8 0A16                            __ptext9 08CC  
                 get_gear_pos@gear 0031               end_of_initialization 0BBC  
                     _get_gear_pos 0602                         ??_init_adc 0001  
                       ??_init_can 0001                         ??_read_adc 0003  
                  ___lldiv@divisor 0011                    ___lldiv@counter 0019  
                          postdec1 0FE5                            postinc0 0FEE  
                  read_adc@channel 0007                    read_adc@reg_val 0005  
                   _set_msg_id_std 0B5E                     __end_of___lmul 0A16  
                    __pidataCOMRAM 0BEC                     __end_of_config 0BEC  
              start_initialization 0B9A             __end_of_set_msg_id_std 0B9A  
                         ??___lmul 0009                           ??_config 0001  
            __end_of_convert_speed 0ADC                        __pbssCOMRAM 0031  
                  ?_set_msg_id_std 0001                   ___lwdiv@dividend 0001  
                 can_transmit@data 0007                           ?___lldiv 000D  
                         ?___lwdiv 0001                           ?___lwmod 0001  
                        _get_speed 07E4                        __smallconst 0600  
               can_transmit@msg_id 0005                   ___lwdiv@quotient 0005  
                         _RXB0SIDH 0F61                           _RXB0SIDL 0F62  
                         _TXB0EIDH 0F43                           _TXB0EIDL 0F44  
                         _TXB0SIDH 0F41                           _TXB0SIDL 0F42  
                       ?_get_speed 001A  read_digital_keypad@detection_type 0001  
                        main@speed 0025                      ?_can_transmit 0005  
                ___lmul@multiplier 0001                          copy_data0 0BAE  
              _init_digital_keypad 0BF6                           __Hrparam 0000  
                         __Lrparam 0000               ?_init_digital_keypad 0001  
                   ??_can_transmit 0009                    ___lwdiv@divisor 0003  
                         _gear_pos 0028                    ___lwdiv@counter 0007  
                         __ptext10 0BDE                           __ptext11 0BF6  
                         __ptext12 0B22                           __ptext13 0BC2  
                         __ptext14 093E                           __ptext15 0B5E  
                  can_transmit@len 0008                    can_transmit@ptr 000C  
                         _init_adc 0BC2                           _init_can 0B22  
                         _read_adc 0ADC            read_digital_keypad@once 0030  
                         isa$xinst 0000              ??_init_digital_keypad 0001  
                         main@gear 0027                        ??_get_speed 001C  
                   convert_speed@i 000B                        _RXB0CONbits 0F60  
                 ??_set_msg_id_std 0003                   ___lwmod@dividend 0001  
                 ___lldiv@dividend 000D                _read_digital_keypad 0858  
                 ___lldiv@quotient 0015                    ___lwmod@divisor 0003  
                  ___lwmod@counter 0005                      ?_get_gear_pos 0001  
             ?_read_digital_keypad 0001               __end_of_can_transmit 09AC  
